Date,Time,Open,High,Low,Close,Vol
02/07/1997,16:00,115.5,134.29,110.25,129.5,2095000.0
02/10/1997,16:00,129.5,129.5,118.12,120.75,601800.0
02/11/1997,16:00,120.75,126.87,114.62,114.62,190900.0
02/12/1997,16:00,115.5,123.37,114.62,121.16,149300.0
02/13/1997,16:00,124.25,140.87,121.62,137.37,201000.0
02/14/1997,16:00,138.25,141.75,133.87,134.75,94200.0
02/18/1997,16:00,136.5,136.5,123.37,127.75,127800.0
02/19/1997,16:00,127.75,127.75,116.79,116.79,76900.0
02/20/1997,16:00,117.25,132.12,117.25,124.25,156200.0
02/21/1997,16:00,128.17,137.37,125.12,128.62,144600.0
02/24/1997,16:00,130.37,141.75,128.62,140.0,140500.0
02/25/1997,16:00,143.04,152.25,140.87,149.62,194200.0
02/26/1997,16:00,152.25,154.0,140.87,148.75,208200.0
02/27/1997,16:00,147.0,148.75,133.0,135.62,85300.0
02/28/1997,16:00,133.0,138.25,125.12,137.37,220900.0
03/03/1997,16:00,136.5,137.79,132.33,135.62,103000.0
03/04/1997,16:00,137.37,138.25,131.25,133.0,79600.0
03/05/1997,16:00,132.54,143.5,132.54,141.75,177900.0
03/06/1997,16:00,143.5,143.5,140.0,140.87,61400.0
03/07/1997,16:00,140.87,147.0,140.87,143.5,67700.0
03/10/1997,16:00,144.37,144.37,133.87,141.29,131300.0
03/11/1997,16:00,140.0,140.0,131.25,131.25,89300.0
03/12/1997,16:00,131.25,131.67,122.04,126.87,111800.0
03/13/1997,16:00,125.54,131.25,122.5,124.25,77800.0
03/14/1997,16:00,126.0,128.62,121.62,122.5,39400.0
03/17/1997,16:00,121.62,122.91,112.0,114.62,82900.0
03/18/1997,16:00,114.62,117.25,109.37,109.79,71600.0
03/19/1997,16:00,109.79,109.79,94.92,101.92,223700.0
03/20/1997,16:00,101.92,103.67,96.67,98.0,104200.0
03/21/1997,16:00,105.87,107.62,102.37,107.62,93300.0
03/24/1997,16:00,108.04,116.79,105.87,110.67,90200.0
03/25/1997,16:00,111.12,112.87,105.0,107.62,158200.0
03/26/1997,16:00,107.62,115.91,107.62,108.71,134300.0
03/27/1997,16:00,110.25,110.25,100.62,101.71,106200.0
03/31/1997,16:00,102.37,102.37,98.66,99.54,143900.0
04/01/1997,16:00,98.0,105.0,98.0,104.12,57200.0
04/02/1997,16:00,110.25,112.0,108.04,109.37,118600.0
04/03/1997,16:00,109.79,117.25,108.5,112.87,122300.0
04/04/1997,16:00,113.29,129.5,112.41,128.17,200400.0
04/07/1997,16:00,129.5,134.75,124.25,124.66,120500.0
04/08/1997,16:00,123.37,125.12,114.62,118.54,83300.0
04/09/1997,16:00,121.62,126.87,120.75,123.58,120600.0
04/10/1997,16:00,122.91,124.25,115.5,116.37,54100.0
04/11/1997,16:00,113.75,113.75,104.12,105.0,179100.0
04/14/1997,16:00,105.0,105.0,99.75,101.29,172200.0
04/15/1997,16:00,104.12,110.25,97.12,97.54,225000.0
04/16/1997,16:00,98.87,98.87,86.62,87.5,245400.0
04/17/1997,16:00,87.5,93.17,83.54,85.29,237600.0
04/18/1997,16:00,86.17,92.75,85.75,89.91,100600.0
04/21/1997,16:00,91.42,95.37,86.17,87.5,89300.0
04/22/1997,16:00,87.5,91.87,79.62,83.54,207600.0
04/23/1997,16:00,84.87,84.87,77.87,78.75,145600.0
04/24/1997,16:00,78.29,85.29,78.29,81.58,226200.0
04/25/1997,16:00,82.25,85.75,80.5,83.54,71000.0
04/28/1997,16:00,82.25,90.54,82.25,87.5,59200.0
04/29/1997,16:00,91.87,91.87,84.87,87.5,273000.0
04/30/1997,16:00,88.37,110.25,87.04,109.37,441000.0
05/01/1997,16:00,109.48,113.29,100.17,101.5,309300.0
05/02/1997,16:00,104.12,106.75,100.62,105.87,136600.0
05/05/1997,16:00,107.62,111.12,100.62,102.79,241100.0
05/06/1997,16:00,103.25,121.16,99.75,115.5,457800.0
05/07/1997,16:00,115.91,119.87,110.25,116.37,166400.0
05/08/1997,16:00,115.91,126.87,112.87,115.04,176000.0
05/09/1997,16:00,118.12,119.87,110.25,112.87,153800.0
05/12/1997,16:00,115.04,119.87,113.29,119.0,96900.0
05/13/1997,16:00,119.0,122.5,118.12,121.16,131000.0
05/14/1997,16:00,120.75,125.12,118.12,120.53,100100.0
05/15/1997,16:00,121.62,122.91,116.79,122.91,105500.0
05/16/1997,16:00,122.5,123.79,119.0,119.0,32300.0
05/19/1997,16:00,119.87,123.37,118.12,122.5,65100.0
05/20/1997,16:00,123.37,130.37,122.91,129.04,164900.0
05/21/1997,16:00,133.0,140.87,130.37,140.42,292500.0
05/22/1997,16:00,142.62,147.87,133.0,136.04,190900.0
05/23/1997,16:00,150.04,163.62,145.25,161.0,961400.0
05/27/1997,16:00,157.5,160.12,142.62,147.87,2239400.0
05/28/1997,16:00,147.87,158.37,147.0,156.17,727800.0
05/29/1997,16:00,157.5,164.5,156.62,158.79,478500.0
05/30/1997,16:00,152.25,164.29,149.62,163.62,481500.0
06/02/1997,16:00,163.62,166.67,161.42,165.37,293200.0
06/03/1997,16:00,157.04,165.79,155.75,158.79,490900.0
06/04/1997,16:00,160.12,164.04,154.0,161.87,283900.0
06/05/1997,16:00,162.75,164.04,158.37,163.17,160800.0
06/06/1997,16:00,162.29,182.0,161.87,177.41,490700.0
06/09/1997,16:00,177.17,177.17,166.25,173.91,226200.0
06/10/1997,16:00,179.37,189.0,176.29,180.25,350200.0
06/11/1997,16:00,175.0,175.87,162.75,166.67,384600.0
06/12/1997,16:00,169.75,169.75,159.25,161.66,161200.0
06/13/1997,16:00,162.29,166.25,155.75,165.37,174600.0
06/16/1997,16:00,166.25,167.12,148.75,151.37,253000.0
06/17/1997,16:00,151.37,164.5,147.0,159.67,265200.0
06/18/1997,16:00,159.25,167.79,153.12,166.67,212600.0
06/19/1997,16:00,167.12,167.12,159.25,166.25,263000.0
06/20/1997,16:00,168.0,176.75,163.62,176.29,321300.0
06/23/1997,16:00,175.0,183.75,172.37,176.96,214200.0
06/24/1997,16:00,180.25,181.12,171.5,175.0,173100.0
06/25/1997,16:00,174.12,175.42,168.42,172.79,124100.0
06/26/1997,16:00,171.5,172.37,159.25,160.12,253600.0
06/27/1997,16:00,163.17,163.62,156.62,157.92,121200.0
06/30/1997,16:00,158.37,164.92,152.67,164.92,578500.0
07/01/1997,16:00,161.42,163.62,157.5,158.37,230300.0
07/02/1997,16:00,157.5,160.12,155.75,158.16,1424000.0
07/03/1997,16:00,158.37,164.92,157.5,161.66,370500.0
07/07/1997,16:00,164.5,167.54,162.29,166.04,580300.0
07/08/1997,16:00,166.25,167.12,162.75,166.25,209700.0
07/09/1997,16:00,171.5,179.37,169.29,174.33,727800.0
07/10/1997,16:00,172.37,179.79,171.04,177.17,355300.0
07/11/1997,16:00,175.87,186.37,175.87,185.92,306600.0
07/14/1997,16:00,186.37,190.75,180.25,185.29,333300.0
07/15/1997,16:00,185.5,185.5,177.62,180.91,213200.0
07/16/1997,16:00,184.62,196.42,182.42,194.25,305400.0
07/17/1997,16:00,194.67,195.12,185.92,189.87,301400.0
07/18/1997,16:00,189.87,189.87,174.54,179.79,395600.0
07/21/1997,16:00,179.79,179.79,168.87,171.5,267000.0
07/22/1997,16:00,171.5,179.79,171.5,177.17,281800.0
07/23/1997,16:00,177.62,182.0,172.37,181.12,336400.0
07/24/1997,16:00,189.87,196.0,185.04,196.0,742600.0
07/25/1997,16:00,197.29,200.37,190.75,192.5,286000.0
07/28/1997,16:00,192.04,192.5,186.37,190.29,200600.0
07/29/1997,16:00,189.0,195.12,186.37,189.87,137600.0
07/30/1997,16:00,190.75,194.25,189.0,189.87,153800.0
07/31/1997,16:00,191.17,196.42,185.92,196.42,138800.0
08/01/1997,16:00,196.0,206.5,193.79,202.44,312300.0
08/04/1997,16:00,199.5,202.12,192.5,193.37,356800.0
08/05/1997,16:00,192.92,203.0,190.75,202.54,401300.0
08/06/1997,16:00,203.0,205.17,185.04,189.66,698000.0
08/07/1997,16:00,170.62,182.42,170.62,172.79,3801900.0
08/08/1997,16:00,170.62,175.0,166.25,172.79,1227000.0
08/11/1997,16:00,173.25,174.12,164.5,173.25,843400.0
08/12/1997,16:00,173.67,175.21,168.87,170.17,348000.0
08/13/1997,16:00,173.25,173.25,163.17,164.04,324300.0
08/14/1997,16:00,164.5,166.25,159.25,161.66,711700.0
08/15/1997,16:00,159.25,160.12,152.67,156.62,576400.0
08/18/1997,16:00,158.37,165.37,157.5,164.71,527400.0
08/19/1997,16:00,168.0,175.42,165.79,175.42,1258600.0
08/20/1997,16:00,176.29,179.79,173.25,175.21,859000.0
08/21/1997,16:00,172.37,185.04,171.92,182.87,1390100.0
08/22/1997,16:00,177.62,182.42,176.75,182.0,481400.0
08/25/1997,16:00,179.79,182.0,175.42,176.96,440200.0
08/26/1997,16:00,175.0,176.75,168.42,168.76,297900.0
08/27/1997,16:00,170.62,171.5,162.29,164.29,409500.0
08/28/1997,16:00,163.62,166.25,161.42,163.83,287700.0
08/29/1997,16:00,163.62,170.17,161.0,167.12,281600.0
09/02/1997,16:00,168.42,175.87,168.42,174.33,232500.0
09/03/1997,16:00,174.12,175.42,170.62,172.37,304700.0
09/04/1997,16:00,172.37,177.17,170.62,172.37,384600.0
09/05/1997,16:00,175.0,178.92,174.12,175.42,426600.0
09/08/1997,16:00,175.42,175.42,167.12,167.12,554400.0
09/09/1997,16:00,166.25,169.29,165.79,168.87,559400.0
09/10/1997,16:00,170.62,174.12,170.17,171.18,389800.0
09/11/1997,16:00,171.29,174.12,169.75,173.91,350300.0
09/12/1997,16:00,175.0,175.42,172.37,173.91,327600.0
09/15/1997,16:00,173.91,174.79,165.37,166.04,354300.0
09/16/1997,16:00,168.0,168.0,157.5,162.29,609200.0
09/17/1997,16:00,162.29,170.62,152.25,168.87,826800.0
09/18/1997,16:00,170.62,170.62,161.87,163.62,507100.0
09/19/1997,16:00,164.5,169.29,164.04,168.0,351300.0
09/22/1997,16:00,170.17,170.17,165.79,167.12,473000.0
09/23/1997,16:00,164.5,168.87,161.0,168.42,569500.0
09/24/1997,16:00,169.75,169.75,163.41,166.25,409600.0
09/25/1997,16:00,166.67,166.67,161.21,162.96,253200.0
09/26/1997,16:00,163.62,164.04,157.04,157.5,499700.0
09/29/1997,16:00,156.17,163.62,150.5,162.75,1283900.0
09/30/1997,16:00,161.87,174.54,161.42,173.35,972800.0
10/01/1997,16:00,178.04,188.12,175.66,185.04,2064700.0
10/02/1997,16:00,185.29,194.67,180.67,193.69,1258900.0
10/03/1997,16:00,197.29,198.41,188.54,194.25,658300.0
10/06/1997,16:00,196.0,196.0,189.87,192.5,378800.0
10/07/1997,16:00,192.92,198.62,191.62,195.68,755000.0
10/08/1997,16:00,196.42,198.41,193.58,196.42,491300.0
10/09/1997,16:00,195.12,212.17,194.25,206.5,1104800.0
10/10/1997,16:00,206.04,207.37,204.75,206.04,434500.0
10/13/1997,16:00,206.92,207.79,200.79,202.12,435200.0
10/14/1997,16:00,203.42,203.42,191.83,195.54,535200.0
10/15/1997,16:00,192.5,200.37,191.62,197.96,443200.0
10/16/1997,16:00,202.54,208.25,202.54,206.29,1284600.0
10/17/1997,16:00,205.62,207.79,194.67,201.67,839500.0
10/20/1997,16:00,203.42,204.75,196.87,203.42,501600.0
10/21/1997,16:00,203.87,207.37,201.25,206.92,649200.0
10/22/1997,16:00,208.04,222.67,202.33,217.0,770300.0
10/23/1997,16:00,209.54,218.75,206.5,213.29,922200.0
10/24/1997,16:00,215.67,218.29,198.62,202.12,628400.0
10/27/1997,16:00,197.75,201.67,180.67,180.67,752800.0
10/28/1997,16:00,168.42,195.54,166.25,192.92,1226400.0
10/29/1997,16:00,196.0,196.87,185.5,192.04,494400.0
10/30/1997,16:00,182.42,190.29,181.12,185.04,394100.0
10/31/1997,16:00,189.0,197.75,186.37,192.5,704500.0
11/03/1997,16:00,196.0,199.92,195.12,199.71,380300.0
11/04/1997,16:00,199.04,201.67,193.58,200.37,539800.0
11/05/1997,16:00,206.92,208.67,203.87,206.92,566300.0
11/06/1997,16:00,206.92,214.79,206.92,212.17,447400.0
11/07/1997,16:00,204.29,215.67,201.67,214.58,342200.0
11/10/1997,16:00,217.0,217.0,203.0,203.21,405200.0
11/11/1997,16:00,204.29,204.29,193.37,196.42,349200.0
11/12/1997,16:00,194.25,198.62,187.67,189.42,373900.0
11/13/1997,16:00,194.25,195.12,180.67,194.67,459800.0
11/14/1997,16:00,197.75,208.67,197.75,206.5,405100.0
11/17/1997,16:00,210.0,210.42,207.37,207.37,504500.0
11/18/1997,16:00,206.92,207.79,201.25,201.91,293900.0
11/19/1997,16:00,200.37,202.12,195.79,198.83,260400.0
11/20/1997,16:00,201.25,203.42,198.17,199.29,322200.0
11/21/1997,16:00,200.37,200.79,191.17,192.71,351700.0
11/24/1997,16:00,191.62,194.25,178.04,181.33,597100.0
11/25/1997,16:00,186.37,191.62,183.29,189.0,478800.0
11/26/1997,16:00,192.5,193.79,188.54,190.75,217400.0
11/28/1997,16:00,192.5,192.5,185.5,189.0,73300.0
12/01/1997,16:00,192.92,199.04,191.17,196.42,390400.0
12/02/1997,16:00,195.54,198.17,192.04,195.54,243900.0
12/03/1997,16:00,193.79,196.87,189.0,195.12,404800.0
12/04/1997,16:00,196.0,198.62,192.04,197.75,283100.0
12/05/1997,16:00,196.0,208.25,195.12,207.37,572400.0
12/08/1997,16:00,206.04,210.87,203.66,210.42,620400.0
12/09/1997,16:00,210.42,210.42,197.29,202.12,570800.0
12/10/1997,16:00,200.79,202.54,183.75,192.5,899900.0
12/11/1997,16:00,190.29,200.79,189.0,197.75,1069600.0
12/12/1997,16:00,202.12,202.12,192.92,194.25,453400.0
12/15/1997,16:00,196.87,197.29,186.37,196.21,545900.0
12/16/1997,16:00,198.17,204.29,195.12,202.12,680400.0
12/17/1997,16:00,203.0,207.58,201.67,203.87,437700.0
12/18/1997,16:00,204.75,206.92,191.62,199.29,488200.0
12/19/1997,16:00,196.42,202.12,190.75,200.37,492900.0
12/22/1997,16:00,200.37,207.37,199.5,206.04,480000.0
12/23/1997,16:00,205.62,206.29,200.79,201.46,205200.0
12/24/1997,16:00,203.42,203.42,197.75,199.04,75400.0
12/26/1997,16:00,199.5,203.87,198.17,203.21,67900.0
12/29/1997,16:00,206.5,213.92,203.0,213.92,582700.0
12/30/1997,16:00,214.16,216.12,208.67,213.04,484200.0
12/31/1997,16:00,211.75,216.33,209.54,213.92,285000.0
01/02/1998,16:00,216.54,217.0,210.42,215.25,200400.0
01/05/1998,16:00,216.12,222.46,213.5,214.37,642400.0
01/06/1998,16:00,210.42,213.92,209.79,212.62,355400.0
01/07/1998,16:00,211.75,211.75,205.17,210.0,353200.0
01/08/1998,16:00,208.25,213.92,206.92,211.08,315400.0
01/09/1998,16:00,210.42,210.87,199.5,201.67,511100.0
01/12/1998,16:00,193.79,206.04,192.92,201.91,456300.0
01/13/1998,16:00,203.42,213.5,203.42,210.66,468400.0
01/14/1998,16:00,211.29,216.54,208.25,215.04,323400.0
01/15/1998,16:00,214.37,215.67,207.37,207.58,459400.0
01/16/1998,16:00,212.17,213.04,208.67,210.21,274200.0
01/20/1998,16:00,211.29,216.54,210.42,215.67,682700.0
01/21/1998,16:00,214.37,215.25,206.71,209.33,479800.0
01/22/1998,16:00,207.79,213.04,206.92,212.17,286400.0
01/23/1998,16:00,212.17,213.5,204.75,206.04,322000.0
01/26/1998,16:00,206.04,206.5,189.0,190.75,883600.0
01/27/1998,16:00,175.87,182.42,166.04,180.91,3227600.0
01/28/1998,16:00,184.41,196.66,184.17,196.0,1838500.0
01/29/1998,16:00,196.0,199.5,188.54,192.71,776700.0
01/30/1998,16:00,193.79,196.0,189.87,192.71,301200.0
02/02/1998,16:00,196.0,197.08,192.5,193.79,477300.0
02/03/1998,16:00,191.62,194.25,185.92,188.54,576000.0
02/04/1998,16:00,186.79,187.67,181.12,182.21,812900.0
02/05/1998,16:00,184.17,186.79,176.08,181.79,943000.0
02/06/1998,16:00,184.17,187.25,181.54,182.21,411700.0
02/09/1998,16:00,182.87,191.17,182.42,189.21,521800.0
02/10/1998,16:00,189.0,192.04,184.62,189.87,771600.0
02/11/1998,16:00,188.79,192.29,187.25,189.0,472200.0
02/12/1998,16:00,188.54,194.04,185.5,192.60,345000.0
02/13/1998,16:00,193.16,196.42,191.62,195.79,585400.0
02/17/1998,16:00,197.29,197.29,190.96,195.68,416000.0
02/18/1998,16:00,194.25,194.67,190.75,192.5,407500.0
02/19/1998,16:00,193.16,203.87,193.16,203.42,668600.0
02/20/1998,16:00,158.37,162.54,141.96,147.0,7866000.0
02/23/1998,16:00,147.87,150.5,138.91,140.42,2099300.0
02/24/1998,16:00,139.54,140.0,130.37,132.54,1723400.0
02/25/1998,16:00,137.37,144.37,134.96,141.54,1735200.0
02/26/1998,16:00,141.75,147.21,140.42,145.04,967400.0
02/27/1998,16:00,147.0,148.29,144.79,146.79,736700.0
03/02/1998,16:00,147.0,148.75,144.16,146.79,707200.0
03/03/1998,16:00,145.91,146.79,140.66,145.14,464000.0
03/04/1998,16:00,144.37,149.62,142.62,148.29,542600.0
03/05/1998,16:00,142.17,155.29,141.75,147.66,709100.0
03/06/1998,16:00,148.75,149.83,145.25,147.56,315700.0
03/09/1998,16:00,146.54,147.42,140.0,140.21,463000.0
03/10/1998,16:00,143.04,144.58,140.0,143.5,747600.0
03/11/1998,16:00,145.67,153.79,144.79,151.37,1048200.0
03/12/1998,16:00,156.17,156.62,149.62,154.21,649400.0
03/13/1998,16:00,157.04,157.92,154.87,157.04,420400.0
03/16/1998,16:00,162.54,167.54,161.42,167.54,1362300.0
03/17/1998,16:00,172.16,173.25,168.0,170.62,738700.0
03/18/1998,16:00,170.62,172.37,165.37,168.0,330600.0
03/19/1998,16:00,169.29,171.04,168.0,168.0,247000.0
03/20/1998,16:00,169.29,169.75,164.5,164.5,222300.0
03/23/1998,16:00,161.42,165.79,160.12,162.29,546200.0
03/24/1998,16:00,164.29,168.21,162.75,168.0,667800.0
03/25/1998,16:00,172.16,174.33,166.91,169.96,833000.0
03/26/1998,16:00,169.29,169.96,165.37,165.48,425500.0
03/27/1998,16:00,166.25,167.12,155.08,159.04,1262500.0
03/30/1998,16:00,159.25,160.54,154.87,158.79,776700.0
03/31/1998,16:00,161.42,162.29,147.42,149.17,1429400.0
04/01/1998,16:00,150.92,151.79,146.54,148.29,860800.0
04/02/1998,16:00,148.29,148.75,140.21,141.75,1150000.0
04/03/1998,16:00,143.5,144.79,141.29,142.62,596700.0
04/06/1998,16:00,144.79,145.46,130.79,134.08,1184100.0
04/07/1998,16:00,137.37,147.21,135.17,147.0,1591000.0
04/08/1998,16:00,152.25,152.67,143.04,145.56,851600.0
04/09/1998,16:00,147.87,148.75,145.25,146.12,469300.0
04/13/1998,16:00,146.79,146.79,143.04,144.37,191200.0
04/14/1998,16:00,144.37,166.04,140.0,162.75,2030600.0
04/15/1998,16:00,163.83,166.25,157.92,162.08,947600.0
04/16/1998,16:00,161.42,162.29,155.29,157.5,502200.0
04/17/1998,16:00,157.5,161.42,154.87,159.67,934600.0
04/20/1998,16:00,167.54,171.04,162.96,169.75,1348900.0
04/21/1998,16:00,171.5,172.37,168.0,169.29,581600.0
04/22/1998,16:00,170.17,170.62,166.67,168.10,274500.0
04/23/1998,16:00,169.75,177.17,168.87,169.75,1002800.0
04/24/1998,16:00,171.29,173.67,165.37,169.75,325000.0
04/27/1998,16:00,164.04,164.92,157.29,162.54,840900.0
04/28/1998,16:00,165.58,169.54,162.29,169.54,536300.0
04/29/1998,16:00,176.96,182.87,175.87,182.42,1535600.0
04/30/1998,16:00,185.04,201.25,184.17,195.12,2185600.0
05/01/1998,16:00,196.42,203.42,189.87,192.04,727100.0
05/04/1998,16:00,192.5,196.87,189.42,193.79,337700.0
05/05/1998,16:00,191.62,192.5,187.25,189.42,325000.0
05/06/1998,16:00,193.37,195.12,188.12,189.0,508300.0
05/07/1998,16:00,189.42,192.88,188.54,188.54,569600.0
05/08/1998,16:00,189.42,191.62,186.37,189.42,494700.0
05/11/1998,16:00,189.87,192.5,186.37,189.0,620300.0
05/12/1998,16:00,188.33,191.62,185.5,188.79,631200.0
05/13/1998,16:00,189.21,192.5,184.62,192.04,445200.0
05/14/1998,16:00,189.42,199.92,189.0,195.12,589700.0
05/15/1998,16:00,195.54,200.16,187.25,189.66,499800.0
05/18/1998,16:00,188.54,190.29,180.67,185.92,427100.0
05/19/1998,16:00,186.37,188.79,175.0,184.17,669500.0
05/20/1998,16:00,185.92,187.25,179.79,180.91,370400.0
05/21/1998,16:00,180.91,188.79,178.04,182.21,571400.0
05/22/1998,16:00,176.29,176.96,170.17,172.37,1062400.0
05/26/1998,16:00,173.25,175.87,167.12,167.54,624200.0
05/27/1998,16:00,164.29,175.87,164.04,175.0,965700.0
05/28/1998,16:00,174.54,181.54,170.41,180.25,1023700.0
05/29/1998,16:00,181.33,189.87,178.92,182.0,846300.0
06/01/1998,16:00,181.12,188.33,175.0,179.79,914800.0
06/02/1998,16:00,182.42,202.54,181.54,201.46,1637000.0
06/03/1998,16:00,222.91,223.12,211.96,216.12,6331600.0
06/04/1998,16:00,218.29,219.41,214.79,215.25,1573500.0
06/05/1998,16:00,215.67,218.08,215.25,217.21,846400.0
06/08/1998,16:00,216.33,220.04,213.04,216.12,950800.0
06/09/1998,16:00,215.25,217.21,212.83,216.79,770200.0
06/10/1998,16:00,214.37,216.33,213.04,216.33,407900.0
06/11/1998,16:00,216.33,216.79,210.87,211.29,786600.0
06/12/1998,16:00,211.08,214.79,205.62,214.37,575300.0
06/15/1998,16:00,210.87,218.75,209.54,218.75,606200.0
06/16/1998,16:00,220.04,220.29,215.04,216.79,600800.0
06/17/1998,16:00,216.79,219.62,216.54,217.0,711800.0
06/18/1998,16:00,217.42,217.87,214.79,215.46,211200.0
06/19/1998,16:00,218.29,221.79,216.12,220.5,589800.0
06/22/1998,16:00,220.5,226.62,217.42,225.29,503700.0
06/23/1998,16:00,227.04,238.87,226.62,238.21,1036300.0
06/24/1998,16:00,239.75,251.12,239.08,250.67,619200.0
06/25/1998,16:00,251.12,255.5,243.25,245.21,631800.0
06/26/1998,16:00,244.12,247.41,242.79,246.75,226100.0
06/29/1998,16:00,246.75,251.12,244.79,248.39,263700.0
06/30/1998,16:00,249.37,249.37,242.37,243.67,505000.0
07/01/1998,16:00,243.25,251.54,241.04,250.46,396800.0
07/02/1998,16:00,249.37,251.12,244.12,245.42,219400.0
07/06/1998,16:00,246.75,247.83,243.25,247.62,316100.0
07/07/1998,16:00,248.5,254.17,247.83,253.75,338800.0
07/08/1998,16:00,252.87,259.0,252.42,257.91,373000.0
07/09/1998,16:00,259.0,262.92,258.12,260.75,236200.0
07/10/1998,16:00,261.17,261.17,251.54,255.92,243400.0
07/13/1998,16:00,257.25,261.17,255.92,261.17,216000.0
07/14/1998,16:00,261.17,262.5,258.12,258.54,207700.0
07/15/1998,16:00,260.75,271.25,260.75,270.37,435100.0
07/16/1998,16:00,280.0,294.66,279.12,294.0,961800.0
07/17/1998,16:00,297.5,302.08,292.25,300.78,561000.0
07/20/1998,16:00,302.29,310.83,301.66,310.17,449300.0
07/21/1998,16:00,312.37,323.29,306.25,307.78,784000.0
07/22/1998,16:00,305.37,309.75,298.79,309.08,715400.0
07/23/1998,16:00,307.54,314.33,296.62,299.91,663700.0
07/24/1998,16:00,302.29,305.79,282.62,290.71,611100.0
07/27/1998,16:00,288.75,297.5,286.12,296.17,707500.0
07/28/1998,16:00,294.0,302.53,287.87,292.25,520800.0
07/29/1998,16:00,294.42,297.5,279.54,281.53,894200.0
07/30/1998,16:00,280.42,280.42,261.62,277.79,2057500.0
07/31/1998,16:00,270.37,270.79,257.25,259.21,1486000.0
08/03/1998,16:00,259.87,260.75,250.91,257.25,875000.0
08/04/1998,16:00,261.62,264.67,242.58,250.04,837800.0
08/05/1998,16:00,255.04,256.37,233.62,243.14,576000.0
08/06/1998,16:00,240.17,257.03,239.75,252.42,606500.0
08/07/1998,16:00,255.04,265.54,253.08,264.91,386400.0
08/10/1998,16:00,262.5,265.12,248.71,252.66,430600.0
08/11/1998,16:00,245.87,259.0,244.54,255.04,401400.0
08/12/1998,16:00,255.92,262.04,247.31,249.37,216200.0
08/13/1998,16:00,249.37,255.92,248.29,249.16,232200.0
08/14/1998,16:00,211.29,213.5,179.37,189.42,6976200.0
08/17/1998,16:00,195.12,196.87,183.75,196.42,2584700.0
08/18/1998,16:00,198.17,204.29,197.29,204.08,1102300.0
08/19/1998,16:00,205.17,207.37,203.0,204.54,1546200.0
08/20/1998,16:00,203.42,203.87,197.29,198.73,636400.0
08/21/1998,16:00,196.42,197.75,91.87,109.37,8421200.0
08/24/1998,16:00,128.17,132.54,120.53,126.41,4022400.0
08/25/1998,16:00,130.79,133.87,115.5,119.41,2827600.0
08/26/1998,16:00,115.5,122.91,114.62,119.87,1279300.0
08/27/1998,16:00,117.03,117.25,100.62,107.83,1558200.0
08/28/1998,16:00,133.87,136.32,117.25,123.58,3749900.0
08/31/1998,16:00,126.41,127.29,95.37,98.42,1360200.0
09/01/1998,16:00,102.79,119.0,96.25,117.66,1557000.0
09/02/1998,16:00,110.67,110.67,95.79,99.64,3128300.0
09/03/1998,16:00,93.62,106.75,90.54,91.66,1434400.0
09/04/1998,16:00,96.67,98.0,84.42,87.5,1346900.0
09/08/1998,16:00,94.92,99.75,93.17,98.98,1150700.0
09/09/1998,16:00,97.12,101.92,64.29,69.12,9751600.0
09/10/1998,16:00,58.41,63.0,55.54,57.08,4053600.0
09/11/1998,16:00,58.62,60.79,52.91,55.79,2044000.0
09/14/1998,16:00,44.16,50.29,42.87,46.16,5163200.0
09/15/1998,16:00,46.79,49.0,44.62,45.5,2152200.0
09/16/1998,16:00,47.25,47.66,42.0,43.29,4249000.0
09/17/1998,16:00,41.79,43.29,40.66,41.33,1669900.0
09/18/1998,16:00,42.66,43.29,38.91,40.46,1957500.0
09/21/1998,16:00,40.46,40.46,37.62,38.5,1860300.0
09/22/1998,16:00,40.25,55.54,38.71,54.46,8184800.0
09/23/1998,16:00,57.75,58.17,50.29,52.04,6661300.0
09/24/1998,16:00,50.54,50.54,47.25,48.54,1870800.0
09/25/1998,16:00,46.16,53.37,45.91,49.87,3264700.0
09/28/1998,16:00,52.71,52.91,49.87,50.75,1299400.0
09/29/1998,16:00,50.75,50.96,47.66,48.54,1010600.0
09/30/1998,16:00,48.33,51.16,44.16,50.08,1499300.0
10/01/1998,16:00,47.91,49.41,45.5,45.91,855900.0
10/02/1998,16:00,46.37,47.25,43.54,43.96,746300.0
10/05/1998,16:00,43.75,43.75,37.41,39.58,1499400.0
10/06/1998,16:00,41.54,42.0,35.21,36.75,1378000.0
10/07/1998,16:00,37.16,38.5,29.54,32.79,2235200.0
10/08/1998,16:00,28.87,32.79,28.41,32.58,1820100.0
10/09/1998,16:00,33.66,34.33,29.75,29.96,1325400.0
10/12/1998,16:00,31.91,31.91,29.75,29.96,1207700.0
10/13/1998,16:00,29.96,30.16,28.87,29.43,1132900.0
10/14/1998,16:00,29.54,30.52,28.41,28.66,1035500.0
10/15/1998,16:00,28.97,32.37,28.41,31.71,1978100.0
10/16/1998,16:00,33.66,33.91,31.04,32.58,1694600.0
10/19/1998,16:00,35.66,44.62,35.66,42.41,6104100.0
10/20/1998,16:00,45.29,51.16,43.96,44.83,5733600.0
10/21/1998,16:00,47.25,47.91,44.62,47.04,2035000.0
10/22/1998,16:00,47.04,48.54,44.83,45.91,1857400.0
10/23/1998,16:00,45.91,47.25,44.83,45.71,1040000.0
10/26/1998,16:00,47.46,47.66,45.5,45.71,1087100.0
10/27/1998,16:00,47.46,47.66,43.29,44.83,1356600.0
10/28/1998,16:00,43.96,44.62,42.41,42.87,967300.0
10/29/1998,16:00,43.08,57.75,42.0,54.04,8871700.0
10/30/1998,16:00,57.75,61.45,56.42,60.16,7463900.0
11/02/1998,16:00,66.39,77.42,62.54,76.33,10677700.0
11/03/1998,16:00,76.12,77.42,62.79,63.87,9160800.0
11/04/1998,16:00,68.67,69.12,56.87,61.91,7871000.0
11/05/1998,16:00,58.17,62.12,57.95,60.37,2000600.0
11/06/1998,16:00,59.70,63.0,57.75,59.92,1741000.0
11/09/1998,16:00,63.66,64.75,61.45,63.66,2148900.0
11/10/1998,16:00,64.75,64.96,62.12,62.33,1396900.0
11/11/1998,16:00,63.87,64.75,59.92,60.79,1074000.0
11/12/1998,16:00,62.79,64.08,61.25,62.54,1085400.0
11/13/1998,16:00,62.54,62.54,59.70,59.92,832000.0
11/16/1998,16:00,62.12,62.33,56.87,58.41,1102000.0
11/17/1998,16:00,56.66,59.29,53.79,57.29,1762600.0
11/18/1998,16:00,56.0,57.95,54.66,56.66,1077900.0
11/19/1998,16:00,56.0,56.66,54.66,56.20,804400.0
11/20/1998,16:00,58.41,65.17,58.17,64.75,4548300.0
11/23/1998,16:00,65.62,67.79,61.67,64.54,2697000.0
11/24/1998,16:00,64.54,65.41,61.04,61.25,1260000.0
11/25/1998,16:00,61.91,63.0,60.58,63.0,671700.0
11/27/1998,16:00,63.66,63.87,61.25,63.0,515000.0
11/30/1998,16:00,61.91,62.54,58.62,59.5,864500.0
12/01/1998,16:00,57.54,61.67,57.08,60.58,831000.0
12/02/1998,16:00,60.79,68.25,60.37,64.75,2916700.0
12/03/1998,16:00,67.58,68.04,61.45,61.67,1464200.0
12/04/1998,16:00,64.08,65.41,60.58,62.54,932400.0
12/07/1998,16:00,63.0,63.31,60.58,62.54,776800.0
12/08/1998,16:00,63.87,66.92,62.54,64.96,2061400.0
12/09/1998,16:00,65.62,66.71,60.37,61.67,2168500.0
12/10/1998,16:00,63.0,63.20,59.70,60.79,1202900.0
12/11/1998,16:00,56.0,56.66,52.71,54.66,2494000.0
12/14/1998,16:00,52.91,53.79,49.87,50.75,1461800.0
12/15/1998,16:00,51.41,52.5,49.41,50.08,754000.0
12/16/1998,16:00,50.08,50.75,47.66,48.12,979500.0
12/17/1998,16:00,48.54,52.04,47.91,49.21,1021600.0
12/18/1998,16:00,49.66,49.87,47.25,48.12,804300.0
12/21/1998,16:00,48.79,48.79,45.5,45.71,1024300.0
12/22/1998,16:00,43.75,45.5,43.54,45.04,1057000.0
12/23/1998,16:00,45.5,52.04,45.29,50.29,1578200.0
12/24/1998,16:00,50.96,52.5,49.41,50.08,610300.0
12/28/1998,16:00,50.54,51.41,47.66,49.21,739200.0
12/29/1998,16:00,49.66,49.66,47.46,47.91,583200.0
12/30/1998,16:00,47.66,49.66,47.25,48.12,828400.0
12/31/1998,16:00,47.25,52.5,47.25,51.16,1536900.0
01/04/1999,16:00,53.16,53.37,49.21,50.08,908200.0
01/05/1999,16:00,50.75,55.12,49.21,55.12,1384800.0
01/06/1999,16:00,57.54,57.75,53.37,54.25,1912500.0
01/07/1999,16:00,53.58,56.42,52.29,54.25,1514300.0
01/08/1999,16:00,55.79,56.0,52.04,52.5,1107600.0
01/11/1999,16:00,54.46,54.66,52.04,53.37,798000.0
01/12/1999,16:00,53.37,53.58,50.75,51.16,685900.0
01/13/1999,16:00,49.87,66.5,47.66,60.79,7066700.0
01/14/1999,16:00,64.29,68.25,63.0,65.41,4727000.0
01/15/1999,16:00,68.67,71.75,65.83,66.29,2605500.0
01/19/1999,16:00,68.25,69.54,64.75,66.5,1641600.0
01/20/1999,16:00,68.46,69.54,66.29,66.92,2354600.0
01/21/1999,16:00,66.5,67.37,63.87,64.29,928500.0
01/22/1999,16:00,62.33,80.5,61.45,78.96,5205400.0
01/25/1999,16:00,76.79,76.79,69.54,70.66,3429000.0
01/26/1999,16:00,72.62,73.5,69.54,70.21,1138100.0
01/27/1999,16:00,70.87,71.29,66.5,67.16,1205700.0
01/28/1999,16:00,69.12,77.87,67.79,74.58,2306700.0
01/29/1999,16:00,73.29,73.92,68.46,70.66,1229200.0
02/01/1999,16:00,72.17,75.91,68.67,71.96,1648600.0
02/02/1999,16:00,73.04,75.25,70.87,74.58,1220700.0
02/03/1999,16:00,74.58,85.29,74.58,80.92,3709200.0
02/04/1999,16:00,84.42,90.54,80.5,88.58,3931900.0
02/05/1999,16:00,91.42,93.17,82.04,84.42,2881800.0
02/08/1999,16:00,87.04,87.5,79.83,81.37,1253900.0
02/09/1999,16:00,81.79,81.79,73.5,75.25,1359100.0
02/10/1999,16:00,74.58,77.87,73.71,74.37,1120000.0
02/11/1999,16:00,76.54,78.96,74.37,77.87,943800.0
02/12/1999,16:00,77.42,80.29,74.79,77.42,990900.0
02/16/1999,16:00,80.04,80.04,73.92,75.25,762300.0
02/17/1999,16:00,77.0,81.37,76.54,78.08,1538700.0
02/18/1999,16:00,79.41,79.62,71.29,73.04,1357500.0
02/19/1999,16:00,78.29,79.41,75.25,78.54,2033100.0
02/22/1999,16:00,80.5,81.58,78.29,78.96,1084200.0
02/23/1999,16:00,80.92,87.92,80.5,86.17,3311400.0
02/24/1999,16:00,88.58,102.37,87.5,95.37,7942200.0
02/25/1999,16:00,98.0,102.37,96.04,99.08,3230000.0
02/26/1999,16:00,100.17,102.37,97.12,97.54,1469200.0
03/01/1999,16:00,97.54,98.66,92.29,93.83,1051800.0
03/02/1999,16:00,94.29,95.58,87.5,87.5,1392700.0
03/03/1999,16:00,87.92,89.67,82.25,84.87,1299200.0
03/04/1999,16:00,86.17,90.12,85.96,88.16,1029800.0
03/05/1999,16:00,91.87,92.08,85.75,88.37,1073700.0
03/08/1999,16:00,88.79,89.91,87.5,88.37,583700.0
03/09/1999,16:00,86.62,90.12,85.75,87.5,692600.0
03/10/1999,16:00,86.62,87.92,84.87,87.71,385100.0
03/11/1999,16:00,91.42,98.87,89.25,98.0,3069600.0
03/12/1999,16:00,98.42,98.87,92.75,93.83,1220200.0
03/15/1999,16:00,89.25,90.12,85.08,86.62,2576600.0
03/16/1999,16:00,87.92,87.92,81.79,82.91,1844800.0
03/17/1999,16:00,83.12,83.33,77.42,78.96,1698600.0
03/18/1999,16:00,78.54,85.29,77.42,82.91,1559600.0
03/19/1999,16:00,84.42,85.96,79.83,83.12,947800.0
03/22/1999,16:00,82.91,83.54,79.17,82.46,668100.0
03/23/1999,16:00,80.04,82.04,77.66,77.87,782300.0
03/24/1999,16:00,78.29,84.21,78.08,83.54,1012500.0
03/25/1999,16:00,84.87,85.29,80.29,80.92,811200.0
03/26/1999,16:00,80.29,82.46,79.17,80.92,463400.0
03/29/1999,16:00,81.16,84.87,80.92,82.67,538600.0
03/30/1999,16:00,82.91,84.87,82.04,83.12,669800.0
03/31/1999,16:00,83.12,84.0,78.29,78.75,725900.0
04/01/1999,16:00,79.41,82.25,79.41,80.71,473800.0
04/05/1999,16:00,81.37,82.25,73.5,74.58,1081600.0
04/06/1999,16:00,74.37,74.58,62.54,66.29,2336700.0
04/07/1999,16:00,66.5,71.08,66.29,68.91,1066700.0
04/08/1999,16:00,69.12,69.54,65.41,66.5,610200.0
04/09/1999,16:00,65.62,65.83,59.92,60.37,1905600.0
04/12/1999,16:00,58.62,63.66,58.17,61.45,1308600.0
04/13/1999,16:00,62.54,70.42,62.12,69.54,1875400.0
04/14/1999,16:00,71.29,74.16,68.67,72.83,1523200.0
04/15/1999,16:00,73.04,74.58,68.25,73.71,950800.0
04/16/1999,16:00,73.92,74.37,70.0,70.87,514200.0
04/19/1999,16:00,72.62,72.83,62.33,63.20,705900.0
04/20/1999,16:00,64.75,66.71,63.0,66.04,429600.0
04/21/1999,16:00,66.5,70.0,65.62,66.04,298100.0
04/22/1999,16:00,68.46,74.79,67.37,73.5,1078200.0
04/23/1999,16:00,72.62,75.91,72.62,73.04,472600.0
04/26/1999,16:00,72.83,83.12,72.83,82.67,1559500.0
04/27/1999,16:00,82.46,84.42,78.54,80.71,915600.0
04/28/1999,16:00,79.41,80.92,77.66,78.96,543600.0
04/29/1999,16:00,78.96,81.16,75.25,75.67,411100.0
04/30/1999,16:00,77.87,83.54,77.87,82.25,1133200.0
05/03/1999,16:00,82.25,83.54,79.41,81.16,554200.0
05/04/1999,16:00,80.5,83.33,79.83,81.79,690500.0
05/05/1999,16:00,84.0,92.54,84.0,92.08,2909500.0
05/06/1999,16:00,90.33,95.16,87.5,89.25,1432800.0
05/07/1999,16:00,89.46,90.54,85.54,87.5,462500.0
05/10/1999,16:00,86.62,88.16,83.12,84.66,523900.0
05/11/1999,16:00,87.29,87.5,85.29,86.62,334300.0
05/12/1999,16:00,86.83,90.12,84.0,87.04,413100.0
05/13/1999,16:00,88.58,91.0,87.92,87.92,530900.0
05/14/1999,16:00,85.54,86.62,83.79,84.87,522300.0
05/17/1999,16:00,84.0,94.29,83.12,92.96,1582900.0
05/18/1999,16:00,94.29,98.42,93.62,96.46,1843800.0
05/19/1999,16:00,97.33,100.41,96.25,100.17,1683000.0
05/20/1999,16:00,99.29,99.29,90.54,92.29,1108000.0
05/21/1999,16:00,95.58,105.42,93.62,105.21,3163400.0
05/24/1999,16:00,104.12,104.33,96.04,96.91,1306200.0
05/25/1999,16:00,97.79,100.62,96.91,98.42,892000.0
05/26/1999,16:00,102.16,103.67,97.79,99.96,963700.0
05/27/1999,16:00,99.96,103.67,99.29,100.83,657200.0
05/28/1999,16:00,101.5,103.67,100.17,100.62,307900.0
06/01/1999,16:00,101.5,101.5,94.92,95.37,634800.0
06/02/1999,16:00,95.37,97.79,93.83,96.91,454900.0
06/03/1999,16:00,97.12,98.42,94.92,96.67,309600.0
06/04/1999,16:00,97.33,103.91,97.33,103.04,1009500.0
06/07/1999,16:00,103.91,118.54,102.16,117.66,2649900.0
06/08/1999,16:00,118.78,119.41,112.0,112.66,1785800.0
06/09/1999,16:00,113.29,114.41,108.04,109.79,844100.0
06/10/1999,16:00,108.5,113.53,105.87,112.0,825600.0
06/11/1999,16:00,113.08,114.62,104.54,106.29,591000.0
06/14/1999,16:00,107.41,108.5,97.12,98.0,782400.0
06/15/1999,16:00,99.29,101.92,95.79,96.67,623000.0
06/16/1999,16:00,99.96,104.12,99.75,103.67,646200.0
06/17/1999,16:00,101.92,109.16,101.5,106.29,1109500.0
06/18/1999,16:00,107.17,110.67,106.75,108.04,669400.0
06/21/1999,16:00,109.37,112.0,107.17,110.67,512800.0
06/22/1999,16:00,109.37,110.91,106.29,106.75,518100.0
06/23/1999,16:00,106.08,117.46,104.54,116.58,1679400.0
06/24/1999,16:00,117.03,118.54,112.21,115.28,791600.0
06/25/1999,16:00,115.28,115.28,105.0,105.21,1064400.0
06/28/1999,16:00,108.04,108.04,102.79,104.54,1051400.0
06/29/1999,16:00,105.0,111.33,103.25,108.04,1229100.0
06/30/1999,16:00,106.29,109.79,103.25,105.66,867000.0
07/01/1999,16:00,106.29,107.17,103.04,103.67,614400.0
07/02/1999,16:00,105.0,109.58,104.54,108.5,687700.0
07/06/1999,16:00,109.37,113.08,106.75,107.62,706600.0
07/07/1999,16:00,107.17,117.66,105.42,116.37,1819200.0
07/08/1999,16:00,115.5,123.37,113.29,122.28,2019400.0
07/09/1999,16:00,122.28,125.12,118.12,119.21,839100.0
07/12/1999,16:00,120.08,120.75,114.83,118.78,671900.0
07/13/1999,16:00,116.37,119.0,114.83,118.78,504400.0
07/14/1999,16:00,119.21,119.66,117.25,118.12,705600.0
07/15/1999,16:00,119.0,125.12,118.78,123.69,1626100.0
07/16/1999,16:00,125.12,132.12,122.91,129.92,2001400.0
07/19/1999,16:00,132.12,132.12,125.12,126.66,762700.0
07/20/1999,16:00,124.66,125.12,118.54,123.58,898800.0
07/21/1999,16:00,123.79,124.03,119.41,121.62,537800.0
07/22/1999,16:00,120.75,121.16,112.87,117.46,863600.0
07/23/1999,16:00,117.25,120.53,113.75,118.12,453000.0
07/26/1999,16:00,116.37,116.37,110.67,111.54,695200.0
07/27/1999,16:00,114.62,119.41,113.29,115.91,610600.0
07/28/1999,16:00,116.79,119.41,114.62,116.79,405300.0
07/29/1999,16:00,113.75,125.33,112.41,120.08,1748400.0
07/30/1999,16:00,124.03,124.66,117.66,118.12,1088400.0
08/02/1999,16:00,117.66,118.12,113.29,113.29,535600.0
08/03/1999,16:00,114.16,116.58,109.37,110.67,1306100.0
08/04/1999,16:00,114.16,116.37,110.91,111.79,1424300.0
08/05/1999,16:00,110.46,113.29,101.71,113.29,1233900.0
08/06/1999,16:00,110.46,113.08,108.92,110.46,632200.0
08/09/1999,16:00,112.0,114.83,111.12,112.0,416400.0
08/10/1999,16:00,112.66,112.66,104.33,106.54,670800.0
08/11/1999,16:00,107.62,115.71,107.62,115.5,834800.0
08/12/1999,16:00,116.37,119.0,111.54,112.41,709100.0
08/13/1999,16:00,115.04,121.62,113.75,119.0,957400.0
08/16/1999,16:00,119.0,120.75,115.91,116.16,537300.0
08/17/1999,16:00,118.12,123.58,117.66,123.58,1082100.0
08/18/1999,16:00,123.37,128.41,119.66,120.75,1233200.0
08/19/1999,16:00,119.10,122.91,116.79,118.78,952800.0
08/20/1999,16:00,119.87,120.08,110.25,112.87,2424000.0
08/23/1999,16:00,113.53,113.96,108.5,113.08,1298100.0
08/24/1999,16:00,111.54,115.28,109.37,112.41,1154600.0
08/25/1999,16:00,112.21,120.29,112.0,120.08,1223600.0
08/26/1999,16:00,117.25,132.54,116.37,128.62,5075500.0
08/27/1999,16:00,128.41,130.79,124.66,127.29,1087800.0
08/30/1999,16:00,127.64,129.04,123.16,124.46,539200.0
08/31/1999,16:00,124.25,124.66,120.96,122.91,779000.0
09/01/1999,16:00,124.25,125.12,121.83,124.03,795500.0
09/02/1999,16:00,122.81,124.25,120.08,122.04,425600.0
09/03/1999,16:00,124.35,129.71,124.25,128.83,896200.0
09/07/1999,16:00,128.62,130.06,124.03,126.66,722000.0
09/08/1999,16:00,125.78,136.04,124.66,134.08,1876100.0
09/09/1999,16:00,134.75,143.29,134.75,141.75,2414600.0
09/10/1999,16:00,143.5,144.79,137.16,139.12,744500.0
09/13/1999,16:00,138.67,138.67,133.87,137.58,578600.0
09/14/1999,16:00,135.73,140.21,133.0,139.33,822800.0
09/15/1999,16:00,140.87,143.29,129.29,131.25,907200.0
09/16/1999,16:00,132.33,139.12,126.21,137.58,944300.0
09/17/1999,16:00,139.33,149.41,139.12,149.17,2672300.0
09/20/1999,16:00,149.41,149.83,141.08,147.0,996200.0
09/21/1999,16:00,145.25,145.67,138.25,139.54,802000.0
09/22/1999,16:00,141.08,145.91,136.92,144.16,864100.0
09/23/1999,16:00,143.71,145.91,135.17,136.5,958000.0
09/24/1999,16:00,134.75,135.41,127.29,134.19,1704400.0
09/27/1999,16:00,136.04,142.62,126.41,128.41,1563600.0
09/28/1999,16:00,127.08,127.75,116.37,121.16,3003900.0
09/29/1999,16:00,123.16,125.54,116.37,117.91,1199500.0
09/30/1999,16:00,119.66,129.04,117.91,127.75,1874400.0
10/01/1999,16:00,127.53,131.91,119.41,123.79,1102400.0
10/04/1999,16:00,125.12,125.54,116.09,118.12,1405700.0
10/05/1999,16:00,117.66,122.91,113.75,121.83,2072600.0
10/06/1999,16:00,125.12,130.37,123.37,125.33,1449100.0
10/07/1999,16:00,127.29,127.75,123.37,124.25,741900.0
10/08/1999,16:00,124.25,129.29,122.71,128.73,847500.0
10/11/1999,16:00,128.62,133.21,128.17,132.54,743900.0
10/12/1999,16:00,132.68,135.34,127.53,127.75,1018100.0
10/13/1999,16:00,125.12,128.41,122.28,124.46,974500.0
10/14/1999,16:00,125.78,126.0,102.79,111.33,4952900.0
10/15/1999,16:00,109.16,119.87,106.75,115.71,1883200.0
10/18/1999,16:00,114.83,115.71,105.0,107.17,1565000.0
10/19/1999,16:00,109.79,112.0,104.12,104.33,1079300.0
10/20/1999,16:00,106.29,117.25,105.87,116.58,1277500.0
10/21/1999,16:00,112.66,118.54,111.79,118.33,840800.0
10/22/1999,16:00,119.41,126.66,118.54,120.29,1682200.0
10/25/1999,16:00,120.29,120.96,115.5,117.91,832800.0
10/26/1999,16:00,118.78,122.04,114.16,114.83,757500.0
10/27/1999,16:00,115.91,119.66,115.04,117.46,564600.0
10/28/1999,16:00,120.08,121.41,115.71,116.16,497600.0
10/29/1999,16:00,117.91,124.25,117.66,123.37,1175800.0
11/01/1999,16:00,124.14,126.0,119.87,120.96,621700.0
11/02/1999,16:00,120.96,122.91,117.25,119.87,1003800.0
11/03/1999,16:00,132.79,144.16,131.95,140.0,5548100.0
11/04/1999,16:00,138.91,160.54,138.67,159.67,5232600.0
11/05/1999,16:00,162.54,164.92,150.5,153.12,2335000.0
11/08/1999,16:00,154.0,158.37,150.92,156.41,850800.0
11/09/1999,16:00,158.37,159.25,146.54,153.33,807100.0
11/10/1999,16:00,150.71,160.54,147.87,152.25,1209500.0
11/11/1999,16:00,153.68,175.42,151.37,173.04,1470000.0
11/12/1999,16:00,173.91,180.67,162.29,170.83,2552500.0
11/15/1999,16:00,172.79,188.54,172.37,178.5,1525800.0
11/16/1999,16:00,181.12,190.75,175.87,185.71,1219800.0
11/17/1999,16:00,186.58,187.04,176.75,182.0,932900.0
11/18/1999,16:00,178.5,179.37,164.5,173.46,2029100.0
11/19/1999,16:00,175.0,189.87,171.92,186.79,1191400.0
11/22/1999,16:00,185.04,185.5,161.0,175.87,2048400.0
11/23/1999,16:00,173.25,174.12,156.17,158.16,1540800.0
11/24/1999,16:00,159.67,171.5,156.17,168.21,1333800.0
11/26/1999,16:00,169.08,175.42,165.79,167.79,485100.0
11/29/1999,16:00,167.54,167.79,159.25,159.91,730800.0
11/30/1999,16:00,158.37,164.04,152.04,153.79,940500.0
12/01/1999,16:00,153.79,159.25,150.71,152.91,738800.0
12/02/1999,16:00,155.29,158.58,154.0,158.37,403500.0
12/03/1999,16:00,163.62,171.04,160.54,166.46,1288100.0
12/06/1999,16:00,169.96,171.71,162.54,169.96,530400.0
12/07/1999,16:00,178.71,225.75,178.5,210.21,5737000.0
12/08/1999,16:00,217.21,217.21,196.87,209.54,1646900.0
12/09/1999,16:00,215.25,241.71,210.87,215.46,3142900.0
12/10/1999,16:00,223.12,259.87,213.04,251.54,3387700.0
12/13/1999,16:00,260.96,260.96,241.71,251.54,1401600.0
12/14/1999,16:00,250.04,250.46,231.66,242.37,1381500.0
12/15/1999,16:00,231.42,238.87,223.54,238.66,1988600.0
12/16/1999,16:00,241.92,241.92,220.5,224.21,1126400.0
12/17/1999,16:00,230.33,230.33,217.21,222.25,1067700.0
12/20/1999,16:00,205.62,223.12,200.26,213.04,2050600.0
12/21/1999,16:00,207.37,223.12,206.71,216.54,1260000.0
12/22/1999,16:00,217.0,217.21,204.75,210.0,777200.0
12/23/1999,16:00,212.41,214.16,201.25,203.0,776500.0
12/27/1999,16:00,203.42,204.75,186.16,192.29,1558200.0
12/28/1999,16:00,189.42,205.83,182.0,193.37,1522600.0
12/29/1999,16:00,189.0,207.79,188.54,206.5,1186400.0
12/30/1999,16:00,209.54,209.54,192.71,197.75,1288700.0
12/31/1999,16:00,198.17,205.83,188.54,201.25,563200.0
01/03/2000,16:00,204.29,204.36,188.12,194.67,1293200.0
01/04/2000,16:00,184.41,192.29,182.87,186.16,1165900.0
01/05/2000,16:00,182.0,182.66,168.66,174.12,1824100.0
01/06/2000,16:00,175.0,180.67,158.79,160.54,1687900.0
01/07/2000,16:00,172.79,210.87,168.0,202.12,5233500.0
01/10/2000,16:00,210.21,228.79,203.42,225.29,2154600.0
01/11/2000,16:00,219.62,230.12,209.54,211.29,1423400.0
01/12/2000,16:00,210.0,218.75,200.79,207.37,901300.0
01/13/2000,16:00,220.92,223.12,210.87,218.75,951700.0
01/14/2000,16:00,220.5,238.17,220.5,233.83,1561200.0
01/18/2000,16:00,235.37,244.79,232.75,243.91,1163000.0
01/19/2000,16:00,245.0,246.75,232.54,238.87,660500.0
01/20/2000,16:00,252.0,269.28,250.67,257.03,1936800.0
01/21/2000,16:00,260.75,266.42,246.29,258.33,943900.0
01/24/2000,16:00,262.92,277.79,259.87,269.04,1085600.0
01/25/2000,16:00,273.87,274.29,243.25,259.0,1170900.0
01/26/2000,16:00,258.89,262.5,237.12,238.42,872200.0
01/27/2000,16:00,249.37,262.5,241.04,247.41,1268700.0
01/28/2000,16:00,243.67,252.0,223.12,231.42,1081300.0
01/31/2000,16:00,231.87,234.5,210.21,229.67,989500.0
02/01/2000,16:00,238.87,244.54,229.91,242.37,647700.0
02/02/2000,16:00,243.25,262.5,243.25,259.42,899700.0
02/03/2000,16:00,262.28,264.25,250.91,264.03,1152800.0
02/04/2000,16:00,265.12,270.16,259.87,264.46,719300.0
02/07/2000,16:00,275.62,291.79,273.0,282.83,1285000.0
02/08/2000,16:00,290.5,302.75,287.42,301.87,1040100.0
02/09/2000,16:00,299.91,304.5,288.75,292.91,907200.0
02/10/2000,16:00,294.66,349.78,294.42,346.5,3100100.0
02/11/2000,16:00,346.5,368.37,329.42,339.5,1823400.0
02/14/2000,16:00,345.62,364.87,345.17,349.33,986300.0
02/15/2000,16:00,349.12,364.0,329.66,348.91,1037800.0
02/16/2000,16:00,343.21,425.25,342.54,411.91,3219200.0
02/17/2000,16:00,413.42,413.66,385.21,397.46,1971600.0
02/18/2000,16:00,409.5,439.25,401.62,403.58,2387400.0
02/22/2000,16:00,409.5,436.62,399.66,416.71,1573800.0
02/23/2000,16:00,416.5,426.12,404.25,408.83,1012200.0
02/24/2000,16:00,415.83,442.75,409.92,436.41,1507000.0
02/25/2000,16:00,441.0,498.75,432.25,474.67,1612000.0
02/28/2000,16:00,478.17,532.0,451.04,522.58,2238800.0
02/29/2000,16:00,533.75,566.12,530.25,559.33,2460600.0
03/01/2000,16:00,559.54,631.75,553.0,619.5,1791900.0
03/02/2000,16:00,635.25,661.5,535.5,551.25,2598500.0
03/03/2000,16:00,577.92,630.87,560.21,592.58,2185600.0
03/06/2000,16:00,601.12,633.25,600.25,616.63,889500.0
03/07/2000,16:00,628.25,628.25,570.5,591.5,1442700.0
03/08/2000,16:00,595.87,597.17,528.5,537.67,2155000.0
03/09/2000,16:00,556.04,591.5,531.54,587.75,1355600.0
03/10/2000,16:00,575.75,598.5,549.5,570.04,804800.0
03/13/2000,16:00,523.25,556.5,504.0,514.92,1479000.0
03/14/2000,16:00,528.71,539.0,469.0,469.0,1851300.0
03/15/2000,16:00,471.41,471.62,428.75,438.58,2117300.0
03/16/2000,16:00,463.75,468.54,402.92,467.17,3151900.0
03/17/2000,16:00,470.75,503.54,465.5,499.17,1502500.0
03/20/2000,16:00,504.0,504.0,456.96,459.58,1368100.0
03/21/2000,16:00,451.5,501.16,417.16,492.41,1503000.0
03/22/2000,16:00,496.12,553.0,483.87,526.96,1459200.0
03/23/2000,16:00,521.5,544.25,505.75,541.41,1232100.0
03/24/2000,16:00,564.37,581.87,546.42,568.29,1370000.0
03/27/2000,16:00,570.04,579.25,548.62,551.04,776700.0
03/28/2000,16:00,548.62,549.04,514.04,515.16,966600.0
03/29/2000,16:00,516.25,517.12,451.5,454.33,1858700.0
03/30/2000,16:00,430.5,476.0,427.0,452.37,1830300.0
03/31/2000,16:00,465.5,465.5,427.87,441.42,1398200.0
04/03/2000,16:00,425.67,450.83,392.66,398.54,1723800.0
04/04/2000,16:00,400.53,401.62,277.37,357.42,4631600.0
04/05/2000,16:00,332.5,374.5,323.75,346.92,2309000.0
04/06/2000,16:00,367.5,414.75,364.0,411.03,2065300.0
04/07/2000,16:00,430.04,466.79,420.42,463.75,2031200.0
04/10/2000,16:00,463.75,464.62,390.03,395.5,1869800.0
04/11/2000,16:00,376.25,415.66,350.87,371.66,3103800.0
04/12/2000,16:00,372.75,376.67,331.41,338.17,2418000.0
04/13/2000,16:00,347.37,370.78,316.75,350.0,2544300.0
04/14/2000,16:00,333.79,347.37,288.75,308.0,2217700.0
04/17/2000,16:00,278.25,327.25,277.37,325.92,2074200.0
04/18/2000,16:00,322.87,367.5,307.78,364.87,1715400.0
04/19/2000,16:00,360.04,385.0,343.0,350.21,1233600.0
04/20/2000,16:00,355.67,361.58,335.12,339.5,815600.0
04/24/2000,16:00,319.79,332.04,306.03,316.75,943500.0
04/25/2000,16:00,326.79,374.5,319.58,370.54,1259400.0
04/26/2000,16:00,366.62,420.66,363.78,404.46,2452800.0
04/27/2000,16:00,383.25,449.96,378.87,435.53,2392200.0
04/28/2000,16:00,446.91,462.0,423.5,432.67,1463600.0
05/01/2000,16:00,443.62,499.17,439.25,490.21,2344900.0
05/02/2000,16:00,481.46,501.76,444.5,449.08,1925600.0
05/03/2000,16:00,437.92,456.75,416.92,444.32,1419200.0
05/04/2000,16:00,442.96,473.79,431.37,464.17,1281000.0
05/05/2000,16:00,452.79,485.62,451.5,481.46,1107100.0
05/08/2000,16:00,464.17,471.62,437.92,437.92,1125800.0
05/09/2000,16:00,452.58,466.79,412.12,421.53,2649200.0
05/10/2000,16:00,413.0,462.0,404.25,453.03,2821400.0
05/11/2000,16:00,470.78,474.67,427.87,453.03,2000000.0
05/12/2000,16:00,457.62,489.12,457.62,480.37,1644700.0
05/15/2000,16:00,479.5,497.0,456.75,495.03,1132800.0
05/16/2000,16:00,508.37,537.25,503.78,534.41,1834300.0
05/17/2000,16:00,520.17,523.25,504.0,504.42,1118200.0
05/18/2000,16:00,517.79,519.75,478.62,480.58,1804600.0
05/19/2000,16:00,468.54,469.52,405.54,407.75,4083500.0
05/22/2000,16:00,401.62,402.5,338.17,377.54,3943400.0
05/23/2000,16:00,374.5,390.25,348.25,349.12,1853000.0
05/24/2000,16:00,342.12,353.5,314.54,341.91,2354000.0
05/25/2000,16:00,349.78,384.54,346.5,365.75,2393800.0
05/26/2000,16:00,362.46,374.28,341.25,348.91,1390500.0
05/30/2000,16:00,360.5,427.0,360.5,425.25,2824700.0
05/31/2000,16:00,409.5,448.0,402.5,418.91,2799700.0
06/01/2000,16:00,435.75,462.0,428.96,455.66,2138200.0
06/02/2000,16:00,488.46,512.75,470.96,484.08,2313000.0
06/05/2000,16:00,469.87,487.37,456.96,467.67,1349800.0
06/06/2000,16:00,464.17,507.5,461.12,482.54,1720200.0
06/07/2000,16:00,480.58,493.5,455.0,460.03,1764500.0
06/08/2000,16:00,472.92,476.0,444.5,472.92,1720100.0
06/09/2000,16:00,493.5,498.75,481.67,489.54,1427100.0
06/12/2000,16:00,507.04,511.87,486.92,487.79,1303700.0
06/13/2000,16:00,483.52,509.25,473.16,507.28,1308300.0
06/14/2000,16:00,515.41,524.33,498.96,505.53,1402800.0
06/15/2000,16:00,497.0,510.12,483.42,509.25,1020600.0
06/16/2000,16:00,516.04,517.12,500.5,508.37,833500.0
06/19/2000,16:00,502.46,546.42,493.5,546.0,1483200.0
06/20/2000,16:00,546.0,560.87,526.75,538.54,1553500.0
06/21/2000,16:00,524.33,559.79,521.92,553.0,1145700.0
06/22/2000,16:00,556.92,576.94,544.25,550.16,1412900.0
06/23/2000,16:00,545.54,549.04,508.37,509.03,1130700.0
06/26/2000,16:00,515.48,556.5,502.25,550.16,1292400.0
06/27/2000,16:00,542.71,568.75,541.62,549.71,1446500.0
06/28/2000,16:00,546.0,586.25,543.37,570.29,1408900.0
06/29/2000,16:00,561.54,585.13,556.92,570.5,1197900.0
06/30/2000,16:00,567.0,594.12,566.54,583.41,1144900.0
07/03/2000,16:00,580.12,598.5,575.75,598.5,441200.0
07/05/2000,16:00,591.92,613.79,560.87,576.83,1310400.0
07/06/2000,16:00,567.42,582.54,543.58,574.21,1651000.0
07/07/2000,16:00,583.62,614.25,577.5,601.54,1300100.0
07/10/2000,16:00,605.5,628.25,600.67,608.12,1279800.0
07/11/2000,16:00,605.04,630.87,578.37,585.79,1691600.0
07/12/2000,16:00,598.60,607.25,546.42,564.79,3272100.0
07/13/2000,16:00,584.5,591.04,561.75,581.0,1285700.0
07/14/2000,16:00,585.27,586.67,561.29,569.17,1011700.0
07/17/2000,16:00,577.5,595.21,549.92,563.5,988500.0
07/18/2000,16:00,554.96,566.33,537.25,549.29,845500.0
07/19/2000,16:00,535.5,548.62,521.5,533.08,967700.0
07/20/2000,16:00,540.75,577.5,533.75,573.79,1112100.0
07/21/2000,16:00,566.79,569.17,542.5,545.54,814700.0
07/24/2000,16:00,556.5,583.62,547.29,567.21,1154500.0
07/25/2000,16:00,570.04,574.0,546.0,567.21,703900.0
07/26/2000,16:00,570.04,589.75,542.5,584.71,1091500.0
07/27/2000,16:00,567.0,579.25,521.29,527.17,1480200.0
07/28/2000,16:00,525.21,528.04,454.12,470.53,1925700.0
07/31/2000,16:00,472.92,508.58,462.0,497.42,1770600.0
08/01/2000,16:00,495.25,521.5,493.5,502.25,941600.0
08/02/2000,16:00,495.25,500.04,476.87,482.78,820600.0
08/03/2000,16:00,458.64,507.5,449.29,496.78,1934700.0
08/04/2000,16:00,509.67,528.5,499.62,520.41,1127100.0
08/07/2000,16:00,524.54,531.54,510.12,518.42,816400.0
08/08/2000,16:00,512.75,537.25,512.75,520.41,693200.0
08/09/2000,16:00,530.04,557.51,529.79,546.42,1141400.0
08/10/2000,16:00,535.92,544.25,519.08,526.08,777800.0
08/11/2000,16:00,522.79,546.42,497.87,546.42,794800.0
08/14/2000,16:00,546.66,574.0,546.66,572.91,1123000.0
08/15/2000,16:00,570.04,598.5,568.96,595.0,1293600.0
08/16/2000,16:00,605.5,607.25,570.92,571.37,1766500.0
08/17/2000,16:00,582.08,635.25,581.87,627.13,3526800.0
08/18/2000,16:00,656.28,666.75,612.5,618.38,4200400.0
08/21/2000,16:00,623.63,645.75,609.21,637.21,1744800.0
08/22/2000,16:00,638.29,676.79,637.0,669.79,2665400.0
08/23/2000,16:00,662.37,686.63,659.08,679.87,1635600.0
08/24/2000,16:00,685.12,704.58,670.25,703.71,1645600.0
08/25/2000,16:00,700.42,704.79,682.04,692.75,1141400.0
08/28/2000,16:00,696.25,736.96,690.13,733.00,1668600.0
08/29/2000,16:00,730.62,748.33,708.57,741.75,1649200.0
08/30/2000,16:00,737.83,750.96,721.0,735.42,1077600.0
08/31/2000,16:00,734.75,776.33,725.79,775.88,1420200.0
09/01/2000,16:00,782.00,805.42,769.12,805.42,1177200.0
09/05/2000,16:00,797.54,797.54,700.0,757.12,4340400.0
09/06/2000,16:00,750.08,778.96,728.0,729.50,2926000.0
09/07/2000,16:00,738.04,761.25,721.0,752.5,1927000.0
09/08/2000,16:00,741.12,749.87,698.25,698.67,1983600.0
09/11/2000,16:00,690.37,708.75,639.17,644.0,3686000.0
09/12/2000,16:00,651.0,666.75,611.62,626.5,3005500.0
09/13/2000,16:00,615.12,687.29,615.12,678.54,3621800.0
09/14/2000,16:00,702.62,745.88,700.0,728.87,2954300.0
09/15/2000,16:00,728.0,752.5,718.13,750.50,1976000.0
09/18/2000,16:00,744.38,755.54,714.0,724.5,2450200.0
09/19/2000,16:00,747.25,783.57,728.0,775.25,709400.0
09/20/2000,16:00,784.0,838.25,775.25,817.25,1721100.0
09/21/2000,16:00,820.75,843.07,795.41,799.75,1233500.0
09/22/2000,16:00,750.75,847.42,749.0,845.25,2080900.0
09/25/2000,16:00,903.0,953.75,880.25,892.99,2356000.0
09/26/2000,16:00,908.25,938.0,856.66,889.91,1969400.0
09/27/2000,16:00,920.5,920.99,845.67,861.91,1849700.0
09/28/2000,16:00,819.42,916.43,818.16,910.0,2686600.0
09/29/2000,16:00,909.16,927.07,826.0,859.67,1382600.0
10/02/2000,16:00,878.99,896.0,827.75,849.66,1741900.0
10/03/2000,16:00,871.07,872.41,767.41,770.91,1882600.0
10/04/2000,16:00,747.25,816.82,742.91,801.07,1664500.0
10/05/2000,16:00,801.5,835.66,784.0,820.32,1114500.0
10/06/2000,16:00,819.42,827.75,736.75,773.92,1328800.0
10/09/2000,16:00,766.07,806.75,708.75,772.17,1612200.0
10/10/2000,16:00,773.07,820.75,742.0,802.69,2043800.0
10/11/2000,16:00,773.92,828.17,770.0,784.0,3110100.0
10/12/2000,16:00,812.42,830.82,763.0,794.21,2496500.0
10/13/2000,16:00,787.64,896.91,777.91,895.16,1511000.0
10/16/2000,16:00,884.52,962.99,871.5,946.18,1876500.0
10/17/2000,16:00,976.5,987.49,890.75,910.0,1782100.0
10/18/2000,16:00,867.16,924.49,815.5,868.42,2073300.0
10/19/2000,16:00,917.0,980.91,899.5,979.22,1501200.0
10/20/2000,16:00,991.41,1057.0,975.66,1046.5,1649000.0
10/23/2000,16:00,1043.0,1046.99,960.75,994.91,1415500.0
10/24/2000,16:00,1019.41,1041.25,917.0,947.66,1959400.0
10/25/2000,16:00,840.91,841.75,707.0,758.66,5465000.0
10/26/2000,16:00,760.41,761.25,588.0,721.0,5814900.0
10/27/2000,16:00,784.0,795.82,682.5,730.66,3532400.0
10/30/2000,16:00,688.66,722.75,623.91,634.82,2839900.0
10/31/2000,16:00,655.82,737.17,649.25,735.91,2431300.0
11/01/2000,16:00,713.57,782.25,683.82,745.07,2340100.0
11/02/2000,16:00,769.57,796.25,759.5,764.32,1352200.0
11/03/2000,16:00,777.0,812.0,767.82,793.17,1285800.0
11/06/2000,16:00,800.66,812.42,708.75,728.0,2106400.0
11/07/2000,16:00,724.5,765.66,670.67,723.17,1988900.0
11/08/2000,16:00,736.75,740.25,629.16,629.57,2703000.0
11/09/2000,16:00,616.0,654.5,588.91,629.16,2563300.0
11/10/2000,16:00,611.17,665.42,599.41,633.92,1969800.0
11/13/2000,16:00,616.0,685.16,586.25,635.67,2220900.0
11/14/2000,16:00,679.91,734.16,676.41,728.0,2144400.0
11/15/2000,16:00,720.16,752.5,675.5,703.07,1605500.0
11/16/2000,16:00,681.17,722.32,674.17,683.82,1454300.0
11/17/2000,16:00,695.17,739.41,679.91,731.07,1917700.0
11/20/2000,16:00,693.91,707.42,629.16,629.57,1655000.0
11/21/2000,16:00,633.5,694.75,622.16,673.75,1814300.0
11/22/2000,16:00,665.0,707.0,630.0,652.75,1582500.0
11/24/2000,16:00,682.5,716.66,667.66,715.75,689600.0
11/27/2000,16:00,739.82,741.16,672.91,682.07,1456900.0
11/28/2000,16:00,685.16,688.66,586.25,588.0,2523200.0
11/29/2000,16:00,574.0,577.5,466.83,511.0,5469300.0
11/30/2000,16:00,493.5,546.0,493.5,531.57,3203600.0
12/01/2000,16:00,550.41,586.25,525.0,538.57,2214500.0
12/04/2000,16:00,542.5,575.75,523.25,561.32,1825200.0
12/05/2000,16:00,602.35,700.0,589.75,698.67,2780100.0
12/06/2000,16:00,692.16,723.17,665.91,667.66,2297800.0
12/07/2000,16:00,639.66,688.17,626.92,669.41,3435600.0
12/08/2000,16:00,734.23,812.0,686.0,770.0,4619300.0
12/11/2000,16:00,828.52,838.25,791.91,822.5,2317200.0
12/12/2000,16:00,796.67,849.66,796.25,812.56,1761400.0
12/13/2000,16:00,838.25,843.5,717.5,732.41,2601800.0
12/14/2000,16:00,731.5,762.16,668.5,678.57,2504600.0
12/15/2000,16:00,668.5,731.92,651.0,705.18,2308500.0
12/18/2000,16:00,723.17,760.41,644.91,674.66,2239400.0
12/19/2000,16:00,616.91,626.5,507.5,512.32,5395900.0
12/20/2000,16:00,476.0,504.90,437.5,446.67,3554500.0
12/21/2000,16:00,453.67,488.25,416.92,419.16,2353800.0
12/22/2000,16:00,450.65,541.66,448.42,539.0,3206200.0
12/26/2000,16:00,553.0,570.5,490.0,519.32,1847200.0
12/27/2000,16:00,516.25,560.91,502.67,559.16,1467300.0
12/28/2000,16:00,553.0,603.75,546.0,595.42,1689000.0
12/29/2000,16:00,607.25,623.91,547.32,568.75,1743400.0
01/02/2001,16:00,539.0,549.5,448.90,461.15,2479600.0
01/03/2001,16:00,440.16,595.91,434.0,594.57,3488300.0
01/04/2001,16:00,568.75,596.75,542.5,577.07,2693200.0
01/05/2001,16:00,578.82,584.5,513.66,518.0,1878900.0
01/08/2001,16:00,499.65,525.91,469.0,524.16,2091700.0
01/09/2001,16:00,532.0,542.5,490.0,501.40,1754200.0
01/10/2001,16:00,484.75,556.07,469.0,552.57,2073500.0
01/11/2001,16:00,541.17,607.25,540.75,584.5,2335700.0
01/12/2001,16:00,588.0,645.75,580.93,622.16,2534300.0
01/16/2001,16:00,629.57,646.66,616.0,630.42,1462000.0
01/17/2001,16:00,691.67,701.75,673.75,679.42,2036700.0
01/18/2001,16:00,678.57,717.5,644.0,717.07,2401100.0
01/19/2001,16:00,736.19,742.0,700.0,733.67,2116400.0
01/22/2001,16:00,718.82,728.91,689.5,706.16,1697700.0
01/23/2001,16:00,703.5,724.5,691.25,718.69,1357800.0
01/24/2001,16:00,714.91,756.0,700.91,714.0,1414200.0
01/25/2001,16:00,676.82,695.66,629.57,630.42,1983100.0
01/26/2001,16:00,578.82,651.0,573.16,633.92,2243200.0
01/29/2001,16:00,634.41,671.16,630.42,658.91,1233400.0
01/30/2001,16:00,661.5,694.75,652.75,686.0,1399300.0
01/31/2001,16:00,693.69,719.67,628.25,630.42,1973500.0
02/01/2001,16:00,638.75,648.41,600.25,617.32,2006000.0
02/02/2001,16:00,611.17,618.17,584.5,586.25,1502600.0
02/05/2001,16:00,577.5,599.41,561.75,591.5,1369600.0
02/06/2001,16:00,584.92,589.32,574.0,578.82,2787800.0
02/07/2001,16:00,567.0,585.41,542.5,573.16,2717600.0
02/08/2001,16:00,577.92,600.25,556.07,580.57,2834500.0
02/09/2001,16:00,574.21,577.92,552.16,559.16,1345900.0
02/12/2001,16:00,532.0,539.0,491.75,515.41,2625000.0
02/13/2001,16:00,536.19,558.67,483.0,484.33,2595300.0
02/14/2001,16:00,484.75,542.43,482.15,537.67,2789200.0
02/15/2001,16:00,599.41,658.0,597.66,623.0,5994400.0
02/16/2001,16:00,592.41,616.91,572.25,578.41,3767300.0
02/20/2001,16:00,588.91,589.75,523.25,541.17,3292100.0
02/21/2001,16:00,520.66,549.5,491.75,501.40,3265100.0
02/22/2001,16:00,499.65,517.16,460.25,483.90,4404900.0
02/23/2001,16:00,481.03,528.07,466.83,521.5,3382400.0
02/26/2001,16:00,532.91,544.25,500.92,540.75,2558800.0
02/27/2001,16:00,531.57,539.42,486.5,488.25,2360900.0
02/28/2001,16:00,496.58,515.41,453.25,470.33,3955200.0
03/01/2001,16:00,458.5,519.75,444.5,518.0,3613800.0
03/02/2001,16:00,497.90,529.82,461.15,463.33,3898600.0
03/05/2001,16:00,480.19,491.33,464.65,489.15,2454900.0
03/06/2001,16:00,514.07,539.77,512.75,523.25,3065100.0
03/07/2001,16:00,545.57,547.75,520.66,527.17,2851900.0
03/08/2001,16:00,514.5,521.71,496.15,501.40,2359400.0
03/09/2001,16:00,481.46,493.92,443.66,455.90,3135900.0
03/12/2001,16:00,420.42,422.87,360.08,373.17,6533000.0
03/13/2001,16:00,385.91,404.25,371.91,403.41,4157800.0
03/14/2001,16:00,374.92,409.5,364.0,373.66,4879400.0
03/15/2001,16:00,406.91,414.75,379.33,383.25,3579100.0
03/16/2001,16:00,383.25,397.25,354.41,369.67,3498600.0
03/19/2001,16:00,366.17,370.16,329.0,367.08,4544100.0
03/20/2001,16:00,367.5,382.83,334.25,335.16,3902900.0
03/21/2001,16:00,347.83,367.92,339.5,354.83,4410000.0
03/22/2001,16:00,360.08,410.83,347.83,410.41,4252500.0
03/23/2001,16:00,432.25,434.91,389.41,395.5,4469300.0
03/26/2001,16:00,398.93,419.58,389.83,396.41,2973300.0
03/27/2001,16:00,389.90,409.08,367.5,376.67,4104400.0
03/28/2001,16:00,354.83,362.03,326.83,327.39,5304700.0
03/29/2001,16:00,313.67,319.41,280.91,288.33,4824800.0
03/30/2001,16:00,273.91,308.0,255.5,292.25,6995200.0
04/02/2001,16:00,288.75,305.41,284.41,297.08,4531400.0
04/03/2001,16:00,284.90,289.17,241.5,249.82,7552300.0
04/04/2001,16:00,252.0,271.25,241.07,245.0,5465700.0
04/05/2001,16:00,267.75,281.33,265.16,270.83,5602700.0
04/06/2001,16:00,264.67,269.08,239.68,239.75,4339600.0
04/09/2001,16:00,254.24,258.09,243.67,257.18,3544600.0
04/10/2001,16:00,270.69,325.5,270.27,313.95,6327500.0
04/11/2001,16:00,357.7,369.25,329.91,342.51,5529100.0
04/12/2001,16:00,334.25,393.26,331.17,391.85,4385600.0
04/16/2001,16:00,380.66,386.68,338.94,360.57,3812600.0
04/17/2001,16:00,336.77,384.58,336.63,371.63,4933200.0
04/18/2001,16:00,415.52,469.0,401.45,406.42,6569800.0
04/19/2001,16:00,418.59,473.19,413.0,471.09,4502000.0
04/20/2001,16:00,465.5,496.23,451.5,469.63,4751100.0
04/23/2001,16:00,450.44,453.17,416.5,417.76,3059400.0
04/24/2001,16:00,418.95,446.59,386.89,396.69,4710700.0
04/25/2001,16:00,377.93,420.0,373.94,402.78,4360900.0
04/26/2001,16:00,411.46,414.40,364.0,365.05,4225800.0
04/27/2001,16:00,360.5,364.0,334.95,352.03,4721600.0
04/30/2001,16:00,374.5,393.75,367.28,385.42,4626500.0
05/01/2001,16:00,384.02,411.18,364.42,410.2,3979600.0
05/02/2001,16:00,425.81,432.59,403.90,421.19,3790600.0
05/03/2001,16:00,400.26,416.78,382.13,382.62,3137600.0
05/04/2001,16:00,366.94,388.5,363.93,379.75,4340600.0
05/07/2001,16:00,388.01,406.0,385.7,386.96,3001900.0
05/08/2001,16:00,430.08,432.59,409.64,431.2,4621500.0
05/09/2001,16:00,416.22,441.49,413.0,423.84,3404000.0
05/10/2001,16:00,444.28,444.5,402.15,402.57,2900300.0
05/11/2001,16:00,408.94,416.84,404.88,411.10,2027800.0
05/14/2001,16:00,411.18,420.0,401.8,419.65,2253100.0
05/15/2001,16:00,408.59,408.94,382.48,388.08,3523000.0
05/16/2001,16:00,378.28,415.38,370.65,412.3,3856900.0
05/17/2001,16:00,409.28,436.45,392.84,397.25,6041700.0
05/18/2001,16:00,399.7,410.76,392.42,401.45,2447300.0
05/21/2001,16:00,405.23,427.0,402.08,425.53,2901000.0
05/22/2001,16:00,448.0,467.11,446.25,450.09,4695700.0
05/23/2001,16:00,431.2,443.59,426.51,436.8,2768300.0
05/24/2001,16:00,446.03,446.95,425.81,441.77,2102100.0
05/25/2001,16:00,437.5,441.98,420.7,422.38,1162100.0
05/29/2001,16:00,416.92,418.59,393.40,399.07,1687600.0
05/30/2001,16:00,388.92,388.92,360.5,365.33,2684600.0
05/31/2001,16:00,374.43,390.59,369.25,379.05,2116400.0
06/01/2001,16:00,387.17,389.83,369.25,383.67,2045700.0
06/04/2001,16:00,386.33,393.40,378.77,383.10,1317500.0
06/05/2001,16:00,386.40,429.66,386.05,416.99,2482700.0
06/06/2001,16:00,425.18,433.65,414.47,416.35,2841500.0
06/07/2001,16:00,412.44,433.65,411.03,432.88,1877600.0
06/08/2001,16:00,422.52,422.94,387.8,392.98,2502800.0
06/11/2001,16:00,382.2,383.88,361.97,370.93,2197200.0
06/12/2001,16:00,354.90,378.0,349.44,371.14,2548000.0
06/13/2001,16:00,374.84,376.32,337.75,340.90,2387500.0
06/14/2001,16:00,335.23,335.3,312.06,312.69,2990300.0
06/15/2001,16:00,294.0,301.0,274.75,280.98,5055300.0
06/18/2001,16:00,284.90,293.78,263.90,272.02,2646300.0
06/19/2001,16:00,285.95,287.0,245.28,257.18,5076700.0
06/20/2001,16:00,243.67,264.88,243.67,262.22,3716000.0
06/21/2001,16:00,266.7,285.95,260.60,274.68,3336900.0
06/22/2001,16:00,280.49,295.75,276.5,290.5,2760100.0
06/25/2001,16:00,301.7,302.05,278.10,282.66,2579500.0
06/26/2001,16:00,275.24,284.62,264.81,279.3,2714500.0
06/27/2001,16:00,281.33,293.78,267.05,273.63,3040000.0
06/28/2001,16:00,282.38,283.43,250.95,252.34,4705900.0
06/29/2001,16:00,260.47,272.65,253.40,266.0,2903000.0
07/02/2001,16:00,258.65,273.0,250.18,256.41,1962200.0
07/03/2001,16:00,251.93,263.90,251.29,259.21,944200.0
07/05/2001,16:00,252.76,254.51,240.24,241.78,2313700.0
07/06/2001,16:00,233.45,234.29,211.75,216.92,3246300.0
07/09/2001,16:00,224.0,231.42,220.15,225.68,2267300.0
07/10/2001,16:00,233.73,238.0,203.07,205.24,3385900.0
07/11/2001,16:00,203.56,218.61,198.03,217.42,3830500.0
07/12/2001,16:00,237.29,252.70,229.59,249.33,4122900.0
07/13/2001,16:00,244.29,250.95,234.57,239.47,2259500.0
07/16/2001,16:00,237.16,246.60,225.04,227.01,2043400.0
07/17/2001,16:00,219.79,239.40,219.17,237.36,2093800.0
07/18/2001,16:00,229.59,236.39,214.41,221.97,1540000.0
07/19/2001,16:00,231.70,231.70,222.11,226.09,1796200.0
07/20/2001,16:00,222.95,228.20,208.32,212.45,2524300.0
07/23/2001,16:00,217.70,221.9,208.95,211.75,1615600.0
07/24/2001,16:00,209.44,218.04,203.70,216.92,1826100.0
07/25/2001,16:00,216.92,218.4,200.20,206.15,2142100.0
07/26/2001,16:00,209.44,225.47,205.31,220.15,2214100.0
07/27/2001,16:00,216.23,226.66,212.79,222.95,1677100.0
07/30/2001,16:00,223.79,226.24,215.46,218.96,1337900.0
07/31/2001,16:00,219.51,242.33,219.45,231.98,2527400.0
08/01/2001,16:00,239.75,249.90,236.25,249.54,1746500.0
08/02/2001,16:00,258.58,259.21,233.79,240.31,2381500.0
08/03/2001,16:00,240.51,247.73,237.29,244.16,1504400.0
08/06/2001,16:00,240.79,248.29,236.18,237.44,1255600.0
08/07/2001,16:00,237.08,244.65,233.79,240.79,1485000.0
08/08/2001,16:00,235.69,236.95,215.95,216.16,1875900.0
08/09/2001,16:00,219.94,221.76,210.0,216.16,2011800.0
08/10/2001,16:00,214.83,218.67,203.70,210.14,1485600.0
08/13/2001,16:00,206.08,217.70,200.9,216.92,1787600.0
08/14/2001,16:00,219.03,219.45,204.89,205.79,1934100.0
08/15/2001,16:00,207.06,209.29,194.95,196.84,1770400.0
08/16/2001,16:00,150.08,151.06,130.20,137.34,13563200.0
08/17/2001,16:00,133.35,138.39,130.9,131.46,3093100.0
08/20/2001,16:00,126.84,127.47,119.0,126.63,2838900.0
08/21/2001,16:00,126.98,127.53,119.0,119.35,2332100.0
08/22/2001,16:00,120.75,123.20,118.50,122.08,1651600.0
08/23/2001,16:00,131.25,131.32,123.89,124.60,4420300.0
08/24/2001,16:00,127.67,128.94,125.29,128.79,1847400.0
08/27/2001,16:00,127.75,129.36,126.0,129.15,1298700.0
08/28/2001,16:00,129.29,130.9,126.35,127.89,1206600.0
08/29/2001,16:00,133.0,134.61,124.25,129.78,11873000.0
08/30/2001,16:00,127.04,129.5,120.75,122.78,3076200.0
08/31/2001,16:00,120.53,124.25,118.29,119.84,1448600.0
09/04/2001,16:00,117.74,118.92,104.93,105.35,2352900.0
09/05/2001,16:00,104.93,105.35,93.73,98.07,3283400.0
09/06/2001,16:00,95.89,103.81,94.85,101.14,2315200.0
09/07/2001,16:00,99.61,103.46,96.95,99.05,2078200.0
09/10/2001,16:00,95.89,97.02,91.35,93.87,1777700.0
09/17/2001,16:00,87.99,95.62,86.66,90.86,1847300.0
09/18/2001,16:00,92.33,92.61,76.93,80.43,2693100.0
09/19/2001,16:00,82.39,83.23,73.92,81.75,2389100.0
09/20/2001,16:00,77.0,85.75,76.58,84.35,2419000.0
09/21/2001,16:00,78.54,82.53,72.8,73.78,2917500.0
09/24/2001,16:00,77.21,81.33,74.75,79.66,1678100.0
09/25/2001,16:00,82.11,83.64,75.39,76.72,1593900.0
09/26/2001,16:00,78.25,83.3,71.39,72.10,1498000.0
09/27/2001,16:00,70.0,72.17,65.87,69.37,1660700.0
09/28/2001,16:00,71.05,73.22,66.64,72.03,1663000.0
10/01/2001,16:00,70.14,71.05,68.25,68.74,1183800.0
10/02/2001,16:00,68.95,71.39,65.66,66.57,1851400.0
10/03/2001,16:00,65.66,88.27,64.39,84.21,4052900.0
10/04/2001,16:00,87.5,88.89,78.05,79.03,3394500.0
10/05/2001,16:00,77.7,91.7,76.64,87.43,3039500.0
10/08/2001,16:00,84.35,93.10,83.50,87.29,2129700.0
10/09/2001,16:00,87.92,90.86,79.8,80.22,1904100.0
10/10/2001,16:00,79.94,89.25,77.98,87.36,2108200.0
10/11/2001,16:00,91.91,106.75,91.77,106.68,3925800.0
10/12/2001,16:00,111.50,120.04,107.8,119.91,4937400.0
10/15/2001,16:00,116.54,116.89,109.48,114.66,2369500.0
10/16/2001,16:00,117.25,130.76,113.82,128.45,3056000.0
10/17/2001,16:00,136.57,136.85,108.43,111.02,4584600.0
10/18/2001,16:00,112.07,118.58,106.39,118.29,3686300.0
10/19/2001,16:00,113.96,117.46,108.64,115.00,2377500.0
10/22/2001,16:00,113.25,122.14,108.14,116.97,2478500.0
10/23/2001,16:00,122.08,125.09,118.44,121.24,2660100.0
10/24/2001,16:00,121.16,136.71,120.04,135.45,3059700.0
10/25/2001,16:00,130.26,153.86,124.60,152.53,4118800.0
10/26/2001,16:00,149.1,154.0,136.85,138.6,3554900.0
10/29/2001,16:00,137.20,141.75,126.21,126.35,2599200.0
10/30/2001,16:00,121.52,125.72,114.94,116.69,3306300.0
10/31/2001,16:00,124.17,126.49,112.70,113.82,4451800.0
11/01/2001,16:00,117.17,117.53,111.72,115.22,2973900.0
11/02/2001,16:00,111.37,112.0,104.3,105.63,3989800.0
11/05/2001,16:00,111.3,120.33,110.25,118.44,4096100.0
11/06/2001,16:00,116.69,116.83,109.55,113.67,4721000.0
11/07/2001,16:00,110.74,124.60,109.13,121.79,5574600.0
11/08/2001,16:00,126.70,131.67,116.05,117.60,4703500.0
11/09/2001,16:00,118.29,122.36,117.25,120.25,2521800.0
11/12/2001,16:00,128.31,136.36,122.5,131.81,7721000.0
11/13/2001,16:00,138.25,139.72,124.95,129.01,5918900.0
11/14/2001,16:00,132.01,132.16,125.29,131.39,2840100.0
11/15/2001,16:00,129.85,136.85,129.08,133.63,2852100.0
11/16/2001,16:00,134.26,138.46,131.67,135.94,2240800.0
11/19/2001,16:00,139.29,149.79,138.6,148.12,3814900.0
11/20/2001,16:00,146.72,151.97,131.67,133.56,5293500.0
11/21/2001,16:00,134.04,140.42,132.65,136.15,2800800.0
11/23/2001,16:00,138.74,140.0,136.57,138.67,934900.0
11/26/2001,16:00,142.17,144.69,136.5,141.33,2880500.0
11/27/2001,16:00,145.25,147.76,139.37,141.33,4797300.0
11/28/2001,16:00,143.22,145.53,123.54,124.66,6296600.0
11/29/2001,16:00,128.1,130.41,125.72,128.73,2856200.0
11/30/2001,16:00,129.01,129.42,121.45,124.25,2410200.0
12/03/2001,16:00,120.39,124.17,117.60,119.41,2892500.0
12/04/2001,16:00,122.57,131.6,119.91,131.11,2765000.0
12/05/2001,16:00,134.47,148.33,132.09,142.59,6106200.0
12/06/2001,16:00,141.4,146.65,134.19,136.92,3854600.0
12/07/2001,16:00,136.15,136.15,129.15,130.06,2266000.0
12/10/2001,16:00,127.61,133.63,126.77,128.24,1934600.0
12/11/2001,16:00,132.72,135.1,131.04,132.51,3283500.0
12/12/2001,16:00,132.65,132.65,123.05,125.78,3804300.0
12/13/2001,16:00,107.52,113.75,104.16,104.58,8564900.0
12/14/2001,16:00,104.44,104.79,96.60,99.82,4148700.0
12/17/2001,16:00,99.12,107.31,97.64,104.37,2544600.0
12/18/2001,16:00,108.85,110.25,105.77,108.29,1895700.0
12/19/2001,16:00,104.3,106.47,101.5,102.27,1640900.0
12/20/2001,16:00,98.7,103.53,97.50,98.07,1855800.0
12/21/2001,16:00,99.89,104.58,99.05,101.00,1670500.0
12/24/2001,16:00,100.94,103.18,98.7,99.25,359300.0
12/26/2001,16:00,99.75,102.75,96.74,98.42,889400.0
12/27/2001,16:00,99.39,100.58,97.72,99.61,1085600.0
12/28/2001,16:00,100.38,101.29,98.42,99.47,1079500.0
12/31/2001,16:00,99.68,104.64,97.64,100.17,1587400.0
01/02/2002,16:00,102.06,109.2,101.85,109.13,1899300.0
01/03/2002,16:00,110.46,112.28,107.24,109.75,2786300.0
01/04/2002,16:00,112.0,117.66,109.2,115.28,3722100.0
01/07/2002,16:00,117.80,121.10,112.70,117.25,2897200.0
01/08/2002,16:00,116.97,119.91,109.2,109.89,4030700.0
01/09/2002,16:00,113.19,115.14,109.33,109.41,3185200.0
01/10/2002,16:00,110.60,110.74,105.98,107.52,1583500.0
01/11/2002,16:00,108.22,110.39,101.99,102.48,2068200.0
01/14/2002,16:00,101.5,101.85,97.86,98.7,1549400.0
01/15/2002,16:00,99.47,100.10,96.25,98.77,1741400.0
01/16/2002,16:00,96.88,97.44,91.35,92.25,1669700.0
01/17/2002,16:00,95.41,97.3,93.45,96.95,1413300.0
01/18/2002,16:00,94.5,97.3,92.75,94.78,1461500.0
01/22/2002,16:00,97.23,100.10,91.0,91.28,1851500.0
01/23/2002,16:00,92.47,96.25,88.55,95.83,2209800.0
01/24/2002,16:00,98.49,99.39,96.81,97.50,1124000.0
01/25/2002,16:00,95.2,96.60,93.45,93.94,902500.0
01/28/2002,16:00,95.06,97.79,91.35,95.83,1099600.0
01/29/2002,16:00,95.55,97.64,92.75,93.94,1449600.0
01/30/2002,16:00,94.5,95.06,89.95,94.57,1444100.0
01/31/2002,16:00,94.22,94.5,88.2,88.89,1518100.0
02/01/2002,16:00,86.03,90.64,83.64,84.0,2760500.0
02/04/2002,16:00,80.14,81.13,69.44,70.83,4219300.0
02/05/2002,16:00,62.79,68.53,62.51,63.0,6095700.0
02/06/2002,16:00,64.68,66.5,61.11,63.14,3808900.0
02/07/2002,16:00,63.14,67.69,62.30,64.33,1873300.0
02/08/2002,16:00,65.87,66.5,63.20,66.22,1529100.0
02/11/2002,16:00,69.64,73.78,68.46,73.29,2894500.0
02/12/2002,16:00,71.82,72.94,68.74,70.56,2521100.0
02/13/2002,16:00,72.17,73.14,66.85,68.67,2083500.0
02/14/2002,16:00,69.64,70.0,63.35,63.83,2376000.0
02/15/2002,16:00,63.98,64.39,59.77,61.11,2112100.0
02/19/2002,16:00,59.64,62.93,57.75,59.14,3494700.0
02/20/2002,16:00,60.76,61.11,57.05,60.89,1846400.0
02/21/2002,16:00,56.56,58.17,53.19,53.19,3867900.0
02/22/2002,16:00,52.64,53.69,49.91,52.99,2384600.0
02/25/2002,16:00,53.83,55.65,51.31,55.51,1612100.0
02/26/2002,16:00,56.62,57.39,54.18,56.35,1471600.0
02/27/2002,16:00,57.39,57.95,54.53,54.6,1820000.0
02/28/2002,16:00,55.16,56.35,53.34,54.32,1463400.0
03/01/2002,16:00,54.94,57.61,54.81,56.76,1591500.0
03/04/2002,16:00,58.24,62.16,57.54,60.97,2236500.0
03/05/2002,16:00,60.83,66.85,60.26,64.75,2500700.0
03/06/2002,16:00,64.05,67.97,61.74,66.99,2228400.0
03/07/2002,16:00,68.53,70.28,65.94,67.89,1834500.0
03/08/2002,16:00,65.8,67.55,63.56,64.89,2531800.0
03/11/2002,16:00,63.20,76.64,61.94,72.03,5077300.0
03/12/2002,16:00,68.04,69.72,66.14,67.06,2604000.0
03/13/2002,16:00,67.69,67.89,63.83,64.05,1289600.0
03/14/2002,16:00,65.03,65.38,61.67,61.74,1309800.0
03/15/2002,16:00,61.60,63.0,59.5,62.64,1216500.0
03/18/2002,16:00,64.12,64.68,60.97,62.23,1375300.0
03/19/2002,16:00,59.64,61.32,58.37,58.58,1411500.0
03/20/2002,16:00,57.82,60.48,56.98,57.33,1097100.0
03/21/2002,16:00,57.95,60.69,57.75,60.12,1182400.0
03/22/2002,16:00,60.41,63.35,59.29,59.99,1280700.0
03/25/2002,16:00,61.11,62.30,57.75,58.44,1360600.0
03/26/2002,16:00,57.61,60.76,56.27,58.80,1948300.0
03/27/2002,16:00,58.58,60.69,56.07,56.49,1571600.0
03/28/2002,16:00,57.54,63.35,57.05,63.0,2674100.0
04/01/2002,16:00,64.75,67.33,64.19,65.58,2024800.0
04/02/2002,16:00,64.33,66.5,62.23,62.51,1597100.0
04/03/2002,16:00,63.07,63.69,59.22,59.43,1670000.0
04/04/2002,16:00,58.66,61.39,58.44,60.06,1337900.0
04/05/2002,16:00,60.41,60.62,56.35,56.91,1112600.0
04/08/2002,16:00,55.02,57.39,54.6,56.42,1588200.0
04/09/2002,16:00,56.76,58.44,56.0,56.0,1433800.0
04/10/2002,16:00,56.76,57.82,53.19,54.94,1992200.0
04/11/2002,16:00,54.66,54.74,52.5,52.5,1108000.0
04/12/2002,16:00,53.83,54.25,52.22,52.85,1146300.0
04/15/2002,16:00,53.9,55.79,52.43,54.87,1074700.0
04/16/2002,16:00,56.76,60.33,56.35,59.85,1386200.0
04/17/2002,16:00,61.87,63.91,59.43,61.18,1701000.0
04/18/2002,16:00,60.26,61.52,58.66,59.92,1988300.0
04/19/2002,16:00,60.62,61.87,60.26,60.48,2204300.0
04/22/2002,16:00,59.14,59.14,54.87,56.20,1649200.0
04/23/2002,16:00,55.65,58.31,53.41,53.9,1456700.0
04/24/2002,16:00,55.16,55.51,53.41,54.04,837100.0
04/25/2002,16:00,54.11,55.44,53.27,54.25,998000.0
04/26/2002,16:00,54.94,55.93,52.15,52.5,1053200.0
04/29/2002,16:00,52.5,53.48,49.35,50.61,1429100.0
04/30/2002,16:00,50.47,52.64,49.21,52.43,1181800.0
05/01/2002,16:00,52.29,52.64,48.58,51.59,1211500.0
05/02/2002,16:00,51.31,52.71,48.93,49.35,1030500.0
05/03/2002,16:00,49.21,49.35,47.6,48.30,1281500.0
05/06/2002,16:00,49.0,49.62,46.41,46.55,1026800.0
05/07/2002,16:00,47.11,48.02,42.0,42.62,1999400.0
05/08/2002,16:00,46.55,51.87,45.5,51.59,2107600.0
05/09/2002,16:00,50.47,51.37,48.72,49.41,1331700.0
05/10/2002,16:00,49.62,50.12,45.01,45.71,925700.0
05/13/2002,16:00,46.41,49.28,45.15,48.86,1102100.0
05/14/2002,16:00,51.94,52.71,49.07,49.62,1258000.0
05/15/2002,16:00,49.14,51.66,47.6,49.28,1375400.0
05/16/2002,16:00,48.65,50.89,48.37,50.26,823700.0
05/17/2002,16:00,52.01,52.64,48.72,50.26,1183300.0
05/20/2002,16:00,49.49,50.89,48.79,48.93,980200.0
05/21/2002,16:00,49.91,50.33,46.12,46.12,1099200.0
05/22/2002,16:00,45.85,46.9,44.16,45.08,1202300.0
05/23/2002,16:00,42.41,43.54,41.30,42.56,2947800.0
05/24/2002,16:00,42.35,43.75,42.0,42.56,610600.0
05/28/2002,16:00,43.26,43.4,41.30,42.0,1017400.0
05/29/2002,16:00,41.72,43.19,41.16,41.79,838900.0
05/30/2002,16:00,41.37,42.49,40.25,41.23,799800.0
05/31/2002,16:00,41.37,41.79,39.48,39.62,1139300.0
06/03/2002,16:00,39.83,39.9,36.4,36.75,1335000.0
06/04/2002,16:00,36.61,38.71,35.84,38.43,1295700.0
06/05/2002,16:00,38.71,39.12,36.82,37.37,594700.0
06/06/2002,16:00,37.37,37.44,35.21,35.21,1114200.0
06/07/2002,16:00,34.65,37.44,34.30,35.98,1054900.0
06/10/2002,16:00,36.26,36.75,34.37,34.79,717300.0
06/11/2002,16:00,35.69,36.12,31.84,32.34,894800.0
06/12/2002,16:00,31.71,33.04,29.40,29.96,1491000.0
06/13/2002,16:00,29.40,32.34,29.05,30.59,965200.0
06/14/2002,16:00,29.54,31.43,29.05,29.61,1144500.0
06/17/2002,16:00,30.31,34.86,30.03,33.6,1146900.0
06/18/2002,16:00,33.25,33.46,30.44,30.80,1242500.0
06/19/2002,16:00,28.77,29.05,27.3,27.72,3274000.0
06/20/2002,16:00,27.86,28.28,26.59,26.88,1510700.0
06/21/2002,16:00,26.45,28.0,26.45,27.65,2433900.0
06/24/2002,16:00,27.58,29.68,26.45,28.77,1977700.0
06/25/2002,16:00,29.68,29.75,26.74,26.95,1112500.0
06/26/2002,16:00,26.04,27.16,25.2,26.11,1358300.0
06/27/2002,16:00,27.09,29.75,26.67,29.54,1765500.0
06/28/2002,16:00,29.40,31.84,28.41,29.33,1397800.0
07/01/2002,16:00,29.75,31.5,28.49,28.84,854500.0
07/02/2002,16:00,29.12,30.87,28.13,28.91,2102400.0
07/03/2002,16:00,29.12,29.54,26.95,29.18,795300.0
07/05/2002,16:00,29.33,32.76,28.69,32.48,429300.0
07/08/2002,16:00,33.04,36.68,32.19,33.39,1397100.0
07/09/2002,16:00,34.02,36.54,33.18,34.16,1153600.0
07/10/2002,16:00,36.26,36.26,33.66,34.16,806800.0
07/11/2002,16:00,33.94,38.57,33.25,37.73,1382600.0
07/12/2002,16:00,39.62,40.25,36.96,38.91,1746300.0
07/15/2002,16:00,38.43,42.69,37.16,42.41,1195300.0
07/16/2002,16:00,41.65,44.94,41.09,42.0,1883500.0
07/17/2002,16:00,44.03,44.44,40.74,41.93,1104300.0
07/18/2002,16:00,41.65,41.86,37.80,38.85,1506100.0
07/19/2002,16:00,37.1,40.25,35.35,36.26,1651800.0
07/22/2002,16:00,36.33,38.08,33.53,34.86,1362000.0
07/23/2002,16:00,35.0,36.26,30.72,31.00,1388900.0
07/24/2002,16:00,29.47,33.87,28.41,32.9,1232400.0
07/25/2002,16:00,31.08,32.41,28.49,28.91,998600.0
07/26/2002,16:00,29.61,29.68,27.65,28.21,850600.0
07/29/2002,16:00,29.54,30.87,28.41,29.75,777800.0
07/30/2002,16:00,29.40,30.59,28.28,29.47,950500.0
07/31/2002,16:00,29.12,30.44,27.3,28.21,1344800.0
08/01/2002,16:00,28.28,28.49,26.25,26.59,942100.0
08/02/2002,16:00,26.25,27.43,23.66,26.25,1094600.0
08/05/2002,16:00,26.18,26.59,24.57,25.2,708500.0
08/06/2002,16:00,26.32,28.49,26.11,27.93,723600.0
08/07/2002,16:00,30.44,30.44,26.11,28.63,822500.0
08/08/2002,16:00,28.69,30.09,27.3,29.68,735600.0
08/09/2002,16:00,28.69,29.05,27.79,28.28,690100.0
08/12/2002,16:00,27.79,28.34,25.83,26.53,724800.0
08/13/2002,16:00,26.45,28.28,25.06,25.62,913100.0
08/14/2002,16:00,26.04,30.03,25.90,29.33,794600.0
08/15/2002,16:00,30.03,30.09,27.51,28.56,632300.0
08/16/2002,16:00,28.0,30.52,27.65,29.33,649000.0
08/19/2002,16:00,29.40,30.66,29.12,30.09,626500.0
08/20/2002,16:00,29.68,30.66,29.05,30.16,710600.0
08/21/2002,16:00,30.52,31.43,29.25,31.43,1006100.0
08/22/2002,16:00,28.56,32.12,28.13,28.84,2079000.0
08/23/2002,16:00,28.21,30.16,27.79,29.12,945600.0
08/26/2002,16:00,30.93,32.12,29.75,30.72,2109500.0
08/27/2002,16:00,31.63,34.30,30.93,33.32,2061900.0
08/28/2002,16:00,32.12,32.41,29.05,29.18,1222600.0
08/29/2002,16:00,28.97,30.59,28.69,29.82,890900.0
08/30/2002,16:00,29.40,29.96,28.28,28.34,566700.0
09/03/2002,16:00,28.28,28.28,25.83,26.11,1183700.0
09/04/2002,16:00,26.18,28.41,25.68,27.58,947400.0
09/05/2002,16:00,26.81,27.09,26.18,26.59,668000.0
09/06/2002,16:00,27.16,28.28,27.16,27.65,714700.0
09/09/2002,16:00,27.23,27.79,26.25,27.02,531600.0
09/10/2002,16:00,27.09,29.25,26.53,27.86,557100.0
09/11/2002,16:00,28.28,30.31,28.21,30.09,1176900.0
09/12/2002,16:00,29.40,29.88,28.69,29.05,583600.0
09/13/2002,16:00,28.49,29.40,28.0,28.84,688600.0
09/16/2002,16:00,28.77,28.97,26.88,27.16,548400.0
09/17/2002,16:00,28.0,29.18,26.95,27.23,802800.0
09/18/2002,16:00,27.16,27.37,25.41,25.62,684800.0
09/19/2002,16:00,25.27,25.55,23.66,23.73,986400.0
09/20/2002,16:00,24.99,25.27,23.09,24.43,1189300.0
09/23/2002,16:00,24.01,25.13,23.93,24.08,743900.0
09/24/2002,16:00,23.87,25.41,23.52,24.15,702200.0
09/25/2002,16:00,24.84,27.65,24.70,27.02,1215800.0
09/26/2002,16:00,27.43,27.58,23.8,24.22,915500.0
09/27/2002,16:00,24.08,24.15,20.51,22.26,2005000.0
09/30/2002,16:00,21.20,21.77,20.37,20.79,1142400.0
10/01/2002,16:00,21.7,21.91,19.25,21.28,1083500.0
10/02/2002,16:00,20.86,20.93,17.43,18.2,1425100.0
10/03/2002,16:00,18.13,18.62,17.22,17.57,1054000.0
10/04/2002,16:00,17.70,18.48,17.22,17.22,551500.0
10/07/2002,16:00,17.15,18.06,16.87,17.15,762600.0
10/08/2002,16:00,17.5,18.83,17.08,18.83,824100.0
10/09/2002,16:00,18.06,18.83,17.5,17.99,815700.0
10/10/2002,16:00,17.99,19.32,17.64,19.11,822500.0
10/11/2002,16:00,20.3,20.37,18.34,18.55,836000.0
10/14/2002,16:00,18.06,19.32,17.92,19.32,396600.0
10/15/2002,16:00,20.3,21.0,19.53,20.79,837000.0
10/16/2002,16:00,19.59,20.65,18.62,19.25,635600.0
10/17/2002,16:00,20.16,20.51,19.04,19.95,776600.0
10/18/2002,16:00,19.39,19.88,18.34,19.18,626400.0
10/21/2002,16:00,18.83,19.81,18.48,19.53,648500.0
10/22/2002,16:00,19.25,22.68,18.55,22.12,1167000.0
10/23/2002,16:00,21.7,24.43,21.7,24.22,1411300.0
10/24/2002,16:00,24.5,27.86,24.22,25.97,1628600.0
10/25/2002,16:00,24.99,27.3,24.64,25.97,623900.0
10/28/2002,16:00,27.09,27.16,24.5,25.06,714400.0
10/29/2002,16:00,24.99,25.76,21.14,22.47,903900.0
10/30/2002,16:00,22.89,25.76,21.98,24.57,1343200.0
10/31/2002,16:00,25.13,26.95,25.06,25.76,1260100.0
11/01/2002,16:00,25.68,31.43,24.43,30.66,2751100.0
11/04/2002,16:00,32.69,33.25,27.37,28.56,3269500.0
11/05/2002,16:00,27.79,30.16,27.72,28.63,1013200.0
11/06/2002,16:00,30.66,30.93,29.12,30.16,1218100.0
11/07/2002,16:00,29.05,30.09,27.93,28.34,688600.0
11/08/2002,16:00,28.41,29.25,27.09,27.65,595400.0
11/11/2002,16:00,27.51,27.51,24.43,24.5,880600.0
11/12/2002,16:00,25.48,26.95,25.2,26.04,647600.0
11/13/2002,16:00,25.76,29.47,25.41,28.69,1330300.0
11/14/2002,16:00,29.96,34.30,29.75,34.09,2265500.0
11/15/2002,16:00,32.69,33.94,30.24,32.12,1500900.0
11/18/2002,16:00,33.53,33.94,31.36,31.71,1038500.0
11/19/2002,16:00,30.93,32.27,29.40,29.68,836900.0
11/20/2002,16:00,29.75,31.99,29.12,31.22,1232900.0
11/21/2002,16:00,32.34,34.79,32.19,33.94,2657100.0
11/22/2002,16:00,33.32,40.32,32.62,39.06,4471400.0
11/25/2002,16:00,40.6,43.33,38.99,41.86,3886300.0
11/26/2002,16:00,40.53,42.0,38.43,40.74,3410300.0
11/27/2002,16:00,42.84,44.80,42.0,44.03,2277400.0
11/29/2002,16:00,45.08,47.53,44.31,46.55,1088400.0
12/02/2002,16:00,49.14,49.91,44.31,46.34,2228300.0
12/03/2002,16:00,45.08,45.5,40.74,41.65,3093500.0
12/04/2002,16:00,38.15,42.69,37.31,40.11,2281300.0
12/05/2002,16:00,42.14,42.35,37.94,41.72,2375900.0
12/06/2002,16:00,39.55,43.05,39.34,41.72,1712200.0
12/09/2002,16:00,40.46,41.37,35.41,35.69,2324200.0
12/10/2002,16:00,36.82,37.87,36.19,37.24,1707400.0
12/11/2002,16:00,36.4,38.57,35.21,36.26,1803500.0
12/12/2002,16:00,42.84,43.96,41.16,43.4,7274400.0
12/13/2002,16:00,42.62,43.4,40.66,41.09,1691600.0
12/16/2002,16:00,41.72,41.72,39.76,40.18,1439100.0
12/17/2002,16:00,40.25,42.84,40.04,41.23,1579300.0
12/18/2002,16:00,40.53,40.87,38.36,38.85,1109600.0
12/19/2002,16:00,38.71,40.6,37.1,37.59,1223300.0
12/20/2002,16:00,39.12,39.48,36.26,37.31,1610700.0
12/23/2002,16:00,37.16,40.18,37.1,39.97,1233600.0
12/24/2002,16:00,39.48,40.53,38.43,38.43,467500.0
12/26/2002,16:00,39.34,39.83,37.80,38.43,650200.0
12/27/2002,16:00,38.08,38.91,37.31,37.52,553300.0
12/30/2002,16:00,37.94,38.29,36.47,36.68,714600.0
12/31/2002,16:00,36.68,36.89,34.86,35.98,1177600.0
01/02/2003,16:00,37.1,39.76,36.19,39.69,1191100.0
01/03/2003,16:00,39.55,40.18,39.06,39.76,847700.0
01/06/2003,16:00,40.53,45.29,40.39,45.22,2451400.0
01/07/2003,16:00,44.59,45.43,43.68,45.08,2094600.0
01/08/2003,16:00,44.37,44.94,43.47,43.82,1503800.0
01/09/2003,16:00,45.08,47.25,44.59,46.19,1842300.0
01/10/2003,16:00,44.59,51.94,44.24,51.37,4197500.0
01/13/2003,16:00,53.62,54.18,50.75,51.66,2919300.0
01/14/2003,16:00,51.37,52.64,50.75,52.5,1878900.0
01/15/2003,16:00,52.29,52.43,47.81,49.62,2630600.0
01/16/2003,16:00,50.19,50.19,46.27,47.04,1967100.0
01/17/2003,16:00,45.08,45.5,42.91,43.4,1522300.0
01/21/2003,16:00,45.29,45.71,43.96,44.31,1373200.0
01/22/2003,16:00,43.12,45.36,42.07,42.62,1514400.0
01/23/2003,16:00,44.80,45.36,42.21,43.4,2079700.0
01/24/2003,16:00,44.37,45.43,43.05,44.66,2075000.0
01/27/2003,16:00,43.26,43.75,40.81,40.94,1766300.0
01/28/2003,16:00,43.05,44.73,42.07,44.16,2075500.0
01/29/2003,16:00,43.61,44.31,42.69,44.16,2433200.0
01/30/2003,16:00,45.08,45.29,41.58,41.86,1525900.0
01/31/2003,16:00,41.30,43.05,40.25,40.6,1530800.0
02/03/2003,16:00,41.16,41.79,40.46,40.6,864500.0
02/04/2003,16:00,38.99,39.76,38.5,39.34,1247100.0
02/05/2003,16:00,39.48,40.94,38.99,39.19,1095200.0
02/06/2003,16:00,39.06,40.46,38.08,38.78,906200.0
02/07/2003,16:00,39.76,40.04,31.36,38.22,1190300.0
02/10/2003,16:00,38.78,41.30,38.22,40.94,1167200.0
02/11/2003,16:00,42.0,42.84,39.9,40.25,1569100.0
02/12/2003,16:00,39.97,40.87,38.15,38.22,1193800.0
02/13/2003,16:00,38.64,38.71,36.26,37.66,1274600.0
02/14/2003,16:00,38.29,39.76,37.16,39.55,1391100.0
02/18/2003,16:00,41.16,41.58,39.76,40.53,1896700.0
02/19/2003,16:00,40.6,40.74,38.01,38.64,2702800.0
02/20/2003,16:00,39.97,40.53,37.52,37.87,3262800.0
02/21/2003,16:00,38.36,38.57,36.26,37.37,1376300.0
02/24/2003,16:00,36.82,37.73,36.4,36.47,1163800.0
02/25/2003,16:00,35.84,37.66,34.65,37.52,1914100.0
02/26/2003,16:00,37.1,38.43,36.26,36.47,1136500.0
02/27/2003,16:00,37.24,37.44,36.4,37.24,920000.0
02/28/2003,16:00,37.52,38.08,37.1,37.94,1050200.0
03/03/2003,16:00,38.43,39.06,37.03,37.1,1102400.0
03/04/2003,16:00,37.1,37.52,36.47,37.03,982300.0
03/05/2003,16:00,36.61,37.16,35.84,36.33,1115500.0
03/06/2003,16:00,36.4,37.03,35.77,36.75,865600.0
03/07/2003,16:00,35.84,37.31,35.77,36.96,914400.0
03/10/2003,16:00,36.68,37.03,35.49,36.05,1252100.0
03/11/2003,16:00,36.4,36.61,32.83,33.6,2076800.0
03/12/2003,16:00,33.25,33.46,29.54,31.36,3055700.0
03/13/2003,16:00,32.76,34.16,32.19,33.74,1770900.0
03/14/2003,16:00,34.16,35.84,33.6,34.16,1143900.0
03/17/2003,16:00,32.97,37.1,32.55,35.35,1871500.0
03/18/2003,16:00,36.4,36.54,35.0,35.77,1427500.0
03/19/2003,16:00,36.19,36.4,34.02,34.44,1171000.0
03/20/2003,16:00,34.93,35.0,33.39,34.72,931000.0
03/21/2003,16:00,35.77,35.98,34.72,34.86,1239600.0
03/24/2003,16:00,34.30,34.30,32.83,32.9,600200.0
03/25/2003,16:00,33.25,33.74,32.34,33.6,1020000.0
03/26/2003,16:00,32.97,33.53,32.19,32.69,1067600.0
03/27/2003,16:00,31.78,32.9,31.57,31.99,983900.0
03/28/2003,16:00,31.57,31.84,30.66,31.00,1096500.0
03/31/2003,16:00,30.52,31.08,29.47,30.59,1173600.0
04/01/2003,16:00,30.80,31.36,29.96,30.16,678100.0
04/02/2003,16:00,31.36,32.48,30.59,31.78,971400.0
04/03/2003,16:00,32.41,33.39,31.71,32.62,936400.0
04/04/2003,16:00,33.32,33.6,32.83,33.25,764000.0
04/07/2003,16:00,35.07,35.35,33.87,34.58,1201700.0
04/08/2003,16:00,34.51,34.58,32.62,32.83,943800.0
04/09/2003,16:00,33.04,33.87,31.22,31.36,1103700.0
04/10/2003,16:00,31.08,31.71,30.38,30.52,838600.0
04/11/2003,16:00,31.36,31.5,30.16,30.66,913600.0
04/14/2003,16:00,31.00,31.08,29.82,30.66,1168600.0
04/15/2003,16:00,30.44,30.59,29.75,29.82,780000.0
04/16/2003,16:00,30.31,31.57,29.88,30.44,1460400.0
04/17/2003,16:00,30.52,31.91,30.24,31.71,889700.0
04/21/2003,16:00,30.93,31.63,30.52,30.80,935400.0
04/22/2003,16:00,30.52,31.57,30.38,31.5,995600.0
04/23/2003,16:00,30.93,31.43,30.52,30.72,943200.0
04/24/2003,16:00,30.59,31.08,30.44,30.59,561400.0
04/25/2003,16:00,30.59,30.72,29.33,29.54,744500.0
04/28/2003,16:00,29.75,31.84,29.61,31.22,1212000.0
04/29/2003,16:00,31.57,34.16,31.57,33.04,2419400.0
04/30/2003,16:00,32.83,35.14,31.99,34.16,1713300.0
05/01/2003,16:00,35.35,36.4,34.79,36.05,2459400.0
05/02/2003,16:00,36.47,37.73,36.33,37.31,1733700.0
05/05/2003,16:00,38.01,40.46,37.66,39.62,2023600.0
05/06/2003,16:00,39.62,41.30,39.34,40.94,1752200.0
05/07/2003,16:00,39.62,39.9,38.15,38.64,1419100.0
05/08/2003,16:00,36.47,37.16,36.26,36.61,1457600.0
05/09/2003,16:00,37.66,38.01,36.82,37.80,878800.0
05/12/2003,16:00,38.29,39.34,37.52,38.15,1219700.0
05/13/2003,16:00,39.9,40.04,38.5,38.85,1655700.0
05/14/2003,16:00,39.62,39.83,37.31,38.5,1616400.0
05/15/2003,16:00,39.06,39.69,37.94,38.64,1251200.0
05/16/2003,16:00,38.08,41.30,36.75,38.15,1900900.0
05/19/2003,16:00,38.15,38.36,35.0,35.98,1677600.0
05/20/2003,16:00,35.98,36.61,34.65,35.21,1540800.0
05/21/2003,16:00,33.87,37.66,33.66,37.59,2153200.0
05/22/2003,16:00,34.93,35.07,33.53,34.79,3113900.0
05/23/2003,16:00,34.65,34.93,33.87,34.09,1005600.0
05/27/2003,16:00,34.02,36.4,33.81,36.4,2396600.0
05/28/2003,16:00,37.1,38.71,36.26,38.15,2297900.0
05/29/2003,16:00,39.19,39.83,38.43,38.91,2354300.0
05/30/2003,16:00,38.85,41.09,38.57,40.25,2147400.0
06/02/2003,16:00,41.58,41.86,38.64,38.85,2353900.0
06/03/2003,16:00,37.52,38.71,36.68,38.08,2306900.0
06/04/2003,16:00,38.15,39.55,38.08,39.19,1446800.0
06/05/2003,16:00,38.78,40.04,38.15,39.83,2225300.0
06/06/2003,16:00,41.37,42.84,39.34,39.9,3319600.0
06/09/2003,16:00,39.34,39.55,38.15,38.71,1308900.0
06/10/2003,16:00,38.22,39.55,36.75,37.73,1821300.0
06/11/2003,16:00,37.37,38.85,36.54,38.57,1088000.0
06/12/2003,16:00,39.55,39.55,38.08,39.06,730600.0
06/13/2003,16:00,39.27,39.41,36.68,37.03,1010500.0
06/16/2003,16:00,37.1,37.31,35.0,35.0,3423000.0
06/17/2003,16:00,35.56,35.62,34.72,35.35,2150500.0
06/18/2003,16:00,35.35,37.94,35.0,37.1,3687600.0
06/19/2003,16:00,37.80,38.01,36.26,36.61,2374800.0
06/20/2003,16:00,37.24,37.87,35.49,35.56,1771900.0
06/23/2003,16:00,35.69,35.91,34.23,34.72,1638300.0
06/24/2003,16:00,36.26,36.33,35.35,35.41,2154800.0
06/25/2003,16:00,35.69,36.12,35.14,35.35,1480600.0
06/26/2003,16:00,35.77,36.54,35.56,36.19,1201700.0
06/27/2003,16:00,36.12,37.1,35.91,36.4,1422300.0
06/30/2003,16:00,36.47,37.1,35.91,36.19,1267200.0
07/01/2003,16:00,35.98,37.03,34.79,36.96,1928300.0
07/02/2003,16:00,37.03,38.43,36.82,37.80,1834900.0
07/03/2003,16:00,37.37,40.18,37.1,38.57,2234400.0
07/07/2003,16:00,39.41,40.25,39.34,40.04,1864900.0
07/08/2003,16:00,39.83,40.25,38.29,40.25,1735300.0
07/09/2003,16:00,40.32,47.18,40.18,46.48,7775700.0
07/10/2003,16:00,44.52,46.12,43.75,44.44,2609400.0
07/11/2003,16:00,45.91,46.83,44.1,45.01,2504200.0
07/14/2003,16:00,45.99,46.06,44.37,44.73,2005100.0
07/15/2003,16:00,45.29,45.5,43.26,43.89,1091900.0
07/16/2003,16:00,44.03,44.16,40.81,41.44,2205300.0
07/17/2003,16:00,40.11,40.94,37.73,38.36,2548400.0
07/18/2003,16:00,39.55,39.62,37.66,38.85,1110200.0
07/21/2003,16:00,38.91,38.99,37.37,37.80,1082700.0
07/22/2003,16:00,39.19,41.58,38.71,41.23,2359200.0
07/23/2003,16:00,41.51,41.65,38.85,40.39,1494500.0
07/24/2003,16:00,40.87,41.30,38.57,38.99,1285500.0
07/25/2003,16:00,38.78,40.94,37.1,40.87,1775200.0
07/28/2003,16:00,41.16,41.86,40.25,41.16,1082900.0
07/29/2003,16:00,41.30,41.86,37.73,39.97,1455200.0
07/30/2003,16:00,40.25,40.66,39.19,39.69,746000.0
07/31/2003,16:00,40.66,41.51,39.41,40.32,1043300.0
08/01/2003,16:00,40.25,41.58,39.76,40.39,1043800.0
08/04/2003,16:00,39.83,40.39,38.5,38.99,1380900.0
08/05/2003,16:00,39.27,39.48,36.75,37.24,2180700.0
08/06/2003,16:00,37.16,37.80,36.12,36.4,1106400.0
08/07/2003,16:00,36.26,37.44,36.12,36.4,866500.0
08/08/2003,16:00,36.96,37.37,35.69,36.68,843200.0
08/11/2003,16:00,36.12,37.66,36.12,37.52,725900.0
08/12/2003,16:00,37.59,37.80,36.89,37.44,872500.0
08/13/2003,16:00,37.80,38.15,37.24,37.80,1142600.0
08/14/2003,16:00,38.08,38.5,37.16,38.5,886200.0
08/15/2003,16:00,38.36,39.12,38.15,38.71,361700.0
08/18/2003,16:00,38.99,40.39,38.78,40.32,909300.0
08/19/2003,16:00,40.25,42.49,40.25,41.93,2038200.0
08/20/2003,16:00,41.44,41.86,40.25,40.74,1625900.0
08/21/2003,16:00,39.62,43.05,38.5,42.28,5068100.0
08/22/2003,16:00,43.19,43.75,40.94,41.02,1599600.0
08/25/2003,16:00,40.81,41.16,39.97,40.6,758300.0
08/26/2003,16:00,42.56,43.26,42.0,43.26,2708800.0
08/27/2003,16:00,43.19,44.44,42.35,43.96,1719000.0
08/28/2003,16:00,44.80,45.36,44.1,45.01,1427700.0
08/29/2003,16:00,44.87,45.5,44.52,45.5,1053700.0
09/02/2003,16:00,45.91,46.41,44.59,45.85,1635000.0
09/03/2003,16:00,46.97,48.58,46.34,47.81,2712500.0
09/04/2003,16:00,49.0,49.77,48.09,48.51,2438800.0
09/05/2003,16:00,48.44,51.03,47.53,48.51,2643300.0
09/08/2003,16:00,49.35,52.15,49.14,51.73,2956100.0
09/09/2003,16:00,50.4,51.31,48.93,49.41,2210700.0
09/10/2003,16:00,49.07,49.07,46.62,47.18,1997100.0
09/11/2003,16:00,47.81,49.56,47.46,48.72,2191300.0
09/12/2003,16:00,49.84,50.12,46.48,48.44,3130000.0
09/15/2003,16:00,48.86,48.86,46.55,46.9,1558500.0
09/16/2003,16:00,47.66,49.0,46.97,48.86,2081900.0
09/17/2003,16:00,49.62,50.33,48.86,49.56,2139600.0
09/18/2003,16:00,49.21,49.49,48.79,49.21,1604000.0
09/19/2003,16:00,49.21,49.28,47.04,47.53,2142200.0
09/22/2003,16:00,46.48,46.76,45.15,45.85,1729600.0
09/23/2003,16:00,46.34,46.9,44.80,45.64,1600700.0
09/24/2003,16:00,45.85,46.12,43.05,43.05,2290500.0
09/25/2003,16:00,43.75,44.1,42.35,42.49,1378800.0
09/26/2003,16:00,42.14,42.56,40.32,40.6,1502900.0
09/29/2003,16:00,42.0,42.21,40.66,41.93,1256500.0
09/30/2003,16:00,41.65,42.0,40.94,41.02,1590800.0
10/01/2003,16:00,41.37,41.86,40.6,41.02,1265500.0
10/02/2003,16:00,41.23,41.65,40.87,41.58,1136600.0
10/03/2003,16:00,43.4,44.73,42.49,43.68,1598800.0
10/06/2003,16:00,44.52,45.08,43.4,44.66,1339000.0
10/07/2003,16:00,43.89,45.5,43.54,45.22,1442400.0
10/08/2003,16:00,45.29,45.91,42.98,43.47,2524800.0
10/09/2003,16:00,44.94,45.22,43.82,44.24,2145300.0
10/10/2003,16:00,45.15,45.64,43.82,45.08,2001400.0
10/13/2003,16:00,45.36,45.85,44.94,45.36,1010100.0
10/14/2003,16:00,45.22,45.57,44.66,45.43,761100.0
10/15/2003,16:00,45.85,46.48,44.94,45.15,1326300.0
10/16/2003,16:00,44.94,45.78,44.73,45.78,1057100.0
10/17/2003,16:00,45.5,46.06,43.89,44.16,957200.0
10/20/2003,16:00,44.37,44.80,43.19,44.16,1225800.0
10/21/2003,16:00,43.75,46.27,43.61,45.57,1813700.0
10/22/2003,16:00,45.22,45.5,43.75,43.89,1338600.0
10/23/2003,16:00,43.82,43.82,42.35,42.56,1594700.0
10/24/2003,16:00,42.07,42.28,41.09,41.86,1950700.0
10/27/2003,16:00,42.84,43.12,42.0,42.28,1642700.0
10/28/2003,16:00,42.91,44.94,42.41,44.66,1336900.0
10/29/2003,16:00,44.24,45.29,43.89,45.01,1406800.0
10/30/2003,16:00,45.57,46.06,44.16,44.87,1256600.0
10/31/2003,16:00,45.15,45.64,44.37,44.87,1003900.0
11/03/2003,16:00,45.43,46.9,45.15,46.69,1313100.0
11/04/2003,16:00,46.83,47.6,46.19,46.9,1787200.0
11/05/2003,16:00,47.18,48.02,46.27,47.81,1373000.0
11/06/2003,16:00,48.58,48.79,46.97,47.87,1522800.0
11/07/2003,16:00,48.65,48.72,47.74,48.30,966300.0
11/10/2003,16:00,47.25,48.30,45.57,45.91,1166300.0
11/11/2003,16:00,45.91,46.19,44.03,44.94,1461500.0
11/12/2003,16:00,45.15,47.25,45.08,47.18,1234800.0
11/13/2003,16:00,46.41,46.9,45.64,46.27,1238500.0
11/14/2003,16:00,46.48,47.6,44.52,45.01,2054500.0
11/17/2003,16:00,44.37,44.73,43.05,43.61,1565400.0
11/18/2003,16:00,45.5,47.11,45.08,45.36,2703600.0
11/19/2003,16:00,45.78,46.83,45.29,46.41,1263600.0
11/20/2003,16:00,45.64,47.74,45.43,46.62,1662100.0
11/21/2003,16:00,47.32,47.53,46.62,46.97,1476000.0
11/24/2003,16:00,47.32,49.35,46.9,49.21,2264400.0
11/25/2003,16:00,49.35,49.49,48.09,48.37,2728200.0
11/26/2003,16:00,48.79,49.41,47.94,49.14,1475400.0
11/28/2003,16:00,48.51,49.84,48.51,49.56,665600.0
12/01/2003,16:00,49.84,51.1,49.56,50.26,1561300.0
12/02/2003,16:00,50.12,50.12,49.62,49.91,690200.0
12/03/2003,16:00,49.98,50.4,47.53,48.09,2074100.0
12/04/2003,16:00,48.23,49.28,47.53,49.21,1279100.0
12/05/2003,16:00,48.30,48.93,48.16,48.51,921200.0
12/08/2003,16:00,47.87,48.51,46.34,47.32,1378700.0
12/09/2003,16:00,47.87,47.87,45.99,46.27,1033000.0
12/10/2003,16:00,45.71,46.41,42.98,44.44,2373300.0
12/11/2003,16:00,42.35,43.96,39.41,43.26,6256500.0
12/12/2003,16:00,40.94,42.21,40.66,41.30,3199300.0
12/15/2003,16:00,42.56,43.4,40.6,40.81,3226500.0
12/16/2003,16:00,41.02,41.86,40.66,41.58,1410000.0
12/17/2003,16:00,41.44,41.72,40.74,41.23,1322300.0
12/18/2003,16:00,41.58,42.69,41.44,42.69,1760000.0
12/19/2003,16:00,42.35,43.05,40.25,41.65,3663600.0
12/22/2003,16:00,41.72,42.69,41.65,42.28,1202900.0
12/23/2003,16:00,42.28,43.05,42.07,42.69,1515000.0
12/24/2003,16:00,42.35,42.84,42.28,42.62,329300.0
12/26/2003,16:00,42.84,43.12,42.69,43.12,360200.0
12/29/2003,16:00,43.05,43.47,42.49,42.91,774900.0
12/30/2003,16:00,42.56,43.33,42.41,42.69,885700.0
12/31/2003,16:00,44.80,46.69,44.44,45.91,3619000.0
01/02/2004,16:00,47.25,47.53,46.19,46.69,1487000.0
01/05/2004,16:00,47.18,47.53,46.34,46.76,1496000.0
01/06/2004,16:00,46.34,47.04,45.91,46.76,1102900.0
01/07/2004,16:00,46.83,46.9,45.64,46.48,1285100.0
01/08/2004,16:00,48.51,50.4,47.32,50.05,2845500.0
01/09/2004,16:00,49.35,49.98,48.02,48.72,2364500.0
01/12/2004,16:00,48.86,49.07,47.6,48.93,1916200.0
01/13/2004,16:00,48.65,48.79,46.62,46.69,1690500.0
01/14/2004,16:00,47.32,47.66,46.34,47.6,1061000.0
01/15/2004,16:00,47.32,47.39,46.12,46.97,1139200.0
01/16/2004,16:00,49.28,56.98,48.93,55.79,7135400.0
01/20/2004,16:00,56.20,56.91,53.27,55.72,3834700.0
01/21/2004,16:00,52.78,54.25,52.15,53.55,2224600.0
01/22/2004,16:00,51.87,54.04,50.96,51.31,2334300.0
01/23/2004,16:00,51.94,52.85,50.68,51.44,1625700.0
01/26/2004,16:00,51.44,53.76,51.1,53.62,1880000.0
01/27/2004,16:00,54.11,54.11,51.52,51.66,1644100.0
01/28/2004,16:00,52.5,52.78,49.49,50.68,1094900.0
01/29/2004,16:00,51.37,51.37,48.23,49.98,1817700.0
01/30/2004,16:00,52.29,52.29,50.54,50.75,1329300.0
02/02/2004,16:00,51.59,52.08,50.54,51.37,1328000.0
02/03/2004,16:00,51.1,51.37,50.54,51.03,1357200.0
02/04/2004,16:00,43.05,44.16,41.30,41.93,8128000.0
02/05/2004,16:00,42.77,43.33,41.65,42.28,2550400.0
02/06/2004,16:00,42.91,43.33,42.21,43.19,2136200.0
02/09/2004,16:00,43.47,43.68,42.21,42.62,1651700.0
02/10/2004,16:00,42.77,42.77,42.35,42.62,890300.0
02/11/2004,16:00,42.84,43.05,42.35,42.84,1281100.0
02/12/2004,16:00,42.98,42.98,42.21,42.56,1124300.0
02/13/2004,16:00,43.05,43.12,41.37,42.0,1573200.0
02/17/2004,16:00,43.12,45.85,42.77,44.87,4073100.0
02/18/2004,16:00,44.87,45.29,43.68,43.96,1988300.0
02/19/2004,16:00,43.61,44.80,42.77,43.19,3138800.0
02/20/2004,16:00,43.89,43.96,42.0,42.41,1569200.0
02/23/2004,16:00,43.05,43.05,41.30,41.72,1758900.0
02/24/2004,16:00,41.23,41.37,39.27,39.83,3326700.0
02/25/2004,16:00,40.39,40.87,39.62,39.76,1931600.0
02/26/2004,16:00,40.11,40.74,39.41,40.18,1586200.0
02/27/2004,16:00,40.87,40.94,39.9,40.11,1443400.0
03/01/2004,16:00,40.6,41.09,40.11,40.6,1402900.0
03/02/2004,16:00,40.81,41.23,40.46,40.74,981300.0
03/03/2004,16:00,41.23,41.93,40.66,40.74,1858000.0
03/04/2004,16:00,40.94,41.65,40.66,41.37,1034300.0
03/05/2004,16:00,40.66,41.44,40.6,40.66,1044600.0
03/08/2004,16:00,40.6,41.02,39.62,39.76,1611800.0
03/09/2004,16:00,39.48,40.25,38.57,38.85,1523200.0
03/10/2004,16:00,38.99,39.76,38.5,38.99,2137600.0
03/11/2004,16:00,38.85,40.04,38.5,38.99,1588900.0
03/12/2004,16:00,39.62,39.9,39.12,39.48,1418400.0
03/15/2004,16:00,39.34,39.69,36.61,36.75,2460800.0
03/16/2004,16:00,37.16,37.31,33.6,34.23,4911300.0
03/17/2004,16:00,35.56,35.69,34.65,35.07,2240100.0
03/18/2004,16:00,35.0,35.41,34.44,34.79,1311300.0
03/19/2004,16:00,36.05,36.54,35.28,35.41,1734600.0
03/22/2004,16:00,35.07,35.21,32.9,33.39,2327200.0
03/23/2004,16:00,33.74,34.51,33.04,33.18,1531600.0
03/24/2004,16:00,33.25,33.87,32.97,33.25,989900.0
03/25/2004,16:00,33.6,34.72,33.53,34.44,973400.0
03/26/2004,16:00,34.30,35.28,34.23,34.65,742900.0
03/29/2004,16:00,35.56,35.77,35.21,35.28,835000.0
03/30/2004,16:00,34.86,35.84,34.30,35.56,1239500.0
03/31/2004,16:00,35.56,35.69,34.72,34.79,981900.0
04/01/2004,16:00,35.14,35.56,34.51,35.07,1094000.0
04/02/2004,16:00,36.4,37.66,35.69,37.1,2415400.0
04/05/2004,16:00,37.44,38.43,37.03,38.36,1681300.0
04/06/2004,16:00,36.75,37.87,36.75,37.59,1294400.0
04/07/2004,16:00,37.31,37.59,36.54,36.75,1087800.0
04/08/2004,16:00,37.44,37.66,36.75,37.03,680600.0
04/12/2004,16:00,37.37,37.44,35.62,36.05,1055900.0
04/13/2004,16:00,36.26,36.4,34.72,35.0,1605600.0
04/14/2004,16:00,34.58,35.49,34.44,34.79,1356100.0
04/15/2004,16:00,35.0,35.21,33.87,34.23,1086800.0
04/16/2004,16:00,34.51,34.65,33.53,33.74,997800.0
04/19/2004,16:00,33.66,34.16,33.11,33.25,1635200.0
04/20/2004,16:00,33.6,35.56,33.25,33.81,2284300.0
04/21/2004,16:00,34.23,34.72,33.39,34.37,1288800.0
04/22/2004,16:00,34.23,35.14,33.66,34.37,872200.0
04/23/2004,16:00,35.0,35.56,34.72,35.0,1550000.0
04/26/2004,16:00,35.07,35.07,33.6,33.87,933900.0
04/27/2004,16:00,34.09,34.30,33.46,33.53,863800.0
04/28/2004,16:00,33.18,33.32,31.5,31.63,1315100.0
04/29/2004,16:00,31.84,31.91,29.96,30.24,1213200.0
04/30/2004,16:00,30.16,30.31,28.41,28.91,1383700.0
05/03/2004,16:00,29.25,29.40,26.18,28.0,4508900.0
05/04/2004,16:00,28.0,28.07,26.53,27.93,2724600.0
05/05/2004,16:00,27.93,28.21,27.3,28.07,1497300.0
05/06/2004,16:00,27.86,28.0,26.59,27.16,1297000.0
05/07/2004,16:00,26.81,27.86,26.25,26.53,1327200.0
05/10/2004,16:00,26.11,26.81,25.76,26.45,1444800.0
05/11/2004,16:00,26.81,27.37,26.32,27.16,941300.0
05/12/2004,16:00,27.65,27.72,26.18,26.88,1236100.0
05/13/2004,16:00,27.02,27.37,26.53,26.74,739300.0
05/14/2004,16:00,26.45,27.02,26.25,26.39,640800.0
05/17/2004,16:00,25.76,26.11,24.92,25.06,1123700.0
05/18/2004,16:00,25.48,26.45,25.34,25.68,1047700.0
05/19/2004,16:00,26.39,27.23,25.97,27.16,1095000.0
05/20/2004,16:00,25.2,25.34,23.09,23.45,4202200.0
05/21/2004,16:00,23.17,23.45,22.26,22.54,2410900.0
05/24/2004,16:00,22.82,22.95,22.26,22.33,1607300.0
05/25/2004,16:00,22.40,23.66,21.84,22.95,1471700.0
05/26/2004,16:00,23.17,23.73,23.09,23.24,2092700.0
05/27/2004,16:00,23.8,23.87,23.45,23.59,1390600.0
05/28/2004,16:00,24.70,25.34,24.36,25.13,2725300.0
06/01/2004,16:00,24.78,25.2,24.29,24.78,1200900.0
06/02/2004,16:00,25.2,25.27,24.22,24.43,895400.0
06/03/2004,16:00,24.57,24.78,23.03,23.24,1486600.0
06/04/2004,16:00,23.73,23.93,23.31,23.66,1335400.0
06/07/2004,16:00,24.29,24.29,23.66,23.93,1071300.0
06/08/2004,16:00,24.01,24.15,23.52,23.73,2281700.0
06/09/2004,16:00,24.15,24.43,23.45,23.87,1494800.0
06/10/2004,16:00,23.93,24.15,23.45,23.73,984900.0
06/14/2004,16:00,23.45,23.66,22.40,22.47,1392200.0
06/15/2004,16:00,22.89,22.89,22.54,22.75,1762000.0
06/16/2004,16:00,22.82,22.82,22.40,22.61,982900.0
06/17/2004,16:00,22.26,22.47,21.98,22.05,983900.0
06/18/2004,16:00,22.12,22.33,21.42,21.63,1746100.0
06/21/2004,16:00,21.91,22.12,21.20,21.34,1209100.0
06/22/2004,16:00,21.49,22.12,21.14,21.91,3488700.0
06/23/2004,16:00,22.05,25.55,21.98,24.78,6710100.0
06/24/2004,16:00,25.2,25.48,24.22,24.43,3846000.0
06/25/2004,16:00,24.5,26.95,24.36,26.32,4120200.0
06/28/2004,16:00,26.74,26.88,24.57,25.13,3404100.0
06/29/2004,16:00,25.41,26.59,24.64,26.53,3044100.0
06/30/2004,16:00,26.74,26.88,25.27,25.90,3745900.0
07/01/2004,16:00,25.97,26.04,24.5,24.57,2020500.0
07/02/2004,16:00,24.84,24.92,23.66,24.29,1694400.0
07/06/2004,16:00,23.8,24.15,22.47,23.09,2188200.0
07/07/2004,16:00,22.75,23.8,22.54,22.68,1863000.0
07/08/2004,16:00,22.40,23.31,22.18,22.54,1310300.0
07/09/2004,16:00,23.03,23.73,22.75,23.73,1533200.0
07/12/2004,16:00,23.59,23.8,22.12,22.54,1273900.0
07/13/2004,16:00,22.75,22.95,21.98,22.12,957200.0
07/14/2004,16:00,22.47,24.01,21.98,22.12,2527600.0
07/15/2004,16:00,22.61,22.75,21.98,22.26,1358300.0
07/16/2004,16:00,22.82,22.95,21.42,21.56,1202800.0
07/19/2004,16:00,21.91,23.87,21.63,23.09,3183600.0
07/20/2004,16:00,23.45,23.59,22.33,23.03,1350400.0
07/21/2004,16:00,22.82,23.59,21.63,21.63,1454400.0
07/22/2004,16:00,21.63,21.84,21.0,21.56,940400.0
07/23/2004,16:00,21.28,21.63,20.16,20.65,1754900.0
07/26/2004,16:00,20.65,20.93,20.02,20.23,931900.0
07/27/2004,16:00,20.37,20.51,19.25,19.81,1919200.0
07/28/2004,16:00,19.59,19.81,18.62,18.76,1990700.0
07/29/2004,16:00,19.81,20.3,19.53,19.59,1880000.0
07/30/2004,16:00,19.74,20.02,19.53,19.74,1424500.0
08/02/2004,16:00,19.45,20.51,19.25,19.32,1600200.0
08/03/2004,16:00,19.74,20.02,18.97,19.32,1417700.0
08/04/2004,16:00,15.75,15.89,14.42,14.56,11540300.0
08/05/2004,16:00,14.70,14.98,14.34,14.56,2032700.0
08/06/2004,16:00,14.34,14.56,14.06,14.34,1936900.0
08/09/2004,16:00,14.56,14.70,12.95,13.09,3240100.0
08/10/2004,16:00,13.44,13.65,13.09,13.29,1664700.0
08/11/2004,16:00,12.95,13.22,12.46,12.67,2173200.0
08/12/2004,16:00,12.53,12.74,11.9,12.18,1873700.0
08/13/2004,16:00,12.25,12.53,11.96,11.96,1400300.0
08/16/2004,16:00,11.96,12.46,11.69,12.18,1762200.0
08/17/2004,16:00,12.39,13.16,12.32,12.74,1452100.0
08/18/2004,16:00,12.6,13.65,12.46,13.58,1350500.0
08/19/2004,16:00,13.29,14.14,13.16,13.79,2462800.0
08/20/2004,16:00,14.34,14.98,14.14,14.48,3708900.0
08/23/2004,16:00,14.77,14.77,14.14,14.28,1117000.0
08/24/2004,16:00,14.62,14.70,13.58,13.71,1299400.0
08/25/2004,16:00,13.71,14.0,13.51,13.86,927500.0
08/26/2004,16:00,14.0,14.06,13.37,13.51,1208900.0
08/27/2004,16:00,13.51,13.71,12.88,12.95,2009300.0
08/30/2004,16:00,13.02,13.09,12.18,12.32,2758700.0
08/31/2004,16:00,12.46,12.81,12.25,12.74,1209900.0
09/01/2004,16:00,12.88,13.16,12.39,12.46,1746100.0
09/02/2004,16:00,12.53,12.95,12.46,12.81,1269700.0
09/03/2004,16:00,12.6,12.88,12.39,12.6,994300.0
09/07/2004,16:00,12.81,13.09,12.67,12.95,878200.0
09/08/2004,16:00,12.95,13.02,12.6,12.67,717800.0
09/09/2004,16:00,12.74,13.71,12.67,13.51,1526400.0
09/10/2004,16:00,13.58,14.20,13.44,14.0,2077200.0
09/13/2004,16:00,14.14,14.70,13.65,14.06,2834700.0
09/14/2004,16:00,14.20,14.34,13.79,14.06,1104800.0
09/15/2004,16:00,14.0,14.0,13.44,13.51,1027300.0
09/16/2004,16:00,13.37,13.58,12.95,13.29,777400.0
09/17/2004,16:00,13.09,13.65,13.09,13.29,1065900.0
09/20/2004,16:00,13.37,13.86,13.29,13.44,994200.0
09/21/2004,16:00,13.65,13.79,13.51,13.58,682400.0
09/22/2004,16:00,13.58,13.65,13.29,13.44,558500.0
09/23/2004,16:00,13.51,13.65,13.29,13.51,659900.0
09/24/2004,16:00,13.37,13.65,12.88,12.95,1185000.0
09/27/2004,16:00,12.88,13.29,12.81,12.81,553600.0
09/28/2004,16:00,12.95,13.22,12.32,13.09,1252300.0
09/29/2004,16:00,13.09,13.51,12.88,13.29,958800.0
09/30/2004,16:00,13.37,13.86,12.95,13.86,1667200.0
10/01/2004,16:00,13.93,14.28,13.58,14.28,1669800.0
10/04/2004,16:00,14.56,15.75,14.28,15.04,2343400.0
10/05/2004,16:00,15.04,15.26,14.77,15.04,1193500.0
10/06/2004,16:00,14.98,15.12,14.62,15.12,1009200.0
10/07/2004,16:00,15.04,15.26,14.42,14.77,1405400.0
10/08/2004,16:00,14.62,14.98,14.34,14.84,972200.0
10/11/2004,16:00,14.84,14.98,14.70,14.98,539200.0
10/12/2004,16:00,14.62,14.91,14.42,14.91,744700.0
10/13/2004,16:00,14.91,15.26,14.70,14.77,806900.0
10/14/2004,16:00,14.91,15.19,14.77,15.12,904600.0
10/15/2004,16:00,15.33,15.54,14.98,15.26,944100.0
10/18/2004,16:00,15.04,15.19,14.70,15.12,714400.0
10/19/2004,16:00,15.12,15.40,14.84,14.84,1174100.0
10/20/2004,16:00,14.91,15.40,14.77,15.33,830700.0
10/21/2004,16:00,15.19,17.29,15.19,16.73,2886900.0
10/22/2004,16:00,16.87,17.08,16.03,16.24,2428000.0
10/25/2004,16:00,15.95,17.08,15.89,16.87,1232600.0
10/26/2004,16:00,17.08,17.15,16.38,16.87,1583300.0
10/27/2004,16:00,16.87,17.84,16.59,17.36,1241800.0
10/28/2004,16:00,16.93,17.15,16.66,17.08,1367900.0
10/29/2004,16:00,16.8,17.29,16.59,17.29,876900.0
11/01/2004,16:00,17.22,17.43,16.52,16.8,795200.0
11/02/2004,16:00,16.52,17.01,15.75,15.81,1353100.0
11/03/2004,16:00,16.66,16.73,15.40,16.03,2270600.0
11/04/2004,16:00,15.95,16.09,15.40,15.95,1493900.0
11/05/2004,16:00,16.24,16.45,15.95,16.31,883700.0
11/08/2004,16:00,16.38,16.73,16.24,16.45,856700.0
11/09/2004,16:00,16.17,16.73,16.09,16.45,813800.0
11/10/2004,16:00,16.38,16.87,16.31,16.31,1038700.0
11/11/2004,16:00,16.59,17.22,16.38,17.08,2100500.0
11/12/2004,16:00,17.08,17.5,16.73,17.01,1726700.0
11/15/2004,16:00,17.01,18.62,16.93,17.70,3001000.0
11/16/2004,16:00,18.13,18.41,17.84,18.06,1548000.0
11/17/2004,16:00,18.48,18.62,17.99,18.55,1562000.0
11/18/2004,16:00,18.48,18.55,17.78,17.99,1140600.0
11/19/2004,16:00,17.70,17.92,16.8,16.93,1340500.0
11/22/2004,16:00,17.08,17.64,16.8,17.5,1258300.0
11/23/2004,16:00,17.57,17.70,16.93,17.43,829000.0
11/24/2004,16:00,17.43,17.5,17.01,17.22,473400.0
11/26/2004,16:00,17.22,17.5,17.08,17.22,342000.0
11/29/2004,16:00,17.36,17.78,17.08,17.36,1246000.0
11/30/2004,16:00,17.64,18.2,17.5,17.84,2270200.0
12/01/2004,16:00,18.13,18.2,17.5,17.57,903900.0
12/02/2004,16:00,17.78,17.84,17.15,17.36,1197200.0
12/03/2004,16:00,17.36,17.78,16.66,17.08,1775800.0
12/06/2004,16:00,17.43,17.43,16.8,16.8,978500.0
12/07/2004,16:00,16.93,16.93,15.75,16.31,1602000.0
12/08/2004,16:00,16.24,16.59,15.81,16.38,1666400.0
12/09/2004,16:00,18.68,20.93,18.62,20.16,12320600.0
12/10/2004,16:00,21.14,21.34,19.88,19.95,7603000.0
12/13/2004,16:00,20.65,20.79,20.16,20.58,2154100.0
12/14/2004,16:00,20.65,20.65,19.25,19.59,2919700.0
12/15/2004,16:00,19.59,19.81,19.32,19.53,1414700.0
12/16/2004,16:00,19.45,20.43,19.39,20.09,1741100.0
12/17/2004,16:00,19.74,20.16,19.25,19.45,1848100.0
12/20/2004,16:00,19.74,20.09,19.25,19.32,1356100.0
12/21/2004,16:00,19.45,19.88,19.39,19.53,1400000.0
12/22/2004,16:00,19.67,22.40,19.53,22.40,7454000.0
12/23/2004,16:00,21.77,23.73,21.77,23.09,4893700.0
12/27/2004,16:00,23.73,24.43,23.38,24.15,2659300.0
12/28/2004,16:00,24.36,24.5,23.03,23.17,1965200.0
12/29/2004,16:00,22.82,23.66,22.68,22.95,1692300.0
12/30/2004,16:00,23.09,23.38,22.89,22.89,1066600.0
12/31/2004,16:00,23.24,23.66,22.89,23.38,1070600.0
01/03/2005,16:00,23.66,24.01,22.95,23.24,1147600.0
01/04/2005,16:00,23.45,23.52,21.34,21.42,2787600.0
01/05/2005,16:00,21.20,21.77,20.23,21.20,2489000.0
01/06/2005,16:00,21.28,21.91,21.07,21.42,1939500.0
01/07/2005,16:00,21.56,21.63,20.65,21.07,1901700.0
01/10/2005,16:00,21.42,21.56,20.72,21.07,1471700.0
01/11/2005,16:00,21.14,21.14,19.59,19.81,2906200.0
01/12/2005,16:00,20.93,21.14,20.23,21.14,4302500.0
01/13/2005,16:00,21.34,21.34,20.3,20.51,1788700.0
01/14/2005,16:00,20.72,20.79,20.16,20.37,1020000.0
01/18/2005,16:00,20.23,20.72,19.81,20.37,1541300.0
01/19/2005,16:00,20.23,20.3,19.04,19.11,2734800.0
01/20/2005,16:00,18.62,19.59,18.55,18.62,1996700.0
01/21/2005,16:00,18.97,19.59,18.83,18.97,1481600.0
01/24/2005,16:00,19.04,19.45,18.55,18.68,1720400.0
01/25/2005,16:00,18.90,19.25,18.27,18.68,894900.0
01/26/2005,16:00,18.83,19.04,18.34,18.48,871000.0
01/27/2005,16:00,18.2,18.41,17.5,17.78,1444700.0
01/28/2005,16:00,17.92,18.27,17.70,18.06,1088200.0
01/31/2005,16:00,18.34,18.55,17.57,17.84,1274000.0
02/01/2005,16:00,17.78,17.84,17.08,17.29,1242500.0
02/02/2005,16:00,17.29,18.27,17.08,17.92,1709100.0
02/03/2005,16:00,18.2,18.76,17.84,18.48,1571200.0
02/04/2005,16:00,18.68,19.88,17.64,18.90,1725100.0
02/07/2005,16:00,19.25,19.25,18.62,18.97,1046800.0
02/08/2005,16:00,19.04,20.16,18.83,19.88,2218100.0
02/09/2005,16:00,20.43,20.65,19.25,19.53,1513600.0
02/10/2005,16:00,19.81,19.81,18.83,19.59,1125200.0
02/11/2005,16:00,19.39,20.23,19.32,19.81,880000.0
02/14/2005,16:00,19.81,20.09,18.90,19.25,957300.0
02/15/2005,16:00,19.25,19.74,19.04,19.39,662400.0
02/16/2005,16:00,19.25,19.32,18.76,19.04,923600.0
02/17/2005,16:00,18.90,19.25,18.13,18.2,1295300.0
02/18/2005,16:00,18.27,18.83,17.84,17.84,765300.0
02/22/2005,16:00,17.84,19.32,17.84,19.25,2274200.0
02/23/2005,16:00,19.53,19.88,16.8,16.8,5619000.0
02/24/2005,16:00,17.01,17.08,13.58,14.91,7118200.0
02/25/2005,16:00,14.98,15.04,14.14,14.28,3504300.0
02/28/2005,16:00,14.42,14.62,13.65,13.86,2302400.0
03/01/2005,16:00,13.93,14.62,13.71,14.48,2270600.0
03/02/2005,16:00,14.48,14.62,13.86,14.0,1290700.0
03/03/2005,16:00,14.20,14.20,13.86,13.86,808600.0
03/04/2005,16:00,14.0,14.06,13.79,13.79,1039000.0
03/07/2005,16:00,13.93,14.14,13.86,13.93,1406300.0
03/08/2005,16:00,14.06,14.14,13.29,13.37,1122100.0
03/09/2005,16:00,13.58,14.70,13.51,13.93,2672900.0
03/10/2005,16:00,14.0,14.06,13.51,13.58,1351900.0
03/11/2005,16:00,13.79,14.56,13.71,14.0,2401000.0
03/14/2005,16:00,14.06,14.28,13.22,13.44,2036300.0
03/15/2005,16:00,13.71,13.86,13.44,13.51,872500.0
03/16/2005,16:00,13.22,13.65,13.16,13.29,945000.0
03/17/2005,16:00,13.22,13.37,12.74,12.95,1307400.0
03/18/2005,16:00,12.88,13.16,12.39,12.95,2000900.0
03/21/2005,16:00,13.02,13.79,12.81,13.65,1976000.0
03/22/2005,16:00,13.58,13.71,13.22,13.22,1153600.0
03/23/2005,16:00,13.44,13.51,12.81,12.95,811500.0
03/24/2005,16:00,13.02,13.09,12.67,12.74,589500.0
03/28/2005,16:00,12.74,12.88,12.32,12.32,872300.0
03/29/2005,16:00,12.25,12.46,11.96,12.04,1052500.0
03/30/2005,16:00,12.04,12.25,11.9,12.04,1327900.0
03/31/2005,16:00,12.04,12.04,11.47,12.04,1922900.0
04/01/2005,16:00,12.32,12.67,11.69,11.9,1125200.0
04/04/2005,16:00,12.04,12.25,11.54,11.83,919900.0
04/05/2005,16:00,11.83,12.11,11.54,11.9,1340700.0
04/06/2005,16:00,12.11,12.6,12.04,12.32,2317300.0
04/07/2005,16:00,12.53,13.16,12.32,13.16,1169700.0
04/08/2005,16:00,13.16,13.44,12.95,13.37,1712400.0
04/11/2005,16:00,13.51,14.0,13.29,13.86,1283700.0
04/12/2005,16:00,13.86,13.93,12.88,13.29,1208200.0
04/13/2005,16:00,12.88,13.37,12.74,13.09,972700.0
04/14/2005,16:00,13.16,13.22,12.6,13.16,835700.0
04/15/2005,16:00,13.09,13.51,12.74,13.44,830200.0
04/18/2005,16:00,13.09,13.71,12.53,13.29,3156300.0
04/19/2005,16:00,13.79,13.79,13.44,13.65,731400.0
04/20/2005,16:00,13.58,14.20,13.58,14.14,1395100.0
04/21/2005,16:00,14.14,14.34,13.86,14.34,819700.0
04/22/2005,16:00,14.28,14.34,12.88,13.37,714800.0
04/25/2005,16:00,14.28,14.34,13.86,14.06,1073600.0
04/26/2005,16:00,14.0,14.0,13.58,13.65,493800.0
04/27/2005,16:00,13.37,14.20,13.37,14.14,804900.0
04/28/2005,16:00,15.12,15.68,14.48,14.70,5038000.0
04/29/2005,16:00,14.84,16.17,14.34,16.09,3320300.0
05/02/2005,16:00,16.09,16.38,15.75,16.09,1871800.0
05/03/2005,16:00,16.09,16.38,15.19,15.40,1452700.0
05/04/2005,16:00,15.54,15.75,15.04,15.33,939000.0
05/05/2005,16:00,15.33,15.40,14.84,14.98,704300.0
05/06/2005,16:00,15.12,15.33,14.77,14.98,666100.0
05/09/2005,16:00,14.91,15.26,14.70,15.12,743100.0
05/10/2005,16:00,14.91,14.98,14.77,14.91,357400.0
05/11/2005,16:00,14.84,15.04,14.48,14.91,483800.0
05/12/2005,16:00,14.91,15.04,14.42,14.56,504000.0
05/13/2005,16:00,14.42,14.77,14.34,14.56,569600.0
05/16/2005,16:00,14.70,14.84,14.34,14.56,658600.0
05/17/2005,16:00,14.77,15.26,14.42,15.26,939000.0
05/18/2005,16:00,15.26,15.33,14.77,15.04,1281100.0
05/19/2005,16:00,15.04,16.17,15.04,15.68,1461300.0
05/20/2005,16:00,15.81,16.09,15.19,15.75,990200.0
05/23/2005,16:00,16.38,17.08,16.09,16.66,1947000.0
05/24/2005,16:00,16.66,16.73,16.45,16.59,783900.0
05/25/2005,16:00,16.38,16.8,15.75,16.73,1687200.0
05/26/2005,16:00,16.38,16.66,15.95,16.38,1550000.0
05/27/2005,16:00,16.24,16.59,16.17,16.52,967500.0
05/31/2005,16:00,15.81,16.87,15.26,15.54,2701500.0
06/01/2005,16:00,15.75,17.15,15.68,17.15,1792600.0
06/02/2005,16:00,18.06,18.55,16.45,16.87,5114300.0
06/03/2005,16:00,16.52,16.66,15.40,15.54,2707100.0
06/06/2005,16:00,15.81,16.52,15.61,15.81,1544400.0
06/07/2005,16:00,15.95,16.52,15.81,16.31,1226200.0
06/08/2005,16:00,16.45,16.52,15.81,16.09,761700.0
06/09/2005,16:00,16.03,16.52,15.81,16.52,921000.0
06/10/2005,16:00,16.45,16.59,16.09,16.24,800700.0
06/13/2005,16:00,16.31,16.52,16.09,16.52,933400.0
06/14/2005,16:00,16.38,16.87,16.24,16.8,944000.0
06/15/2005,16:00,16.87,17.29,16.52,16.73,1219900.0
06/16/2005,16:00,16.59,17.29,16.59,16.73,604100.0
06/17/2005,16:00,17.15,17.22,16.66,16.8,1440500.0
06/20/2005,16:00,16.8,16.8,16.45,16.73,898300.0
06/21/2005,16:00,16.8,16.93,16.38,16.45,1061100.0
06/22/2005,16:00,16.52,16.59,15.95,16.17,898300.0
06/23/2005,16:00,16.09,16.31,15.81,15.95,1544800.0
06/24/2005,16:00,15.75,16.09,15.04,15.12,5113300.0
06/27/2005,16:00,15.04,15.26,14.70,14.91,879800.0
06/28/2005,16:00,14.91,15.12,14.70,14.84,1032800.0
06/29/2005,16:00,14.98,15.04,14.84,14.98,553000.0
06/30/2005,16:00,15.04,15.04,14.48,14.62,685300.0
07/01/2005,16:00,14.56,14.84,14.56,14.70,373900.0
07/05/2005,16:00,14.56,16.09,14.56,15.95,2638900.0
07/06/2005,16:00,16.09,16.52,15.68,15.89,1493500.0
07/07/2005,16:00,15.40,15.61,15.04,15.19,1365100.0
07/08/2005,16:00,15.33,16.09,15.19,16.03,1077900.0
07/11/2005,16:00,15.95,16.59,15.95,16.45,1455300.0
07/12/2005,16:00,16.52,16.66,16.09,16.17,1133200.0
07/13/2005,16:00,16.31,16.59,15.75,16.52,1125600.0
07/14/2005,16:00,16.8,17.15,16.09,16.17,1597400.0
07/15/2005,16:00,16.09,16.93,16.09,16.31,1925800.0
07/18/2005,16:00,16.38,16.52,16.03,16.09,795700.0
07/19/2005,16:00,16.24,16.38,16.03,16.09,509700.0
07/20/2005,16:00,16.03,16.24,15.75,15.95,1052700.0
07/21/2005,16:00,15.95,16.09,15.61,15.68,656500.0
07/22/2005,16:00,15.68,16.17,15.46,16.09,689900.0
07/25/2005,16:00,16.03,16.09,15.40,15.54,503200.0
07/26/2005,16:00,15.61,15.89,15.46,15.61,501100.0
07/27/2005,16:00,15.54,15.89,15.46,15.75,661200.0
07/28/2005,16:00,15.75,16.45,15.54,16.09,1838900.0
07/29/2005,16:00,16.17,16.38,15.68,15.68,657900.0
08/01/2005,16:00,15.75,15.95,15.61,15.75,405900.0
08/02/2005,16:00,15.68,15.81,15.40,15.54,681600.0
08/03/2005,16:00,15.54,15.61,14.98,15.04,721600.0
08/04/2005,16:00,15.04,15.19,14.62,14.70,691100.0
08/05/2005,16:00,14.70,14.91,14.48,14.77,717400.0
08/08/2005,16:00,14.77,15.26,14.62,14.77,663200.0
08/09/2005,16:00,14.84,15.19,14.70,14.98,744300.0
08/10/2005,16:00,15.04,15.26,14.62,14.70,546400.0
08/11/2005,16:00,14.70,15.19,14.70,15.12,911900.0
08/12/2005,16:00,14.98,15.04,14.70,14.70,762000.0
08/15/2005,16:00,14.70,15.04,14.62,14.77,986400.0
08/16/2005,16:00,14.70,14.84,14.42,14.42,641100.0
08/17/2005,16:00,14.48,14.91,14.34,14.48,887400.0
08/18/2005,16:00,14.42,14.56,14.28,14.34,572900.0
08/19/2005,16:00,14.91,15.04,14.70,14.91,868600.0
08/22/2005,16:00,14.98,15.04,14.48,14.77,377600.0
08/23/2005,16:00,14.77,14.91,14.56,14.70,493700.0
08/24/2005,16:00,14.77,15.68,14.62,15.46,1658000.0
08/25/2005,16:00,15.40,15.89,15.40,15.75,854800.0
08/26/2005,16:00,15.75,15.81,15.33,15.54,588200.0
08/29/2005,16:00,15.26,16.03,15.19,16.03,716200.0
08/30/2005,16:00,15.81,15.89,15.26,15.40,577100.0
08/31/2005,16:00,15.40,16.24,15.40,15.75,2923000.0
09/01/2005,16:00,16.24,16.38,14.62,15.04,3869100.0
09/02/2005,16:00,14.98,15.12,14.70,14.91,681200.0
09/06/2005,16:00,14.84,15.19,14.70,14.84,1235700.0
09/07/2005,16:00,14.84,14.91,14.70,14.84,547500.0
09/08/2005,16:00,14.77,15.04,14.70,14.98,715300.0
09/09/2005,16:00,14.91,15.19,14.91,15.12,865800.0
09/12/2005,16:00,15.04,15.54,15.04,15.46,878500.0
09/13/2005,16:00,15.46,16.24,15.40,15.75,1853100.0
09/14/2005,16:00,15.95,15.95,15.04,15.26,1287200.0
09/15/2005,16:00,15.33,15.40,14.84,14.98,865200.0
09/16/2005,16:00,15.04,15.19,14.91,15.19,1335100.0
09/19/2005,16:00,15.04,15.19,14.77,14.91,538500.0
09/20/2005,16:00,14.98,15.81,14.91,15.75,2679300.0
09/21/2005,16:00,15.54,16.09,15.33,15.68,1453000.0
09/22/2005,16:00,15.61,15.68,15.19,15.33,1072100.0
09/23/2005,16:00,15.26,15.75,15.26,15.75,1032300.0
09/26/2005,16:00,15.89,17.5,15.89,17.08,3146100.0
09/27/2005,16:00,17.08,17.43,16.24,17.08,1926500.0
09/28/2005,16:00,17.22,19.25,17.08,18.83,5785600.0
09/29/2005,16:00,18.83,18.90,17.64,17.78,2144900.0
09/30/2005,16:00,17.84,18.48,17.78,18.48,1360000.0
10/03/2005,16:00,18.90,19.04,17.84,18.55,1350100.0
10/04/2005,16:00,18.76,19.88,18.48,19.53,3214000.0
10/05/2005,16:00,19.45,20.3,19.11,19.67,3930200.0
10/06/2005,16:00,19.39,20.16,18.27,18.68,1688800.0
10/07/2005,16:00,18.62,19.04,18.41,18.55,1243600.0
10/10/2005,16:00,18.48,18.62,17.57,17.92,1260400.0
10/11/2005,16:00,18.27,18.90,17.43,17.78,1916400.0
10/12/2005,16:00,17.64,17.78,16.09,16.8,2015500.0
10/13/2005,16:00,16.93,17.5,16.52,17.29,1183400.0
10/14/2005,16:00,17.5,17.57,16.66,17.08,1024900.0
10/17/2005,16:00,17.15,17.57,16.8,17.57,1168500.0
10/18/2005,16:00,17.57,18.13,17.5,17.92,1100900.0
10/19/2005,16:00,17.64,18.62,16.66,18.48,2046300.0
10/20/2005,16:00,18.41,18.48,17.5,17.57,1094000.0
10/21/2005,16:00,17.57,18.13,17.36,17.64,847400.0
10/24/2005,16:00,17.70,18.48,17.57,18.2,1001400.0
10/25/2005,16:00,18.2,18.2,17.22,17.43,936100.0
10/26/2005,16:00,17.64,17.70,15.19,15.68,3092300.0
10/27/2005,16:00,15.75,16.09,15.68,15.95,1003400.0
10/28/2005,16:00,16.24,16.66,15.89,16.59,1295600.0
10/31/2005,16:00,16.73,17.08,16.45,16.59,1289800.0
11/01/2005,16:00,16.52,16.73,16.31,16.52,594400.0
11/02/2005,16:00,16.8,17.08,16.45,17.08,1141300.0
11/03/2005,16:00,17.29,18.13,17.01,17.99,1853400.0
11/04/2005,16:00,18.06,18.27,17.36,17.64,2370300.0
11/07/2005,16:00,17.78,17.84,17.15,17.36,1381100.0
11/08/2005,16:00,17.36,17.43,16.87,17.01,854100.0
11/09/2005,16:00,16.93,17.78,16.87,17.78,1110600.0
11/10/2005,16:00,17.70,17.99,17.29,17.84,1353000.0
11/11/2005,16:00,17.92,17.99,17.43,17.57,728300.0
11/14/2005,16:00,17.64,18.2,17.36,18.13,1052600.0
11/15/2005,16:00,17.92,18.27,17.84,18.06,1004900.0
11/16/2005,16:00,17.99,18.55,17.92,18.41,1428400.0
11/17/2005,16:00,18.34,18.97,18.2,18.90,1128600.0
11/18/2005,16:00,19.04,19.25,18.55,18.97,901300.0
11/21/2005,16:00,18.97,19.11,18.41,19.11,657500.0
11/22/2005,16:00,18.83,19.25,18.55,19.04,564300.0
11/23/2005,16:00,19.11,20.23,18.76,19.59,1737300.0
11/25/2005,16:00,19.53,19.74,19.18,19.59,387400.0
11/28/2005,16:00,19.45,19.45,18.76,19.04,897600.0
11/29/2005,16:00,19.39,20.23,19.32,20.02,2060900.0
11/30/2005,16:00,20.09,20.93,20.02,20.93,3015000.0
12/01/2005,16:00,21.0,21.42,20.51,21.0,1951600.0
12/02/2005,16:00,21.14,21.56,20.65,21.20,1587200.0
12/05/2005,16:00,21.14,21.20,20.3,20.72,1018100.0
12/06/2005,16:00,20.72,21.14,20.51,21.0,1256600.0
12/07/2005,16:00,21.0,21.56,20.86,21.42,2422700.0
12/08/2005,16:00,22.40,22.61,21.14,21.28,4025700.0
12/09/2005,16:00,20.86,21.7,20.86,21.34,2266200.0
12/12/2005,16:00,21.07,21.7,20.3,20.37,1480900.0
12/13/2005,16:00,20.37,20.51,19.32,20.02,2650200.0
12/14/2005,16:00,20.09,20.51,19.59,20.02,1188500.0
12/15/2005,16:00,20.23,20.86,20.02,20.58,1327200.0
12/16/2005,16:00,20.58,20.86,20.43,20.58,1204000.0
12/19/2005,16:00,20.16,20.3,19.67,19.74,887300.0
12/20/2005,16:00,19.88,19.95,18.68,19.04,1861600.0
12/21/2005,16:00,19.04,19.88,19.04,19.45,1284700.0
12/22/2005,16:00,19.67,20.09,19.32,19.81,1010100.0
12/23/2005,16:00,19.81,21.77,19.81,21.56,2272300.0
12/27/2005,16:00,21.34,22.05,20.51,20.58,1154000.0
12/28/2005,16:00,20.93,21.28,20.72,21.28,831500.0
12/29/2005,16:00,21.14,21.63,21.0,21.0,1102600.0
12/30/2005,16:00,20.79,21.0,20.3,20.79,851800.0
01/03/2006,16:00,20.79,21.7,20.37,21.34,1607900.0
01/04/2006,16:00,21.56,22.89,21.42,22.18,2919100.0
01/05/2006,16:00,22.26,22.95,22.05,22.05,1232700.0
01/06/2006,16:00,22.47,23.93,22.18,23.52,3278400.0
01/09/2006,16:00,23.73,24.22,23.38,23.87,1979200.0
01/10/2006,16:00,23.66,24.78,23.17,24.64,1742600.0
01/11/2006,16:00,24.64,26.04,24.57,24.99,4148600.0
01/12/2006,16:00,25.13,25.2,23.66,24.15,2144600.0
01/13/2006,16:00,23.87,24.5,23.24,24.15,1217400.0
01/17/2006,16:00,23.59,23.87,22.75,23.09,1416900.0
01/18/2006,16:00,22.18,24.01,21.77,23.93,1753600.0
01/19/2006,16:00,24.57,25.97,24.36,25.13,2767100.0
01/20/2006,16:00,24.92,25.27,24.15,24.5,1554200.0
01/23/2006,16:00,24.92,24.99,23.66,24.43,1465200.0
01/24/2006,16:00,24.29,25.83,24.22,25.83,1491000.0
01/25/2006,16:00,25.97,26.39,25.68,26.11,1521300.0
01/26/2006,16:00,26.45,27.86,26.25,27.79,2849500.0
01/27/2006,16:00,27.86,28.77,26.88,28.0,2886800.0
01/30/2006,16:00,27.51,27.65,26.67,26.95,2153300.0
01/31/2006,16:00,26.95,28.07,26.95,28.0,2096600.0
02/01/2006,16:00,28.0,28.69,27.65,28.28,1472600.0
02/02/2006,16:00,28.41,28.56,26.39,27.3,3953400.0
02/03/2006,16:00,26.74,27.37,26.04,27.3,1513800.0
02/06/2006,16:00,27.51,28.13,27.09,27.72,2707600.0
02/07/2006,16:00,27.65,27.79,26.67,26.74,1212800.0
02/08/2006,16:00,27.43,27.65,26.39,27.43,1047300.0
02/09/2006,16:00,27.51,29.40,27.09,28.49,2822200.0
02/10/2006,16:00,28.49,28.69,27.09,27.58,1672300.0
02/13/2006,16:00,27.51,27.79,27.16,27.3,950500.0
02/14/2006,16:00,26.67,27.79,26.67,27.79,909900.0
02/15/2006,16:00,27.37,28.07,27.37,27.65,815400.0
02/16/2006,16:00,27.65,29.12,27.58,28.63,1871900.0
02/17/2006,16:00,28.28,29.88,28.28,29.54,1939300.0
02/21/2006,16:00,29.68,31.00,29.40,30.31,2892000.0
02/22/2006,16:00,30.24,30.52,29.40,29.47,1419200.0
02/23/2006,16:00,30.44,31.43,29.54,29.82,1557000.0
02/24/2006,16:00,30.16,30.38,29.68,30.03,981800.0
02/27/2006,16:00,30.09,30.38,28.56,28.69,2107700.0
02/28/2006,16:00,28.77,29.47,27.65,28.13,1815400.0
03/01/2006,16:00,28.69,30.52,28.34,30.44,2714600.0
03/02/2006,16:00,28.84,32.76,28.49,32.48,7658400.0
03/03/2006,16:00,32.41,34.51,30.93,31.84,8229700.0
03/06/2006,16:00,32.55,35.0,31.63,32.48,4794400.0
03/07/2006,16:00,32.69,32.69,30.80,30.87,2209200.0
03/08/2006,16:00,30.44,32.12,30.24,31.71,2011600.0
03/09/2006,16:00,31.91,33.25,31.84,31.99,2465400.0
03/10/2006,16:00,32.27,33.25,32.12,33.04,1794800.0
03/13/2006,16:00,33.94,34.09,33.25,33.94,1663600.0
03/14/2006,16:00,34.16,34.58,33.94,34.16,1732800.0
03/15/2006,16:00,34.30,38.29,34.23,37.44,8066200.0
03/16/2006,16:00,36.4,37.66,35.35,35.62,7437800.0
03/17/2006,16:00,35.49,36.54,35.28,35.77,3020100.0
03/20/2006,16:00,36.4,36.4,35.21,35.56,1819400.0
03/21/2006,16:00,34.72,36.4,34.72,34.72,2359700.0
03/22/2006,16:00,34.72,35.49,33.94,34.23,2342100.0
03/23/2006,16:00,34.30,34.44,33.53,33.66,1961800.0
03/24/2006,16:00,33.74,36.26,33.74,36.05,3782700.0
03/27/2006,16:00,36.05,37.16,35.91,36.61,2113800.0
03/28/2006,16:00,37.31,39.34,37.1,37.87,4692500.0
03/29/2006,16:00,37.87,38.71,36.96,37.24,3586800.0
03/30/2006,16:00,37.87,38.22,36.68,36.82,2716700.0
03/31/2006,16:00,36.96,37.37,36.26,36.47,1692300.0
04/03/2006,16:00,37.24,37.66,36.33,36.54,2210900.0
04/04/2006,16:00,35.0,35.41,34.23,34.37,6909800.0
04/05/2006,16:00,34.37,34.86,33.46,33.94,8523100.0
04/06/2006,16:00,33.87,34.58,33.32,34.37,4485400.0
04/07/2006,16:00,34.51,34.86,33.6,33.66,3364400.0
04/10/2006,16:00,34.09,34.37,30.87,31.22,7336700.0
04/11/2006,16:00,31.43,31.63,28.21,29.40,12769600.0
04/12/2006,16:00,29.61,30.80,28.77,30.31,4497100.0
04/13/2006,16:00,30.16,30.87,29.88,30.24,2162000.0
04/17/2006,16:00,30.24,30.24,28.34,28.97,3179300.0
04/18/2006,16:00,29.18,31.57,28.84,31.15,7436600.0
04/19/2006,16:00,31.78,31.91,30.52,30.87,2722900.0
04/20/2006,16:00,31.78,31.78,29.68,30.31,3128800.0
04/21/2006,16:00,30.93,31.5,30.44,31.08,4887000.0
04/24/2006,16:00,30.93,31.43,30.44,30.59,1946700.0
04/25/2006,16:00,30.87,31.15,29.47,30.38,4560500.0
04/26/2006,16:00,30.52,30.80,29.61,29.75,1928700.0
04/27/2006,16:00,29.47,29.75,28.56,28.97,3926900.0
04/28/2006,16:00,28.77,29.05,28.28,28.63,3860000.0
05/01/2006,16:00,28.84,28.97,27.79,28.07,3453700.0
05/02/2006,16:00,28.13,29.47,28.13,29.25,3607600.0
05/03/2006,16:00,29.40,29.96,28.84,29.18,1589100.0
05/04/2006,16:00,29.18,29.75,28.97,29.33,1700600.0
05/05/2006,16:00,29.75,29.88,28.84,29.18,2227000.0
05/08/2006,16:00,29.18,30.31,29.12,30.09,2418300.0
05/09/2006,16:00,30.16,30.59,29.75,30.52,2164400.0
05/10/2006,16:00,30.59,30.59,29.82,29.96,2339800.0
05/11/2006,16:00,29.88,29.88,26.88,27.23,6133800.0
05/12/2006,16:00,26.95,27.58,26.18,27.43,3187500.0
05/15/2006,16:00,27.16,27.3,25.68,26.25,2738600.0
05/16/2006,16:00,26.32,27.72,26.18,26.95,2542400.0
05/17/2006,16:00,26.74,27.43,26.18,26.74,2263900.0
05/18/2006,16:00,26.95,28.13,26.74,26.81,2610700.0
05/19/2006,16:00,27.02,28.41,26.81,28.07,3485400.0
05/22/2006,16:00,27.65,28.49,27.23,27.72,2316500.0
05/23/2006,16:00,28.28,29.05,28.0,28.41,2937500.0
05/24/2006,16:00,28.13,28.97,26.59,27.37,3416700.0
05/25/2006,16:00,27.79,28.34,26.95,28.0,1662100.0
05/26/2006,16:00,28.21,28.28,27.58,27.86,1439400.0
05/30/2006,16:00,27.79,27.79,26.45,26.45,1750400.0
05/31/2006,16:00,26.88,30.09,26.81,30.09,8179100.0
06/01/2006,16:00,31.5,32.06,30.52,31.43,6473600.0
06/02/2006,16:00,33.11,33.32,32.12,32.55,4266900.0
06/05/2006,16:00,32.48,33.04,31.78,31.78,2300900.0
06/06/2006,16:00,31.84,32.62,31.08,32.41,2478700.0
06/07/2006,16:00,32.55,33.25,30.80,30.93,3001900.0
06/08/2006,16:00,30.66,30.93,28.49,30.87,4352700.0
06/09/2006,16:00,31.22,32.19,29.33,29.75,3807100.0
06/12/2006,16:00,29.75,29.75,27.65,27.79,2894000.0
06/13/2006,16:00,27.79,28.97,26.45,26.53,4108500.0
06/14/2006,16:00,27.23,29.18,26.74,28.13,3951000.0
06/15/2006,16:00,28.69,30.09,28.56,29.75,2633000.0
06/16/2006,16:00,30.09,30.44,28.69,28.84,3936200.0
06/19/2006,16:00,28.97,29.33,28.0,28.21,1802100.0
06/20/2006,16:00,28.21,29.25,27.79,28.77,2251000.0
06/21/2006,16:00,28.56,30.44,28.56,30.09,2985500.0
06/22/2006,16:00,30.09,30.09,29.25,29.61,1533500.0
06/23/2006,16:00,29.54,30.93,29.25,30.52,2104700.0
06/26/2006,16:00,30.87,31.36,30.72,31.00,2636700.0
06/27/2006,16:00,30.87,31.08,29.18,29.33,2811700.0
06/28/2006,16:00,29.40,29.75,28.84,29.61,1543000.0
06/29/2006,16:00,29.75,31.43,29.68,31.43,2518500.0
06/30/2006,16:00,31.5,33.66,30.93,33.66,9305600.0
07/03/2006,16:00,32.48,33.18,31.71,31.71,1554300.0
07/05/2006,16:00,31.57,32.41,31.43,31.63,1933900.0
07/06/2006,16:00,31.91,32.48,31.71,32.19,2029100.0
07/07/2006,16:00,32.27,32.27,30.03,30.24,3524900.0
07/10/2006,16:00,30.52,30.72,29.05,29.25,1912500.0
07/11/2006,16:00,29.05,29.33,28.0,29.12,2380500.0
07/12/2006,16:00,29.33,30.38,28.34,28.49,2545000.0
07/13/2006,16:00,28.0,28.91,27.3,27.93,3965300.0
07/14/2006,16:00,27.86,28.56,27.23,27.43,2077100.0
07/17/2006,16:00,27.65,28.49,27.23,27.58,1430800.0
07/18/2006,16:00,27.79,28.56,25.97,26.81,4372400.0
07/19/2006,16:00,26.59,28.13,26.18,27.43,2623200.0
07/20/2006,16:00,27.43,28.97,26.59,26.67,3387600.0
07/21/2006,16:00,26.95,27.09,23.73,24.15,5503000.0
07/24/2006,16:00,24.5,24.70,23.73,23.93,2935100.0
07/25/2006,16:00,24.15,24.99,23.93,24.84,1749100.0
07/26/2006,16:00,25.06,25.97,24.70,25.76,1894200.0
07/27/2006,16:00,26.11,26.18,23.38,24.22,3222500.0
07/28/2006,16:00,23.87,24.78,23.87,24.70,1240200.0
07/31/2006,16:00,24.70,25.83,24.57,25.41,1690600.0
08/01/2006,16:00,25.27,25.48,23.93,24.5,1354100.0
08/02/2006,16:00,25.06,25.06,24.29,24.5,1400200.0
08/03/2006,16:00,24.15,25.83,23.93,25.41,1445300.0
08/04/2006,16:00,26.04,26.53,24.57,25.48,1363900.0
08/07/2006,16:00,25.41,25.41,24.84,24.84,720900.0
08/08/2006,16:00,25.13,25.76,24.22,24.43,1296100.0
08/09/2006,16:00,24.92,26.32,24.84,25.83,3259300.0
08/10/2006,16:00,25.62,26.74,25.62,26.67,1444800.0
08/11/2006,16:00,26.59,26.95,25.83,26.04,1154000.0
08/14/2006,16:00,26.67,27.23,26.25,26.25,1517800.0
08/15/2006,16:00,26.88,27.23,26.74,27.09,1192600.0
08/16/2006,16:00,27.37,27.51,26.95,27.02,3192900.0
08/17/2006,16:00,27.16,28.91,26.95,28.56,3082800.0
08/18/2006,16:00,28.41,29.33,27.65,29.33,2180500.0
08/21/2006,16:00,29.25,29.25,28.13,28.63,1479800.0
08/22/2006,16:00,28.49,29.18,28.41,28.69,1759800.0
08/23/2006,16:00,28.69,29.05,27.79,27.93,1677200.0
08/24/2006,16:00,28.34,28.41,27.65,28.28,1954100.0
08/25/2006,16:00,28.07,29.33,28.07,28.97,1528900.0
08/28/2006,16:00,29.33,29.88,29.12,29.54,1889800.0
08/29/2006,16:00,29.75,29.96,29.12,29.82,1749300.0
08/30/2006,16:00,30.09,30.24,29.47,30.16,2788900.0
08/31/2006,16:00,29.47,29.75,27.02,27.65,10093600.0
09/01/2006,16:00,27.79,28.13,26.32,28.13,4447000.0
09/05/2006,16:00,27.93,28.21,27.16,27.86,2610300.0
09/06/2006,16:00,27.23,27.72,26.95,26.95,1281700.0
09/07/2006,16:00,26.95,26.95,25.68,25.90,2276800.0
09/08/2006,16:00,26.11,27.43,26.11,27.16,2238800.0
09/11/2006,16:00,26.81,27.65,26.45,27.23,1605500.0
09/12/2006,16:00,27.37,29.68,27.23,29.33,3621900.0
09/13/2006,16:00,29.61,30.31,28.41,28.56,4514300.0
09/14/2006,16:00,28.28,30.59,28.13,30.44,4107500.0
09/15/2006,16:00,30.59,30.87,29.25,30.09,2679200.0
09/18/2006,16:00,29.75,30.31,29.47,29.96,1522400.0
09/19/2006,16:00,29.54,29.75,28.91,29.68,1613900.0
09/20/2006,16:00,29.88,30.44,29.05,29.47,2163100.0
09/21/2006,16:00,29.33,30.03,29.33,29.61,1190800.0
09/22/2006,16:00,29.33,30.16,28.69,30.03,1161800.0
09/25/2006,16:00,28.85,29.68,28.29,29.68,11728500.0
09/26/2006,16:00,29.5,29.89,28.0,28.11,3121000.0
09/27/2006,16:00,28.0,28.1,26.25,27.42,3207000.0
09/28/2006,16:00,27.34,28.03,26.37,26.47,2516800.0
09/29/2006,16:00,26.35,27.29,26.15,27.25,2942200.0
10/02/2006,16:00,27.28,27.3,26.32,26.71,1894500.0
10/03/2006,16:00,26.45,27.25,26.41,27.07,2298800.0
10/04/2006,16:00,26.88,27.99,26.88,27.55,1957300.0
10/05/2006,16:00,27.97,28.75,27.86,28.56,2228200.0
10/06/2006,16:00,29.1,29.33,27.75,28.01,6071600.0
10/09/2006,16:00,27.89,28.08,26.68,27.07,7284200.0
10/10/2006,16:00,27.09,27.12,24.3,25.07,10973800.0
10/11/2006,16:00,24.88,25.1,24.36,24.8,6100400.0
10/12/2006,16:00,25.05,25.79,24.95,25.2,2273300.0
10/13/2006,16:00,25.44,25.7,25.34,25.56,1073100.0
10/16/2006,16:00,25.64,26.05,25.45,25.9,965200.0
10/17/2006,16:00,25.81,25.95,25.3,25.6,1473800.0
10/18/2006,16:00,25.5,25.87,24.8,24.92,1070500.0
10/19/2006,16:00,24.75,25.13,24.68,24.96,853900.0
10/20/2006,16:00,25.12,25.23,24.56,24.88,1045400.0
10/23/2006,16:00,24.72,25.6,24.68,24.94,1892600.0
10/24/2006,16:00,24.86,24.9,23.12,23.46,3248300.0
10/25/2006,16:00,23.33,23.58,23.08,23.29,2514600.0
10/26/2006,16:00,23.16,24.15,23.09,24.06,1758900.0
10/27/2006,16:00,24.14,24.14,23.49,23.59,2303900.0
10/30/2006,16:00,23.48,23.97,23.31,23.63,2481500.0
10/31/2006,16:00,23.61,23.86,23.31,23.51,1695400.0
11/01/2006,16:00,23.53,23.58,22.14,22.17,2347300.0
11/02/2006,16:00,22.15,22.53,22.04,22.13,1650700.0
11/03/2006,16:00,22.45,23.09,22.42,22.61,2109100.0
11/06/2006,16:00,22.75,23.63,22.64,23.34,1772700.0
11/07/2006,16:00,23.59,23.82,23.35,23.41,1196600.0
11/08/2006,16:00,23.42,23.45,22.7,22.84,1530800.0
11/09/2006,16:00,23.42,23.93,22.68,22.71,3120300.0
11/10/2006,16:00,22.9,23.18,22.63,22.96,2221900.0
11/13/2006,16:00,23.01,23.16,22.76,22.92,1772500.0
11/14/2006,16:00,22.84,23.59,22.79,23.46,2243600.0
11/15/2006,16:00,23.56,23.92,23.38,23.5,2432800.0
11/16/2006,16:00,23.79,24.76,23.56,24.68,4148100.0
11/17/2006,16:00,24.43,24.88,24.35,24.85,2267800.0
11/20/2006,16:00,24.71,25.08,24.4,24.84,1548700.0
11/21/2006,16:00,24.93,25.12,24.76,24.81,1420200.0
11/22/2006,16:00,24.76,26.38,24.65,26.11,2613000.0
11/24/2006,16:00,26.03,26.25,25.6,25.88,1479700.0
11/27/2006,16:00,25.71,26.17,25.02,25.19,1914300.0
11/28/2006,16:00,25.0,25.52,24.91,25.38,2079000.0
11/29/2006,16:00,25.6,26.0,25.2,25.31,1803900.0
11/30/2006,16:00,25.26,25.55,24.94,25.14,2306500.0
12/01/2006,16:00,25.17,25.31,24.41,24.87,1175100.0
12/04/2006,16:00,24.82,24.96,24.39,24.69,1783200.0
12/05/2006,16:00,24.92,25.52,24.88,24.95,1302600.0
12/06/2006,16:00,25.07,27.14,25.07,26.63,6415500.0
12/07/2006,16:00,26.5,26.7,25.33,25.51,3677900.0
12/08/2006,16:00,25.65,25.68,25.04,25.37,1756100.0
12/11/2006,16:00,25.21,25.87,25.19,25.28,1780400.0
12/12/2006,16:00,25.33,25.45,24.56,24.74,1763900.0
12/13/2006,16:00,24.5,25.57,24.5,24.96,2679300.0
12/14/2006,16:00,27.23,28.15,26.63,27.83,12532600.0
12/15/2006,16:00,27.87,29.73,27.87,28.81,8569800.0
12/18/2006,16:00,28.93,29.04,27.66,27.88,3307100.0
12/19/2006,16:00,27.88,28.23,27.38,27.69,2402900.0
12/20/2006,16:00,28.02,29.01,28.0,28.55,3095400.0
12/21/2006,16:00,28.48,28.64,28.0,28.14,1958500.0
12/22/2006,16:00,28.14,28.29,27.56,27.64,939800.0
12/26/2006,16:00,27.54,28.09,27.36,27.6,944800.0
12/27/2006,16:00,27.62,28.21,27.62,28.14,1649300.0
12/28/2006,16:00,28.23,28.57,28.12,28.32,1341100.0
12/29/2006,16:00,28.49,28.74,27.71,27.71,1475400.0
01/03/2007,16:00,28.02,28.74,27.08,27.65,2901300.0
01/04/2007,16:00,27.65,28.98,27.22,28.85,2779400.0
01/05/2007,16:00,28.39,29.87,28.01,29.29,4636500.0
01/08/2007,16:00,30.0,30.0,28.49,28.66,3451800.0
01/09/2007,16:00,28.87,29.47,28.56,29.27,3419600.0
01/10/2007,16:00,29.03,29.19,28.6,28.84,2174100.0
01/11/2007,16:00,28.91,29.53,28.69,29.51,2084700.0
01/12/2007,16:00,29.55,29.89,29.34,29.78,1973200.0
01/16/2007,16:00,29.71,30.45,29.4,30.22,3463900.0
01/17/2007,16:00,30.24,30.56,29.65,29.8,3943700.0
01/18/2007,16:00,29.71,29.77,28.25,28.42,3176900.0
01/19/2007,16:00,28.62,28.84,28.26,28.41,2456800.0
01/22/2007,16:00,28.6,28.6,27.85,28.17,2094900.0
01/23/2007,16:00,28.0,28.64,27.69,28.11,2425800.0
01/24/2007,16:00,28.18,28.58,27.94,28.36,1929700.0
01/25/2007,16:00,28.36,28.63,27.9,28.0,1324500.0
01/26/2007,16:00,28.0,28.86,27.91,28.78,2302400.0
01/29/2007,16:00,28.74,28.78,27.33,28.06,4085000.0
01/30/2007,16:00,28.11,28.75,28.09,28.63,2009500.0
01/31/2007,16:00,28.44,28.47,27.75,28.09,1967600.0
02/01/2007,16:00,28.1,28.18,27.11,27.4,4009400.0
02/02/2007,16:00,27.41,28.0,27.33,27.52,2183600.0
02/05/2007,16:00,27.45,27.7,26.73,26.82,3624800.0
02/06/2007,16:00,26.7,26.7,26.08,26.5,4189800.0
02/07/2007,16:00,27.01,27.32,26.95,27.26,3187200.0
02/08/2007,16:00,27.2,28.81,26.96,28.71,4876700.0
02/09/2007,16:00,28.82,28.82,28.0,28.29,3839400.0
02/12/2007,16:00,28.8,29.2,28.28,28.5,4504400.0
02/13/2007,16:00,28.68,28.82,28.2,28.68,2119400.0
02/14/2007,16:00,29.25,30.72,29.24,30.07,5738600.0
02/15/2007,16:00,30.29,31.23,30.1,31.14,4498000.0
02/16/2007,16:00,30.97,31.65,30.84,31.57,2844800.0
02/20/2007,16:00,31.68,32.17,31.32,32.04,3202100.0
02/21/2007,16:00,31.92,32.03,31.64,31.78,2144000.0
02/22/2007,16:00,31.8,32.01,31.54,31.78,1939000.0
02/23/2007,16:00,31.57,32.63,31.57,32.5,2688700.0
02/26/2007,16:00,32.69,32.8,30.86,31.34,3535500.0
02/27/2007,16:00,30.46,30.83,29.63,30.15,3067400.0
02/28/2007,16:00,30.7,31.73,30.38,31.47,6006100.0
03/01/2007,16:00,28.16,29.29,27.69,28.28,13973700.0
03/02/2007,16:00,28.31,28.53,26.9,27.1,6008800.0
03/05/2007,16:00,26.69,26.91,25.89,25.98,5070100.0
03/06/2007,16:00,26.25,27.42,26.01,26.25,4256400.0
03/07/2007,16:00,26.15,26.95,25.88,26.56,4924400.0
03/08/2007,16:00,27.0,27.1,26.19,26.3,3408400.0
03/09/2007,16:00,26.62,26.67,26.05,26.5,2096800.0
03/12/2007,16:00,26.34,26.79,26.34,26.41,1976200.0
03/13/2007,16:00,26.32,26.36,25.37,25.4,3189200.0
03/14/2007,16:00,25.35,25.77,24.75,25.65,4864800.0
03/15/2007,16:00,25.53,25.72,25.13,25.4,2456300.0
03/16/2007,16:00,25.46,25.52,24.95,25.06,1762000.0
03/19/2007,16:00,25.2,25.82,25.2,25.5,2346800.0
03/20/2007,16:00,25.3,25.76,25.2,25.43,2090500.0
03/21/2007,16:00,25.47,26.5,25.26,26.46,3023100.0
03/22/2007,16:00,26.49,26.49,26.05,26.4,3055500.0
03/23/2007,16:00,26.31,26.89,26.3,26.69,2317100.0
03/26/2007,16:00,26.68,27.8,26.5,27.78,5835800.0
03/27/2007,16:00,27.63,28.38,27.42,27.65,3907400.0
03/28/2007,16:00,27.6,28.45,27.42,28.19,4324300.0
03/29/2007,16:00,28.34,28.47,27.29,27.77,3618400.0
03/30/2007,16:00,27.59,28.11,27.54,27.95,2015600.0
04/02/2007,16:00,28.15,28.93,28.0,28.75,3355400.0
04/03/2007,16:00,28.88,29.1,28.57,28.61,3971100.0
04/04/2007,16:00,28.61,28.95,28.16,28.67,2919100.0
04/05/2007,16:00,28.74,28.99,28.5,28.85,1468200.0
04/09/2007,16:00,28.99,29.02,28.23,28.29,1966500.0
04/10/2007,16:00,28.22,28.75,28.22,28.68,2087500.0
04/11/2007,16:00,28.53,28.8,28.25,28.45,2382800.0
04/12/2007,16:00,28.44,28.83,28.12,28.69,2256700.0
04/13/2007,16:00,28.82,29.04,28.33,28.71,1877600.0
04/16/2007,16:00,28.52,28.88,28.52,28.71,1258700.0
04/17/2007,16:00,28.76,28.8,27.99,28.02,2870900.0
04/18/2007,16:00,27.97,28.42,27.66,28.18,1966300.0
04/19/2007,16:00,27.94,28.15,27.66,27.74,2050600.0
04/20/2007,16:00,28.38,28.56,27.79,28.4,4417500.0
04/23/2007,16:00,28.5,28.59,27.83,28.4,2381800.0
04/24/2007,16:00,28.33,29.13,28.28,28.9,3449600.0
04/25/2007,16:00,29.2,30.37,29.2,30.22,4841900.0
04/26/2007,16:00,30.21,30.84,29.8,30.47,2654600.0
04/27/2007,16:00,30.5,30.83,29.93,30.19,2295600.0
04/30/2007,16:00,30.95,30.95,29.06,29.16,3488400.0
05/01/2007,16:00,29.35,29.64,29.18,29.44,2529600.0
05/02/2007,16:00,29.61,30.16,29.6,30.05,2732600.0
05/03/2007,16:00,29.89,30.4,29.34,30.21,3285700.0
05/04/2007,16:00,30.31,30.34,29.78,29.93,1523200.0
05/07/2007,16:00,29.85,30.3,29.75,30.11,1403500.0
05/08/2007,16:00,29.85,30.22,29.56,30.1,1286500.0
05/09/2007,16:00,29.94,29.94,29.44,29.66,1855600.0
05/10/2007,16:00,29.5,29.89,29.02,29.28,2156200.0
05/11/2007,16:00,29.27,29.95,29.11,29.86,1959300.0
05/14/2007,16:00,29.76,30.02,29.18,29.53,1667100.0
05/15/2007,16:00,29.53,29.67,28.22,28.77,3997600.0
05/16/2007,16:00,28.83,29.15,28.48,29.1,1748900.0
05/17/2007,16:00,28.91,28.94,28.61,28.77,1421500.0
05/18/2007,16:00,28.9,29.46,28.81,29.36,2217200.0
05/21/2007,16:00,29.49,30.39,29.1,29.72,3100100.0
05/22/2007,16:00,29.7,30.3,29.55,30.23,2144800.0
05/23/2007,16:00,30.36,30.45,29.64,29.69,2565100.0
05/24/2007,16:00,29.89,30.14,28.88,29.01,2709600.0
05/25/2007,16:00,29.28,30.01,29.2,30.0,2705900.0
05/29/2007,16:00,30.01,30.41,29.78,30.01,2597100.0
05/30/2007,16:00,29.7,29.99,28.99,29.28,4833400.0
05/31/2007,16:00,32.33,34.47,32.33,34.32,22066900.0
06/01/2007,16:00,34.18,35.23,34.1,34.92,6692600.0
06/04/2007,16:00,34.34,35.15,34.15,34.86,3644300.0
06/05/2007,16:00,33.5,33.86,32.98,33.17,13918300.0
06/06/2007,16:00,32.97,33.6,32.88,33.48,12618400.0
06/07/2007,16:00,33.45,33.86,33.26,33.46,6977900.0
06/08/2007,16:00,33.65,34.72,33.51,34.57,4909000.0
06/11/2007,16:00,34.41,34.64,34.05,34.2,2765700.0
06/12/2007,16:00,33.88,34.57,33.85,34.3,3033400.0
06/13/2007,16:00,34.45,34.65,34.06,34.64,3150100.0
06/14/2007,16:00,34.77,35.54,34.52,34.6,5118600.0
06/15/2007,16:00,34.94,35.09,34.34,34.36,3360200.0
06/18/2007,16:00,34.55,34.8,33.85,34.01,3141100.0
06/19/2007,16:00,33.99,35.01,33.6,34.74,2643100.0
06/20/2007,16:00,34.81,35.35,34.16,34.21,1972000.0
06/21/2007,16:00,34.38,36.59,34.27,36.45,6715400.0
06/22/2007,16:00,36.49,36.8,35.08,35.71,5585700.0
06/25/2007,16:00,35.71,36.13,34.92,35.03,3117600.0
06/26/2007,16:00,35.14,35.72,34.8,35.01,2652800.0
06/27/2007,16:00,34.84,35.84,34.84,35.82,2978500.0
06/28/2007,16:00,36.0,37.2,36.0,36.39,5410100.0
06/29/2007,16:00,36.51,36.65,35.82,36.13,3236300.0
07/02/2007,16:00,36.59,37.25,36.51,37.14,3270300.0
07/03/2007,16:00,37.25,37.79,37.19,37.52,1563500.0
07/05/2007,16:00,37.71,37.71,37.17,37.33,1500100.0
07/06/2007,16:00,37.23,37.34,36.84,36.96,2131700.0
07/09/2007,16:00,36.99,37.28,36.41,37.19,2847700.0
07/10/2007,16:00,36.96,37.44,36.41,36.41,2344000.0
07/11/2007,16:00,36.41,37.21,36.41,37.1,2594700.0
07/12/2007,16:00,37.17,38.26,37.1,38.18,2780200.0
07/13/2007,16:00,38.01,38.72,37.84,38.7,2464300.0
07/16/2007,16:00,38.53,39.19,38.53,38.67,2240800.0
07/17/2007,16:00,38.62,39.1,38.17,38.47,1155200.0
07/18/2007,16:00,38.18,38.56,37.82,38.27,1692400.0
07/19/2007,16:00,38.79,40.0,38.79,39.7,3487200.0
07/20/2007,16:00,39.62,39.65,38.73,38.73,2535200.0
07/23/2007,16:00,39.12,41.13,39.07,40.42,5644200.0
07/24/2007,16:00,40.0,40.21,39.17,39.23,2417400.0
07/25/2007,16:00,39.46,39.79,37.91,38.3,4094500.0
07/26/2007,16:00,37.9,37.91,36.6,37.69,4256400.0
07/27/2007,16:00,37.7,37.7,36.18,36.21,3268500.0
07/30/2007,16:00,36.35,37.57,36.31,37.44,2313000.0
07/31/2007,16:00,37.87,37.88,36.46,36.53,2226700.0
08/01/2007,16:00,36.22,36.82,35.51,35.97,3026600.0
08/02/2007,16:00,36.27,37.59,35.97,37.13,2651300.0
08/03/2007,16:00,37.1,37.36,35.62,35.62,2919400.0
08/06/2007,16:00,35.9,36.15,33.39,35.57,3899300.0
08/07/2007,16:00,35.28,36.25,35.12,35.8,3717900.0
08/08/2007,16:00,37.0,39.34,36.92,37.97,5344000.0
08/09/2007,16:00,37.36,39.03,36.52,38.14,3687400.0
08/10/2007,16:00,37.52,38.24,36.38,37.90,3588400.0
08/13/2007,16:00,38.5,39.3,36.76,37.23,2080100.0
08/14/2007,16:00,37.39,37.85,36.35,36.39,1636600.0
08/15/2007,16:00,36.04,36.28,33.5,34.18,5368100.0
08/16/2007,16:00,33.82,35.55,32.75,35.25,3987400.0
08/17/2007,16:00,36.23,36.78,34.72,36.4,3263700.0
08/20/2007,16:00,36.57,36.97,35.88,36.48,1749500.0
08/21/2007,16:00,36.33,36.97,35.59,35.96,2554400.0
08/22/2007,16:00,36.0,37.54,35.27,37.09,4429000.0
08/23/2007,16:00,37.35,37.85,36.14,37.61,2410700.0
08/24/2007,16:00,37.45,38.33,36.81,38.14,1995700.0
08/27/2007,16:00,38.16,38.64,37.9,38.0,2610500.0
08/28/2007,16:00,37.48,37.7,36.5,36.59,2752900.0
08/29/2007,16:00,37.17,38.49,37.15,38.42,4352800.0
08/30/2007,16:00,36.54,37.5,35.8,37.2,9426100.0
08/31/2007,16:00,37.8,38.29,37.15,37.88,5555900.0
09/04/2007,16:00,37.9,38.64,37.28,38.01,2576200.0
09/05/2007,16:00,37.56,38.18,37.37,37.92,1794800.0
09/06/2007,16:00,38.2,39.2,38.09,38.55,3978000.0
09/07/2007,16:00,37.93,38.3,37.23,37.93,2298600.0
09/10/2007,16:00,38.0,38.28,37.0,37.29,2795300.0
09/11/2007,16:00,37.52,37.71,37.01,37.34,2095700.0
09/12/2007,16:00,37.2,38.03,37.09,37.28,2549100.0
09/13/2007,16:00,37.29,37.5,37.0,37.1,1349600.0
09/14/2007,16:00,37.26,37.34,36.66,37.2,1618300.0
09/17/2007,16:00,37.13,37.58,36.77,37.22,2058500.0
09/18/2007,16:00,37.46,37.93,36.59,37.75,3226000.0
09/19/2007,16:00,37.8,38.89,37.7,38.29,2431700.0
09/20/2007,16:00,38.04,38.5,37.68,37.71,1646800.0
09/21/2007,16:00,38.2,38.27,37.5,37.78,1386500.0
09/24/2007,16:00,37.73,38.3,37.21,37.42,2616800.0
09/25/2007,16:00,37.12,37.55,36.88,37.53,2127600.0
09/26/2007,16:00,37.7,37.86,36.8,36.97,2437900.0
09/27/2007,16:00,37.09,37.64,36.75,37.43,2142000.0
09/28/2007,16:00,37.54,38.62,37.4,38.08,2565200.0
10/01/2007,16:00,38.32,39.55,38.24,39.17,3807000.0
10/02/2007,16:00,39.09,42.92,39.0,42.66,8656900.0
10/03/2007,16:00,43.85,45.35,43.82,45.22,8546600.0
10/04/2007,16:00,45.35,45.53,44.5,45.31,3792600.0
10/05/2007,16:00,45.45,47.25,45.34,46.76,3365800.0
10/08/2007,16:00,46.76,47.19,45.71,46.17,2089000.0
10/09/2007,16:00,46.61,46.95,45.83,46.26,2007800.0
10/10/2007,16:00,46.3,48.1,46.19,47.95,4628100.0
10/11/2007,16:00,48.39,48.39,44.61,46.13,4118800.0
10/12/2007,16:00,46.01,46.32,44.79,45.47,2915000.0
10/15/2007,16:00,45.42,45.47,44.23,44.59,3120700.0
10/16/2007,16:00,44.65,45.33,43.6,45.04,2680200.0
10/17/2007,16:00,45.65,46.5,45.39,45.74,2800300.0
10/18/2007,16:00,45.79,45.79,44.6,45.2,1802900.0
10/19/2007,16:00,45.12,45.24,43.49,43.54,2334900.0
10/22/2007,16:00,43.25,45.88,43.21,45.79,4181100.0
10/23/2007,16:00,46.09,47.32,45.44,46.49,2409900.0
10/24/2007,16:00,46.35,46.35,44.14,45.34,3050000.0
10/25/2007,16:00,45.55,46.65,45.13,46.0,2669400.0
10/26/2007,16:00,46.6,47.35,46.05,46.54,2208600.0
10/29/2007,16:00,46.88,49.55,46.68,48.7,3403600.0
10/30/2007,16:00,48.69,48.74,47.36,47.65,1983300.0
10/31/2007,16:00,47.94,48.22,46.63,47.86,2290500.0
11/01/2007,16:00,47.75,47.77,46.16,46.44,2477700.0
11/02/2007,16:00,46.56,47.0,45.52,46.88,2611600.0
11/05/2007,16:00,46.68,47.1,44.7,46.44,1590800.0
11/06/2007,16:00,46.49,48.44,46.32,48.29,2370800.0
11/07/2007,16:00,48.23,48.82,46.78,46.78,3200800.0
11/08/2007,16:00,46.4,47.74,45.05,46.2,4340900.0
11/09/2007,16:00,45.13,45.71,43.71,44.36,3129200.0
11/12/2007,16:00,44.6,45.15,43.27,43.67,2600200.0
11/13/2007,16:00,44.11,46.4,43.67,46.29,2020600.0
11/14/2007,16:00,46.37,46.95,44.47,44.89,2061300.0
11/15/2007,16:00,44.63,45.3,43.21,43.7,3151800.0
11/16/2007,16:00,43.69,44.54,42.63,43.46,2893600.0
11/19/2007,16:00,43.04,43.76,39.26,40.45,6078500.0
11/20/2007,16:00,40.81,42.96,40.5,41.39,4907600.0
11/21/2007,16:00,40.6,42.11,39.94,41.2,3667300.0
11/23/2007,16:00,41.58,42.1,40.95,41.73,610800.0
11/26/2007,16:00,41.62,42.48,40.64,40.71,1655100.0
11/27/2007,16:00,41.16,41.74,40.5,41.44,1882600.0
11/28/2007,16:00,42.0,44.04,41.99,43.58,3399200.0
11/29/2007,16:00,43.31,43.76,42.24,42.84,2299900.0
11/30/2007,16:00,43.44,44.45,43.29,43.98,2582600.0
12/03/2007,16:00,44.05,44.28,42.44,42.62,2014600.0
12/04/2007,16:00,42.32,42.58,41.42,41.54,3705400.0
12/05/2007,16:00,42.13,43.52,41.99,42.93,2868500.0
12/06/2007,16:00,42.82,43.72,42.74,43.57,1263700.0
12/07/2007,16:00,43.68,44.31,42.89,43.61,1816200.0
12/10/2007,16:00,43.77,44.29,43.1,43.55,1733900.0
12/11/2007,16:00,43.6,43.72,41.57,41.57,3622100.0
12/12/2007,16:00,42.68,43.24,41.77,42.12,3800000.0
12/13/2007,16:00,40.36,40.44,36.33,37.04,13594500.0
12/14/2007,16:00,36.95,37.01,35.04,35.75,5622900.0
12/17/2007,16:00,35.43,36.1,34.04,34.35,5810700.0
12/18/2007,16:00,34.78,35.47,34.19,35.21,3251100.0
12/19/2007,16:00,35.08,35.8,34.55,35.16,2376200.0
12/20/2007,16:00,35.3,35.65,33.46,34.46,3886200.0
12/21/2007,16:00,34.81,34.99,34.4,34.59,3284000.0
12/24/2007,16:00,34.59,34.81,34.2,34.59,691600.0
12/26/2007,16:00,34.23,34.78,33.8,34.66,1961400.0
12/27/2007,16:00,34.69,34.69,33.64,33.8,2192500.0
12/28/2007,16:00,34.2,34.45,34.0,34.32,1537500.0
12/31/2007,16:00,34.16,34.43,33.55,34.11,2275800.0
01/02/2008,16:00,33.78,34.2,31.9,32.42,3971500.0
01/03/2008,16:00,32.42,32.42,31.15,31.55,3529000.0
01/04/2008,16:00,31.15,31.15,29.70,29.91,4337700.0
01/07/2008,16:00,30.01,30.35,28.04,28.24,6342000.0
01/08/2008,16:00,28.48,28.61,26.62,26.69,5239000.0
01/09/2008,16:00,26.58,27.71,25.68,27.39,5782000.0
01/10/2008,16:00,27.06,30.17,27.05,29.65,8780100.0
01/11/2008,16:00,29.32,29.38,28.14,28.3,4921500.0
01/14/2008,16:00,28.8,29.21,28.55,28.94,2820800.0
01/15/2008,16:00,28.44,28.56,26.92,27.24,3418400.0
01/16/2008,16:00,26.99,28.11,26.08,27.26,3596800.0
01/17/2008,16:00,27.55,27.89,26.33,26.37,3135200.0
01/18/2008,16:00,26.47,27.24,26.03,26.52,2461100.0
01/22/2008,16:00,24.55,26.53,24.0,26.17,2960700.0
01/23/2008,16:00,24.55,24.55,21.4,22.83,10563700.0
01/24/2008,16:00,23.07,25.0,23.02,24.58,6784300.0
01/25/2008,16:00,25.3,25.43,24.12,24.79,4012500.0
01/28/2008,16:00,24.61,25.14,24.36,24.98,3403400.0
01/29/2008,16:00,25.11,26.58,25.0,26.15,3124100.0
01/30/2008,16:00,25.97,26.87,25.66,26.17,2650600.0
01/31/2008,16:00,25.65,27.58,25.65,27.13,3242800.0
02/01/2008,16:00,26.64,27.39,25.64,26.41,3821200.0
02/04/2008,16:00,26.59,26.59,25.84,26.05,2224700.0
02/05/2008,16:00,25.7,25.7,24.0,24.1,3273000.0
02/06/2008,16:00,24.41,25.99,24.25,25.59,4809000.0
02/07/2008,16:00,24.89,25.18,24.04,24.53,6160100.0
02/08/2008,16:00,24.7,25.19,24.25,24.97,3781500.0
02/11/2008,16:00,24.94,25.25,24.32,25.13,2916200.0
02/12/2008,16:00,25.24,25.56,24.63,25.0,3197400.0
02/13/2008,16:00,25.3,26.12,25.29,26.03,3360400.0
02/14/2008,16:00,26.05,26.24,25.47,25.78,3136900.0
02/15/2008,16:00,25.77,27.38,25.77,26.6,5385000.0
02/19/2008,16:00,27.01,27.38,26.62,27.01,4868800.0
02/20/2008,16:00,26.62,26.96,26.0,26.67,3216700.0
02/21/2008,16:00,26.76,27.22,26.4,26.57,3309100.0
02/22/2008,16:00,26.74,26.74,24.72,26.1,6349700.0
02/25/2008,16:00,26.16,26.8,25.85,26.67,4189400.0
02/26/2008,16:00,26.49,28.11,26.14,27.75,3426600.0
02/27/2008,16:00,27.56,28.11,27.47,27.88,2225100.0
02/28/2008,16:00,27.91,28.37,27.16,27.31,2175200.0
02/29/2008,16:00,26.97,27.15,25.67,25.83,2931800.0
03/03/2008,16:00,25.9,27.08,25.51,25.95,5066700.0
03/04/2008,16:00,25.6,25.90,24.79,25.57,3766300.0
03/05/2008,16:00,25.89,26.32,25.64,25.99,2690400.0
03/06/2008,16:00,25.85,25.85,24.78,24.94,4322000.0
03/07/2008,16:00,26.91,29.04,25.99,27.8,16726500.0
03/10/2008,16:00,26.89,27.4,25.83,26.21,4849900.0
03/11/2008,16:00,27.02,27.41,26.26,27.2,3927200.0
03/12/2008,16:00,27.45,29.04,27.29,28.27,5305500.0
03/13/2008,16:00,27.92,29.88,27.39,29.5,5981100.0
03/14/2008,16:00,29.69,30.32,27.83,28.56,5349200.0
03/17/2008,16:00,27.77,28.25,27.13,27.65,3044100.0
03/18/2008,16:00,28.43,30.0,28.25,29.86,4403900.0
03/19/2008,16:00,29.8,29.97,28.19,28.19,2749800.0
03/20/2008,16:00,28.39,30.19,28.19,30.08,4190800.0
03/24/2008,16:00,30.35,32.23,30.05,31.76,4546100.0
03/25/2008,16:00,31.98,32.25,31.4,31.88,3097900.0
03/26/2008,16:00,31.59,31.82,31.04,31.5,3074400.0
03/27/2008,16:00,31.63,32.0,30.97,31.15,2492500.0
03/28/2008,16:00,31.14,31.89,30.69,30.94,2146000.0
03/31/2008,16:00,31.19,31.33,30.53,30.83,2141600.0
04/01/2008,16:00,31.53,32.45,31.37,31.93,3401600.0
04/02/2008,16:00,31.86,33.15,31.65,32.12,4404200.0
04/03/2008,16:00,31.9,32.97,31.66,32.49,2655500.0
04/04/2008,16:00,32.77,32.96,32.13,32.59,1971800.0
04/07/2008,16:00,32.81,33.13,32.28,32.48,1995300.0
04/08/2008,16:00,32.06,32.71,31.85,32.52,1787500.0
04/09/2008,16:00,32.43,32.75,31.19,31.59,2799400.0
04/10/2008,16:00,31.53,31.82,30.14,31.15,2474000.0
04/11/2008,16:00,30.76,31.02,30.25,30.88,2102200.0
04/14/2008,16:00,30.52,31.77,30.5,31.0,1847600.0
04/15/2008,16:00,31.38,31.39,30.44,30.57,2521400.0
04/16/2008,16:00,31.16,32.28,31.08,31.95,3152600.0
04/17/2008,16:00,31.79,32.23,31.14,31.63,1634300.0
04/18/2008,16:00,31.79,33.68,31.71,33.02,3093300.0
04/21/2008,16:00,33.05,34.11,32.89,33.87,2377400.0
04/22/2008,16:00,33.7,33.7,32.6,33.09,1832900.0
04/23/2008,16:00,33.33,34.1,32.93,33.93,1845400.0
04/24/2008,16:00,34.0,35.2,33.76,34.73,2258100.0
04/25/2008,16:00,34.75,35.82,34.57,35.6,2608800.0
04/28/2008,16:00,35.52,35.65,34.0,34.08,3754100.0
04/29/2008,16:00,34.18,34.74,33.67,33.85,3043600.0
04/30/2008,16:00,34.08,34.49,33.62,33.81,3099200.0
05/01/2008,16:00,33.75,34.32,33.67,33.78,3284400.0
05/02/2008,16:00,34.15,34.5,32.67,33.0,3503200.0
05/05/2008,16:00,33.18,33.18,31.88,32.05,2882100.0
05/06/2008,16:00,32.12,32.44,31.52,32.32,2687400.0
05/07/2008,16:00,32.41,33.66,32.19,32.66,3593800.0
05/08/2008,16:00,32.82,33.47,32.43,33.14,2043800.0
05/09/2008,16:00,32.85,33.01,32.22,32.37,1689500.0
05/12/2008,16:00,32.37,33.62,32.02,33.43,2510500.0
05/13/2008,16:00,33.53,33.84,32.94,33.13,1618400.0
05/14/2008,16:00,33.35,35.14,33.13,34.45,2767900.0
05/15/2008,16:00,34.47,34.8,33.82,34.57,1790800.0
05/16/2008,16:00,34.5,34.5,33.08,33.55,2851800.0
05/19/2008,16:00,33.3,33.86,32.66,32.81,2441100.0
05/20/2008,16:00,32.47,32.72,30.85,31.23,4835200.0
05/21/2008,16:00,30.92,31.4,29.84,30.31,4820700.0
05/22/2008,16:00,30.36,30.8,30.0,30.35,2787100.0
05/23/2008,16:00,30.2,30.38,29.16,29.87,2509700.0
05/27/2008,16:00,29.86,30.09,29.15,29.54,3788800.0
05/28/2008,16:00,29.7,30.21,29.62,30.01,4791700.0
05/29/2008,16:00,30.16,30.21,29.13,29.5,2876400.0
05/30/2008,16:00,29.65,30.66,29.50,30.56,3994200.0
06/02/2008,16:00,30.64,30.72,29.6,29.97,3874000.0
06/03/2008,16:00,30.0,30.17,29.47,30.04,3208500.0
06/04/2008,16:00,29.76,30.84,29.7,30.46,5024300.0
06/05/2008,16:00,29.26,29.5,27.68,28.07,14733600.0
06/06/2008,16:00,28.47,28.99,27.91,28.23,5908900.0
06/09/2008,16:00,28.21,28.65,27.12,27.43,5082700.0
06/10/2008,16:00,26.92,28.23,26.72,27.67,4859100.0
06/11/2008,16:00,27.57,27.8,26.56,26.66,3961600.0
06/12/2008,16:00,26.99,27.53,26.6,26.8,3710600.0
06/13/2008,16:00,26.99,27.24,26.66,27.12,2207300.0
06/16/2008,16:00,26.98,27.75,26.93,27.32,2381100.0
06/17/2008,16:00,27.41,27.41,25.93,26.11,5087800.0
06/18/2008,16:00,26.0,26.14,25.21,25.53,5573400.0
06/19/2008,16:00,25.53,25.74,25.25,25.61,4030300.0
06/20/2008,16:00,25.6,26.21,25.38,25.62,6549600.0
06/23/2008,16:00,25.59,25.92,25.24,25.32,3210300.0
06/24/2008,16:00,25.03,25.38,24.7,24.79,2654900.0
06/25/2008,16:00,24.99,25.14,24.22,24.37,4854700.0
06/26/2008,16:00,24.15,24.15,23.28,23.69,5155100.0
06/27/2008,16:00,23.76,24.08,23.1,23.9,4247800.0
06/30/2008,16:00,23.71,23.75,22.78,23.17,4755300.0
07/01/2008,16:00,22.8,23.59,22.66,23.45,5732600.0
07/02/2008,16:00,23.52,23.91,23.11,23.22,4204400.0
07/03/2008,16:00,23.21,23.23,22.06,22.22,2892500.0
07/07/2008,16:00,22.5,22.8,21.8,22.35,3377900.0
07/08/2008,16:00,22.26,22.65,21.75,22.52,3669300.0
07/09/2008,16:00,22.74,22.74,21.5,21.53,3938400.0
07/10/2008,16:00,21.6,21.89,21.13,21.57,3421000.0
07/11/2008,16:00,21.24,21.49,20.88,21.19,3650600.0
07/14/2008,16:00,21.24,22.1,20.69,20.8,4686400.0
07/15/2008,16:00,20.55,21.04,19.73,20.41,6253900.0
07/16/2008,16:00,19.65,21.61,19.3,21.53,7911600.0
07/17/2008,16:00,21.59,22.12,20.69,21.56,5333900.0
07/18/2008,16:00,21.57,22.79,21.13,21.88,5896200.0
07/21/2008,16:00,22.06,22.95,22.06,22.62,4409900.0
07/22/2008,16:00,22.25,22.93,21.7,22.89,4256600.0
07/23/2008,16:00,22.94,23.4,22.16,22.71,5908000.0
07/24/2008,16:00,22.68,22.8,21.43,21.5,3548700.0
07/25/2008,16:00,21.44,22.39,21.09,21.62,4848700.0
07/28/2008,16:00,21.65,21.9,20.48,20.56,3245100.0
07/29/2008,16:00,20.62,21.55,20.23,21.21,4986900.0
07/30/2008,16:00,21.21,21.56,19.93,20.31,5821800.0
07/31/2008,16:00,20.04,21.07,20.03,20.67,3095200.0
08/01/2008,16:00,20.81,20.84,19.86,19.89,3290500.0
08/04/2008,16:00,20.04,20.1,18.59,18.59,5920900.0
08/05/2008,16:00,18.81,19.08,18.63,18.7,5325400.0
08/06/2008,16:00,18.58,18.84,17.7,17.85,8194100.0
08/07/2008,16:00,17.7,17.78,16.34,16.39,13404700.0
08/08/2008,16:00,16.39,17.54,16.39,17.01,7936600.0
08/11/2008,16:00,17.44,18.69,17.31,18.17,6266200.0
08/12/2008,16:00,18.0,18.19,17.58,17.74,3837600.0
08/13/2008,16:00,17.65,17.92,17.32,17.66,3418900.0
08/14/2008,16:00,17.65,18.18,17.57,18.0,2755700.0
08/15/2008,16:00,18.02,19.03,17.86,18.76,5363100.0
08/18/2008,16:00,18.8,18.97,18.03,18.18,3438400.0
08/19/2008,16:00,18.06,18.32,17.87,17.94,2043000.0
08/20/2008,16:00,18.02,18.35,17.71,18.1,2737100.0
08/21/2008,16:00,17.91,18.41,17.74,18.19,2614200.0
08/22/2008,16:00,18.26,18.7,18.1,18.5,2357800.0
08/25/2008,16:00,18.49,18.65,18.12,18.18,1674900.0
08/26/2008,16:00,18.14,18.18,17.31,17.56,2509200.0
08/27/2008,16:00,17.55,17.55,17.22,17.4,3282400.0
08/28/2008,16:00,17.5,17.88,17.33,17.85,2123900.0
08/29/2008,16:00,17.75,17.75,17.0,17.38,3114000.0
09/02/2008,16:00,17.42,17.8,16.89,17.24,3086200.0
09/03/2008,16:00,17.28,17.61,16.91,17.43,4509900.0
09/04/2008,16:00,14.13,14.16,13.0,13.09,30009000.0
09/05/2008,16:00,12.89,13.17,12.39,12.64,12287700.0
09/08/2008,16:00,12.63,13.05,12.18,12.26,10019900.0
09/09/2008,16:00,12.44,12.49,11.51,11.58,9051300.0
09/10/2008,16:00,11.66,11.78,11.26,11.41,7525500.0
09/11/2008,16:00,11.26,11.75,11.01,11.56,6217900.0
09/12/2008,16:00,11.53,12.06,11.44,12.0,6650500.0
09/15/2008,16:00,11.49,11.82,11.15,11.5,6181200.0
09/16/2008,16:00,11.21,11.43,10.31,11.23,7445900.0
09/17/2008,16:00,10.91,11.05,10.07,10.31,7804700.0
09/18/2008,16:00,10.42,10.75,9.52,10.07,9665600.0
09/19/2008,16:00,11.08,11.28,10.23,11.28,6079500.0
09/22/2008,16:00,12.25,12.36,10.66,10.7,7970700.0
09/23/2008,16:00,10.78,10.99,10.45,10.48,5614400.0
09/24/2008,16:00,10.56,11.06,10.41,10.91,6211900.0
09/25/2008,16:00,11.02,11.94,10.98,11.56,5865900.0
09/26/2008,16:00,11.12,11.68,10.93,11.61,4535400.0
09/29/2008,16:00,11.44,11.47,9.29,9.55,7843100.0
09/30/2008,16:00,10.0,10.18,9.72,10.08,4409500.0
10/01/2008,16:00,9.95,10.18,9.5,9.72,4138000.0
10/02/2008,16:00,9.69,9.69,8.98,9.06,3695300.0
10/03/2008,16:00,9.24,9.41,8.68,8.93,5834900.0
10/06/2008,16:00,8.67,8.84,7.96,8.53,6309400.0
10/07/2008,16:00,8.75,8.94,7.84,7.87,4844500.0
10/08/2008,16:00,7.83,8.4,7.58,7.97,6487600.0
10/09/2008,16:00,8.2,8.46,7.23,7.3,3891900.0
10/10/2008,16:00,6.91,7.67,6.6,7.27,8103200.0
10/13/2008,16:00,7.84,8.5,7.7,8.46,3059100.0
10/14/2008,16:00,9.1,9.1,8.08,8.25,3906300.0
10/15/2008,16:00,8.2,8.26,7.39,7.42,2104800.0
10/16/2008,16:00,7.5,7.64,6.87,7.54,3731300.0
10/17/2008,16:00,7.36,8.39,7.24,7.73,2573600.0
10/20/2008,16:00,7.9,8.83,7.8,8.75,4713300.0
10/21/2008,16:00,8.47,8.91,8.26,8.33,2454600.0
10/22/2008,16:00,8.16,8.38,7.63,7.92,2473100.0
10/23/2008,16:00,7.71,8.12,7.23,7.75,3113400.0
10/24/2008,16:00,7.0,8.85,7.0,8.25,5360900.0
10/27/2008,16:00,8.07,9.09,8.01,8.52,3910500.0
10/28/2008,16:00,9.08,9.11,7.66,8.2,6972000.0
10/29/2008,16:00,8.23,8.67,7.91,8.47,4151000.0
10/30/2008,16:00,8.66,9.2,8.66,9.16,7785000.0
10/31/2008,16:00,9.12,9.85,8.99,9.61,3252500.0
11/03/2008,16:00,9.11,9.4,8.75,8.84,2702900.0
11/04/2008,16:00,9.07,9.79,8.84,9.17,4553300.0
11/05/2008,16:00,9.13,9.26,8.62,8.66,2054800.0
11/06/2008,16:00,8.5,8.54,7.78,7.81,3846500.0
11/07/2008,16:00,7.83,8.15,7.66,7.97,3080400.0
11/10/2008,16:00,8.18,8.37,7.18,7.27,3497500.0
11/11/2008,16:00,7.2,7.2,6.64,6.75,3130600.0
11/12/2008,16:00,6.65,6.67,6.18,6.24,3328200.0
11/13/2008,16:00,6.14,6.74,5.81,6.65,4017400.0
11/14/2008,16:00,6.46,7.11,6.35,6.68,4546500.0
11/17/2008,16:00,6.49,6.74,6.39,6.49,1916600.0
11/18/2008,16:00,6.39,6.57,6.21,6.53,1780700.0
11/19/2008,16:00,6.38,6.54,5.55,5.55,2404700.0
11/20/2008,16:00,5.46,5.9,5.07,5.34,3738900.0
11/21/2008,16:00,5.52,5.77,5.26,5.77,3975600.0
11/24/2008,16:00,6.04,6.65,6.01,6.6,3346300.0
11/25/2008,16:00,6.63,6.84,6.3,6.81,2099900.0
11/26/2008,16:00,6.73,7.44,6.6,7.38,1487800.0
11/28/2008,16:00,7.36,7.57,7.27,7.4,682500.0
12/01/2008,16:00,7.2,7.28,6.62,6.66,3363000.0
12/02/2008,16:00,6.78,6.82,6.16,6.5,4017200.0
12/03/2008,16:00,6.25,6.81,6.14,6.77,3902300.0
12/04/2008,16:00,6.7,6.82,6.11,6.19,4446800.0
12/05/2008,16:00,6.11,6.5,5.76,6.47,3641500.0
12/08/2008,16:00,6.63,7.43,6.63,7.24,4948700.0
12/09/2008,16:00,7.15,7.74,6.94,7.03,4666000.0
12/10/2008,16:00,7.45,7.78,7.12,7.56,5518600.0
12/11/2008,16:00,6.65,6.73,6.01,6.05,8451300.0
12/12/2008,16:00,5.94,6.14,5.75,6.13,4137900.0
12/15/2008,16:00,6.69,6.76,6.36,6.62,7059900.0
12/16/2008,16:00,6.81,7.0,6.71,6.94,4672000.0
12/17/2008,16:00,6.89,6.96,6.60,6.86,4568700.0
12/18/2008,16:00,6.91,6.95,6.41,6.54,2850900.0
12/19/2008,16:00,6.77,6.88,6.5,6.71,2336000.0
12/22/2008,16:00,6.66,6.75,6.03,6.21,2519400.0
12/23/2008,16:00,6.31,6.45,6.13,6.4,2319100.0
12/24/2008,16:00,6.36,6.36,6.17,6.21,810400.0
12/26/2008,16:00,6.2,6.31,6.11,6.26,1048200.0
12/29/2008,16:00,6.24,6.31,6.02,6.11,1508500.0
12/30/2008,16:00,6.18,6.33,6.1,6.32,2052200.0
12/31/2008,16:00,6.32,6.75,6.22,6.7,1836500.0
01/02/2009,16:00,6.69,7.08,6.61,6.98,2783500.0
01/05/2009,16:00,7.0,7.18,6.87,7.08,2523900.0
01/06/2009,16:00,7.36,8.45,7.36,8.4,10725100.0
01/07/2009,16:00,8.26,9.1,8.15,9.04,11874200.0
01/08/2009,16:00,8.97,9.01,8.16,8.75,7158000.0
01/09/2009,16:00,8.47,8.57,7.98,8.03,5194500.0
01/12/2009,16:00,8.05,8.05,7.6,7.77,3252900.0
01/13/2009,16:00,7.62,7.79,7.28,7.47,3786800.0
01/14/2009,16:00,7.23,7.36,7.0,7.08,3937400.0
01/15/2009,16:00,7.04,7.45,6.66,7.32,5030300.0
01/16/2009,16:00,7.55,7.66,6.95,7.25,3884700.0
01/20/2009,16:00,7.26,7.38,6.53,6.53,3154200.0
01/21/2009,16:00,6.6,7.03,6.39,7.02,4039600.0
01/22/2009,16:00,6.81,7.12,6.65,7.06,3267400.0
01/23/2009,16:00,6.7,7.91,6.7,7.75,4743700.0
01/26/2009,16:00,7.75,8.13,7.54,7.74,3783200.0
01/27/2009,16:00,7.73,8.1,7.73,7.85,3606800.0
01/28/2009,16:00,7.65,7.7,7.35,7.5,5710200.0
01/29/2009,16:00,7.47,7.47,7.0,7.03,3076800.0
01/30/2009,16:00,7.06,7.13,6.19,6.24,4968600.0
02/02/2009,16:00,6.19,6.21,5.88,5.98,6360200.0
02/03/2009,16:00,6.09,6.25,5.9,6.18,4306800.0
02/04/2009,16:00,6.13,6.36,5.91,6.01,4126200.0
02/05/2009,16:00,5.95,6.52,5.83,6.46,4368800.0
02/06/2009,16:00,6.43,6.77,6.33,6.65,3124800.0
02/09/2009,16:00,6.69,6.8,6.51,6.57,2445500.0
02/10/2009,16:00,6.51,6.9,6.03,6.11,4607100.0
02/11/2009,16:00,6.2,6.4,6.06,6.3,3662200.0
02/12/2009,16:00,6.23,6.4,6.08,6.35,1667900.0
02/13/2009,16:00,6.32,6.55,6.3,6.37,1420500.0
02/17/2009,16:00,6.17,6.17,5.8,5.86,2943900.0
02/18/2009,16:00,5.85,5.97,5.54,5.65,3411500.0
02/19/2009,16:00,5.73,5.86,5.43,5.43,2556000.0
02/20/2009,16:00,5.38,5.64,5.13,5.34,3423900.0
02/23/2009,16:00,5.41,5.49,5.07,5.09,2505000.0
02/24/2009,16:00,5.13,5.66,4.98,5.6,3546800.0
02/25/2009,16:00,5.54,5.62,5.22,5.45,3646600.0
02/26/2009,16:00,5.53,6.14,5.53,5.73,4480700.0
02/27/2009,16:00,5.57,5.63,5.25,5.37,4879400.0
03/02/2009,16:00,5.33,5.44,5.05,5.28,3194900.0
03/03/2009,16:00,5.39,5.47,5.04,5.13,2456500.0
03/04/2009,16:00,5.38,5.42,5.19,5.34,3272400.0
03/05/2009,16:00,5.55,6.24,5.45,5.93,6908800.0
03/06/2009,16:00,6.1,6.41,5.8,6.11,4880200.0
03/09/2009,16:00,5.98,6.7,5.81,6.26,3808500.0
03/10/2009,16:00,6.43,7.02,6.39,7.0,5026100.0
03/11/2009,16:00,7.0,7.2,6.5,6.76,4406800.0
03/12/2009,16:00,6.72,7.31,6.7,7.28,3399300.0
03/13/2009,16:00,7.31,7.49,6.8,6.9,4973700.0
03/16/2009,16:00,7.04,7.11,6.67,6.69,1860800.0
03/17/2009,16:00,6.67,7.1,6.54,7.1,2260200.0
03/18/2009,16:00,7.0,7.47,6.83,7.4,3012800.0
03/19/2009,16:00,7.44,7.49,7.15,7.28,2514600.0
03/20/2009,16:00,7.33,7.41,6.65,6.75,2486800.0
03/23/2009,16:00,7.02,7.23,6.93,7.23,2618800.0
03/24/2009,16:00,7.22,7.41,6.98,7.28,2176600.0
03/25/2009,16:00,7.42,7.68,7.1,7.45,2580400.0
03/26/2009,16:00,7.52,8.46,7.5,8.41,5311400.0
03/27/2009,16:00,8.2,8.45,8.03,8.22,3593900.0
03/30/2009,16:00,7.85,7.9,7.41,7.88,2722700.0
03/31/2009,16:00,7.88,8.13,7.71,7.78,3039400.0
04/01/2009,16:00,7.7,8.33,7.56,8.26,2647500.0
04/02/2009,16:00,8.4,8.78,8.37,8.61,3078000.0
04/03/2009,16:00,8.65,8.89,8.54,8.87,3177800.0
04/06/2009,16:00,8.83,8.83,8.21,8.43,3020700.0
04/07/2009,16:00,8.33,8.35,8.11,8.17,1485500.0
04/08/2009,16:00,8.2,8.76,8.2,8.67,3304800.0
04/09/2009,16:00,8.85,9.2,8.83,9.07,3060800.0
04/13/2009,16:00,8.93,9.11,8.71,8.97,3395500.0
04/14/2009,16:00,8.69,9.13,8.47,8.52,4110900.0
04/15/2009,16:00,8.47,8.81,8.23,8.7,3505700.0
04/16/2009,16:00,8.86,9.55,8.72,9.52,4353300.0
04/17/2009,16:00,9.52,10.06,9.31,9.92,4774200.0
04/20/2009,16:00,9.64,9.7,8.98,9.07,3150300.0
04/21/2009,16:00,8.99,9.61,8.87,9.48,2820800.0
04/22/2009,16:00,9.42,10.29,9.3,9.94,3404000.0
04/23/2009,16:00,9.99,10.3,9.68,9.97,4541500.0
04/24/2009,16:00,10.04,11.31,10.03,11.21,5622400.0
04/27/2009,16:00,10.86,11.23,10.7,10.83,4515200.0
04/28/2009,16:00,10.8,11.55,10.7,11.21,4226800.0
04/29/2009,16:00,11.41,11.84,11.25,11.59,3740400.0
04/30/2009,16:00,11.84,12.28,11.69,11.95,5548300.0
05/01/2009,16:00,11.95,12.25,11.82,11.98,3004400.0
05/04/2009,16:00,12.1,12.51,11.99,12.25,4716000.0
05/05/2009,16:00,12.22,12.5,11.87,12.09,3880200.0
05/06/2009,16:00,12.31,12.37,11.68,12.19,3917100.0
05/07/2009,16:00,12.23,12.3,10.81,10.99,4370000.0
05/08/2009,16:00,11.29,11.48,10.93,11.34,4143700.0
05/11/2009,16:00,11.1,11.1,10.44,10.73,3913600.0
05/12/2009,16:00,10.3,10.6,9.84,9.94,7017900.0
05/13/2009,16:00,9.88,9.88,9.27,9.38,5477500.0
05/14/2009,16:00,9.41,9.71,9.26,9.55,4967200.0
05/15/2009,16:00,9.67,9.93,9.5,9.59,3028800.0
05/18/2009,16:00,10.0,10.62,9.99,10.47,5147300.0
05/19/2009,16:00,10.65,11.48,10.47,11.27,5544900.0
05/20/2009,16:00,11.4,11.73,10.73,10.9,4043000.0
05/21/2009,16:00,10.8,11.19,10.53,10.91,2896300.0
05/22/2009,16:00,10.97,11.04,10.62,10.66,3014100.0
05/26/2009,16:00,10.46,11.26,10.46,11.05,3279100.0
05/27/2009,16:00,11.02,11.26,10.79,10.84,2469000.0
05/28/2009,16:00,11.01,11.16,10.25,10.81,3601300.0
05/29/2009,16:00,11.05,11.16,10.72,11.0,3933700.0
06/01/2009,16:00,11.33,12.18,11.27,12.0,5739700.0
06/02/2009,16:00,11.97,11.99,11.45,11.74,3956600.0
06/03/2009,16:00,11.6,11.65,10.65,11.02,5976700.0
06/04/2009,16:00,10.45,11.88,10.45,11.63,13386900.0
06/05/2009,16:00,11.93,11.95,10.64,10.77,8219000.0
06/08/2009,16:00,10.65,10.76,10.25,10.61,4148700.0
06/09/2009,16:00,10.76,11.15,10.55,10.92,4844800.0
06/10/2009,16:00,11.0,11.14,10.64,10.76,3905100.0
06/11/2009,16:00,10.7,10.88,10.33,10.44,5236900.0
06/12/2009,16:00,10.37,10.48,10.05,10.19,3903100.0
06/15/2009,16:00,10.01,10.19,9.85,10.01,3363100.0
06/16/2009,16:00,10.04,10.44,9.89,10.05,6462700.0
06/17/2009,16:00,10.01,10.2,9.66,10.0,3932300.0
06/18/2009,16:00,9.98,10.0,9.7,9.8,2694400.0
06/19/2009,16:00,10.04,10.75,9.99,10.61,6676300.0
06/22/2009,16:00,10.16,10.44,9.81,9.86,5276600.0
06/23/2009,16:00,10.03,10.2,9.54,9.71,4102900.0
06/24/2009,16:00,9.91,10.03,9.61,9.73,2412000.0
06/25/2009,16:00,9.64,10.18,9.55,10.15,3529500.0
06/26/2009,16:00,10.03,10.31,9.95,10.25,3541000.0
06/29/2009,16:00,10.21,10.5,9.99,10.39,1999500.0
06/30/2009,16:00,10.33,10.48,10.17,10.35,1957600.0
07/01/2009,16:00,10.37,10.67,10.2,10.33,1621100.0
07/02/2009,16:00,10.12,10.17,9.9,9.9,1909100.0
07/06/2009,16:00,9.71,9.8,9.0,9.39,6413900.0
07/07/2009,16:00,9.25,9.39,8.8,8.84,6871400.0
07/08/2009,16:00,8.83,9.04,8.45,8.93,6882100.0
07/09/2009,16:00,9.24,9.5,9.15,9.3,3954800.0
07/10/2009,16:00,9.22,9.43,9.08,9.33,2824100.0
07/13/2009,16:00,9.44,9.54,9.12,9.53,2395000.0
07/14/2009,16:00,9.53,9.76,9.4,9.66,3488300.0
07/15/2009,16:00,9.95,10.1,9.87,10.05,3626500.0
07/16/2009,16:00,9.96,10.36,9.88,10.25,2743200.0
07/17/2009,16:00,10.29,10.3,9.79,10.02,4486500.0
07/20/2009,16:00,9.95,10.27,9.85,10.18,4634200.0
07/21/2009,16:00,10.26,10.55,10.18,10.3,5539400.0
07/22/2009,16:00,10.14,10.52,10.11,10.34,3732800.0
07/23/2009,16:00,10.37,11.43,10.26,11.15,7650600.0
07/24/2009,16:00,10.95,11.5,10.83,11.44,4611100.0
07/27/2009,16:00,11.46,11.82,11.21,11.74,4771500.0
07/28/2009,16:00,11.69,11.91,11.35,11.63,4141400.0
07/29/2009,16:00,11.59,11.59,11.04,11.25,3584900.0
07/30/2009,16:00,11.44,11.62,11.1,11.16,3137800.0
07/31/2009,16:00,11.1,11.35,11.05,11.16,2600800.0
08/03/2009,16:00,11.22,11.48,11.1,11.38,2729800.0
08/04/2009,16:00,11.2,11.52,11.08,11.5,3599900.0
08/05/2009,16:00,11.48,11.78,11.38,11.57,2724400.0
08/06/2009,16:00,11.6,11.72,11.22,11.37,2680400.0
08/07/2009,16:00,11.61,11.75,11.38,11.66,2290300.0
08/10/2009,16:00,11.51,11.9,11.46,11.65,2625200.0
08/11/2009,16:00,11.53,11.65,11.1,11.36,2211800.0
08/12/2009,16:00,11.49,11.95,11.45,11.81,3544900.0
08/13/2009,16:00,11.99,12.83,11.72,12.63,8093100.0
08/14/2009,16:00,12.66,12.72,12.17,12.52,4547300.0
08/17/2009,16:00,12.14,12.14,11.72,11.75,2758600.0
08/18/2009,16:00,11.88,12.94,11.8,12.81,7897200.0
08/19/2009,16:00,12.43,13.85,12.43,13.2,12629500.0
08/20/2009,16:00,13.36,13.65,12.81,13.05,8811700.0
08/21/2009,16:00,13.31,13.5,13.06,13.43,4332700.0
08/24/2009,16:00,13.53,13.89,13.1,13.17,4743700.0
08/25/2009,16:00,13.17,13.38,12.8,12.96,4132200.0
08/26/2009,16:00,13.1,13.39,12.97,13.32,3240000.0
08/27/2009,16:00,13.38,13.48,12.8,13.44,2855400.0
08/28/2009,16:00,13.58,13.88,13.5,13.62,2556500.0
08/31/2009,16:00,13.4,13.48,12.98,13.4,2402000.0
09/01/2009,16:00,13.22,13.3,12.26,12.36,7892200.0
09/02/2009,16:00,12.33,12.47,12.1,12.27,5801300.0
09/03/2009,16:00,12.69,13.47,12.57,13.0,12172700.0
09/04/2009,16:00,13.16,13.79,13.01,13.65,6257100.0
09/08/2009,16:00,13.82,14.51,13.79,14.43,6856000.0
09/09/2009,16:00,14.42,15.26,14.3,14.82,8586000.0
09/10/2009,16:00,15.01,15.75,14.86,15.67,7027400.0
09/11/2009,16:00,15.67,16.0,15.36,15.83,6033300.0
09/14/2009,16:00,15.42,15.72,15.31,15.6,4147400.0
09/15/2009,16:00,15.75,16.08,15.53,15.9,3975700.0
09/16/2009,16:00,16.05,16.32,15.9,16.25,4031200.0
09/17/2009,16:00,16.21,16.63,16.03,16.2,2730900.0
09/18/2009,16:00,16.12,16.25,15.74,16.03,3574000.0
09/21/2009,16:00,15.47,16.5,15.47,16.19,5035100.0
09/22/2009,16:00,16.35,16.62,16.27,16.5,2060500.0
09/23/2009,16:00,16.53,16.64,16.17,16.21,2033800.0
09/24/2009,16:00,16.44,16.46,15.6,15.87,2854800.0
09/25/2009,16:00,15.56,15.72,15.41,15.49,2533500.0
09/28/2009,16:00,15.6,16.33,15.59,16.2,3496600.0
09/29/2009,16:00,16.24,16.46,16.11,16.26,3052400.0
09/30/2009,16:00,16.29,16.6,15.9,16.28,3678600.0
10/01/2009,16:00,16.11,16.17,14.99,15.05,6229000.0
10/02/2009,16:00,14.73,14.85,14.4,14.66,6696600.0
10/05/2009,16:00,14.8,15.25,13.95,14.17,11144700.0
10/06/2009,16:00,14.33,14.38,12.69,13.05,20522800.0
10/07/2009,16:00,13.42,13.62,12.92,13.44,13361500.0
10/08/2009,16:00,13.19,13.66,12.69,12.77,13746100.0
10/09/2009,16:00,12.94,12.94,12.49,12.84,6782800.0
10/12/2009,16:00,13.0,13.65,12.96,13.41,9158800.0
10/13/2009,16:00,13.5,13.64,13.32,13.46,6723300.0
10/14/2009,16:00,14.21,14.50,13.71,14.42,12445800.0
10/15/2009,16:00,14.25,14.33,14.0,14.17,4877200.0
10/16/2009,16:00,14.04,14.13,13.79,13.99,5676700.0
10/19/2009,16:00,13.94,14.29,13.85,14.19,4356600.0
10/20/2009,16:00,14.34,14.57,14.03,14.11,6246900.0
10/21/2009,16:00,14.06,14.4,13.78,13.79,4531100.0
10/22/2009,16:00,13.85,13.93,13.08,13.46,8492400.0
10/23/2009,16:00,13.64,13.68,12.65,12.69,7991200.0
10/26/2009,16:00,12.82,13.09,12.3,12.43,5796300.0
10/27/2009,16:00,12.31,12.45,11.75,11.86,8003100.0
10/28/2009,16:00,12.05,12.31,11.75,11.76,5453800.0
10/29/2009,16:00,12.08,12.38,12.0,12.25,4127100.0
10/30/2009,16:00,12.21,12.28,11.64,11.73,4917500.0
11/02/2009,16:00,11.68,12.09,11.43,11.59,4506500.0
11/03/2009,16:00,11.54,12.06,11.5,12.03,5274500.0
11/04/2009,16:00,12.13,12.29,11.75,11.77,4551700.0
11/05/2009,16:00,11.99,12.16,11.88,12.15,2591500.0
11/06/2009,16:00,11.82,12.42,11.82,12.25,2332200.0
11/09/2009,16:00,12.29,12.49,12.28,12.46,2927800.0
11/10/2009,16:00,12.49,12.65,12.13,12.2,2446200.0
11/11/2009,16:00,12.3,12.5,12.2,12.46,2677600.0
11/12/2009,16:00,12.54,12.71,12.24,12.28,2355100.0
11/13/2009,16:00,12.29,12.52,12.13,12.37,2606500.0
11/16/2009,16:00,12.49,13.19,12.41,13.07,6860100.0
11/17/2009,16:00,13.0,14.05,12.95,14.02,10212400.0
11/18/2009,16:00,13.78,13.9,13.5,13.6,4630500.0
11/19/2009,16:00,13.51,13.54,12.99,13.47,3962300.0
11/20/2009,16:00,13.28,13.35,13.05,13.17,5648900.0
11/23/2009,16:00,12.22,12.7,11.86,12.0,18164600.0
11/24/2009,16:00,12.17,12.66,11.97,12.43,12423900.0
11/25/2009,16:00,12.48,12.64,12.42,12.6,3844600.0
11/27/2009,16:00,12.05,12.37,11.99,12.15,2600900.0
11/30/2009,16:00,12.11,12.21,12.0,12.15,3592700.0
12/01/2009,16:00,12.27,12.44,12.16,12.28,5088700.0
12/02/2009,16:00,12.42,13.22,12.35,12.88,13065300.0
12/03/2009,16:00,12.43,12.5,12.01,12.11,11795400.0
12/04/2009,16:00,12.36,12.63,12.15,12.58,6599400.0
12/07/2009,16:00,12.74,12.89,12.61,12.74,4714200.0
12/08/2009,16:00,12.73,13.3,12.5,12.94,6561100.0
12/09/2009,16:00,13.11,13.3,12.84,13.23,5612800.0
12/10/2009,16:00,12.71,12.9,11.65,11.72,29764900.0
12/11/2009,16:00,11.92,11.92,11.45,11.5,15497800.0
12/14/2009,16:00,11.22,11.3,10.91,10.99,12474600.0
12/15/2009,16:00,10.92,11.2,10.72,10.88,10006400.0
12/16/2009,16:00,11.01,11.15,10.9,10.97,6997200.0
12/17/2009,16:00,10.95,10.98,10.65,10.67,6102200.0
12/18/2009,16:00,10.7,11.05,10.53,11.05,22379400.0
12/21/2009,16:00,10.9,11.13,10.77,10.85,9876000.0
12/22/2009,16:00,10.9,10.98,10.78,10.9,4081800.0
12/23/2009,16:00,10.92,11.05,10.82,11.01,3193400.0
12/24/2009,16:00,11.09,11.24,11.01,11.21,2401200.0
12/28/2009,16:00,11.21,11.21,10.77,10.89,5250400.0
12/29/2009,16:00,10.91,10.99,10.81,10.93,2595900.0
12/30/2009,16:00,10.86,10.94,10.8,10.89,2768300.0
12/31/2009,16:00,10.85,10.94,10.82,10.84,3203200.0
01/04/2010,16:00,10.92,11.11,10.8,11.02,4406500.0
01/05/2010,16:00,11.03,11.87,10.92,11.86,19918300.0
01/06/2010,16:00,12.01,12.32,11.77,11.91,11450800.0
01/07/2010,16:00,11.86,12.25,11.86,12.21,6438200.0
01/08/2010,16:00,12.17,12.2,11.91,11.93,5409800.0
01/11/2010,16:00,12.01,12.01,11.56,11.76,4924600.0
01/12/2010,16:00,11.64,11.86,11.51,11.72,5068900.0
01/13/2010,16:00,11.81,12.1,11.62,12.06,4547000.0
01/14/2010,16:00,11.99,12.18,11.94,11.98,3363400.0
01/15/2010,16:00,11.99,12.0,11.58,11.63,3478400.0
01/19/2010,16:00,12.26,12.96,12.23,12.91,16003700.0
01/20/2010,16:00,12.79,13.44,12.68,13.04,11631400.0
01/21/2010,16:00,13.12,13.55,12.68,12.71,10050800.0
01/22/2010,16:00,12.74,12.96,12.24,12.24,6415000.0
01/25/2010,16:00,12.65,13.13,12.53,13.06,7598700.0
01/26/2010,16:00,13.1,13.15,12.64,12.77,6008600.0
01/27/2010,16:00,12.72,13.25,12.54,13.23,7059700.0
01/28/2010,16:00,13.24,13.33,12.73,13.14,7746900.0
01/29/2010,16:00,13.27,13.63,12.71,12.75,9066500.0
02/01/2010,16:00,12.83,13.15,12.81,13.1,3751100.0
02/02/2010,16:00,13.07,13.48,12.96,13.43,4382500.0
02/03/2010,16:00,13.43,13.72,13.26,13.39,6207300.0
02/04/2010,16:00,13.55,13.64,12.76,12.87,8058400.0
02/05/2010,16:00,12.59,12.83,12.33,12.8,7246700.0
02/08/2010,16:00,12.79,13.13,12.5,12.76,3627400.0
02/09/2010,16:00,12.98,13.19,12.84,13.09,3709200.0
02/10/2010,16:00,13.13,13.74,13.02,13.67,6984700.0
02/11/2010,16:00,13.58,13.99,13.41,13.94,5477800.0
02/12/2010,16:00,13.8,14.48,13.66,14.38,5522400.0
02/16/2010,16:00,14.51,14.52,14.17,14.38,3960800.0
02/17/2010,16:00,14.48,14.48,14.0,14.15,4175300.0
02/18/2010,16:00,14.1,14.41,14.00,14.4,3075700.0
02/19/2010,16:00,14.31,14.55,14.25,14.48,3067700.0
02/22/2010,16:00,14.47,14.85,14.47,14.73,3652400.0
02/23/2010,16:00,14.6,14.75,13.95,14.14,5617800.0
02/24/2010,16:00,14.26,14.48,14.06,14.42,4215500.0
02/25/2010,16:00,14.19,14.86,13.95,14.81,5746000.0
02/26/2010,16:00,14.4,14.55,14.13,14.34,6598600.0
03/01/2010,16:00,14.36,14.83,14.26,14.71,4856200.0
03/02/2010,16:00,14.81,14.97,14.59,14.76,5159700.0
03/03/2010,16:00,14.72,14.85,14.5,14.55,6084000.0
03/04/2010,16:00,13.54,14.03,13.04,13.97,26237500.0
03/05/2010,16:00,14.51,16.03,14.39,16.01,24802100.0
03/08/2010,16:00,15.51,15.69,15.06,15.1,17304000.0
03/09/2010,16:00,15.07,15.64,14.95,15.42,20218200.0
03/10/2010,16:00,15.34,15.59,15.10,15.49,11712700.0
03/11/2010,16:00,15.38,16.29,15.35,15.93,10172500.0
03/12/2010,16:00,16.13,16.14,15.56,15.8,4962400.0
03/15/2010,16:00,15.72,15.95,15.6,15.75,4611400.0
03/16/2010,16:00,15.75,16.12,15.7,15.96,4474600.0
03/17/2010,16:00,16.07,16.07,15.67,15.79,6127600.0
03/18/2010,16:00,15.81,15.89,14.94,15.16,10528500.0
03/19/2010,16:00,15.24,15.41,14.84,14.93,8282700.0
03/22/2010,16:00,14.41,15.44,14.3,15.38,11437400.0
03/23/2010,16:00,15.37,15.52,15.18,15.48,4413400.0
03/24/2010,16:00,15.48,15.54,15.34,15.46,4451500.0
03/25/2010,16:00,15.60,15.84,15.13,15.15,7011200.0
03/26/2010,16:00,15.3,15.65,15.09,15.44,5692300.0
03/29/2010,16:00,15.51,15.6,15.12,15.26,3341200.0
03/30/2010,16:00,15.34,15.5,15.04,15.26,2813300.0
03/31/2010,16:00,15.11,15.39,15.08,15.26,5013500.0
04/01/2010,16:00,15.37,15.45,14.96,15.08,6349400.0
04/05/2010,16:00,15.1,15.44,15.06,15.43,4797200.0
04/06/2010,16:00,15.38,16.5,15.28,16.13,12407900.0
04/07/2010,16:00,16.22,16.85,16.16,16.29,10445000.0
04/08/2010,16:00,16.26,16.28,15.8,15.99,5961000.0
04/09/2010,16:00,16.07,16.5,15.89,16.26,4773900.0
04/12/2010,16:00,16.98,17.6,16.92,17.49,15732200.0
04/13/2010,16:00,17.6,18.15,17.35,18.06,15436500.0
04/14/2010,16:00,18.3,18.72,18.16,18.59,12481500.0
04/15/2010,16:00,18.51,18.75,17.68,18.07,9949000.0
04/16/2010,16:00,17.91,18.42,17.46,17.64,9024400.0
04/19/2010,16:00,17.57,17.81,17.04,17.34,7761700.0
04/20/2010,16:00,17.56,18.48,16.4,18.23,25449100.0
04/21/2010,16:00,18.1,18.23,17.23,17.75,11108300.0
04/22/2010,16:00,17.55,17.6,17.11,17.48,6690100.0
04/23/2010,16:00,17.75,18.19,17.55,18.14,6894100.0
04/26/2010,16:00,18.29,18.79,17.97,18.02,7331300.0
04/27/2010,16:00,18.21,18.34,17.53,17.57,8263600.0
04/28/2010,16:00,18.1,18.44,17.84,18.14,8159800.0
04/29/2010,16:00,18.28,18.5,18.12,18.3,4680000.0
04/30/2010,16:00,18.41,19.43,18.4,18.53,9542400.0
05/03/2010,16:00,18.63,19.48,18.63,19.24,5876400.0
05/04/2010,16:00,18.81,18.82,18.11,18.35,7808500.0
05/05/2010,16:00,17.85,18.34,17.56,17.92,6582400.0
05/06/2010,16:00,17.8,18.25,15.94,16.96,13420400.0
05/07/2010,16:00,16.93,17.11,15.65,16.1,10531700.0
05/10/2010,16:00,17.05,17.15,16.28,16.61,8297200.0
05/11/2010,16:00,16.35,17.25,16.33,16.85,5477800.0
05/12/2010,16:00,17.09,17.42,16.93,17.3,4382600.0
05/13/2010,16:00,17.29,17.91,16.83,17.01,5879500.0
05/14/2010,16:00,16.83,16.89,16.18,16.43,7088000.0
05/17/2010,16:00,16.58,17.03,16.11,16.7,5892500.0
05/18/2010,16:00,16.99,17.0,16.01,16.2,4935900.0
05/19/2010,16:00,16.08,16.28,15.26,15.66,8686000.0
05/20/2010,16:00,15.21,15.46,14.61,15.01,8247300.0
05/21/2010,16:00,14.61,15.9,14.45,15.62,10440700.0
05/24/2010,16:00,15.54,15.97,15.44,15.46,4151100.0
05/25/2010,16:00,14.88,15.69,14.66,15.61,6392800.0
05/26/2010,16:00,15.87,16.3,15.38,15.43,5606000.0
05/27/2010,16:00,15.73,16.11,15.57,16.09,3898000.0
05/28/2010,16:00,16.21,16.3,15.29,15.57,7283500.0
06/01/2010,16:00,15.29,15.57,14.75,14.87,6691200.0
06/02/2010,16:00,15.19,15.42,14.98,15.29,6084300.0
06/03/2010,16:00,15.44,15.62,14.97,15.37,5391600.0
06/04/2010,16:00,15.0,15.29,14.33,14.53,8379100.0
06/07/2010,16:00,14.65,14.78,13.72,13.95,7213400.0
06/08/2010,16:00,13.93,14.16,13.47,13.84,9361800.0
06/09/2010,16:00,15.01,15.2,13.95,13.95,13792300.0
06/10/2010,16:00,14.23,14.49,13.64,14.16,9649000.0
06/11/2010,16:00,13.93,14.5,13.86,14.38,5159700.0
06/14/2010,16:00,14.5,14.82,14.2,14.26,5376400.0
06/15/2010,16:00,14.36,14.8,14.31,14.62,6279800.0
06/16/2010,16:00,14.45,14.95,14.43,14.78,5789900.0
06/17/2010,16:00,14.85,14.9,14.42,14.6,3950000.0
06/18/2010,16:00,14.64,14.79,14.46,14.57,2391100.0
06/21/2010,16:00,14.83,15.15,14.43,14.56,5033300.0
06/22/2010,16:00,14.38,14.77,14.05,14.19,6343000.0
06/23/2010,16:00,14.2,14.44,13.85,14.21,4384800.0
06/24/2010,16:00,14.14,14.23,13.76,13.89,3891000.0
06/25/2010,16:00,14.0,14.0,13.04,13.7,11094400.0
06/28/2010,16:00,13.63,13.68,13.15,13.47,5826100.0
06/29/2010,16:00,13.15,13.18,12.9,13.02,6912500.0
06/30/2010,16:00,13.01,13.18,12.6,12.68,4182600.0
07/01/2010,16:00,12.67,12.9,12.12,12.74,6629800.0
07/02/2010,16:00,12.83,12.93,12.3,12.49,3295000.0
07/06/2010,16:00,12.67,12.9,12.27,12.41,3306900.0
07/07/2010,16:00,12.41,13.12,12.38,13.05,4859500.0
07/08/2010,16:00,13.22,13.46,12.68,12.85,6067900.0
07/09/2010,16:00,12.82,12.87,12.64,12.72,4815900.0
07/12/2010,16:00,12.76,13.05,12.61,12.77,3117600.0
07/13/2010,16:00,13.08,13.5,13.0,13.32,6314000.0
07/14/2010,16:00,13.43,13.95,13.35,13.77,6872500.0
07/15/2010,16:00,13.47,13.54,13.13,13.43,5770900.0
07/16/2010,16:00,13.32,13.42,12.62,12.8,6426200.0
07/19/2010,16:00,12.83,13.01,12.43,12.53,4842200.0
07/20/2010,16:00,12.25,12.65,12.15,12.61,5155300.0
07/21/2010,16:00,12.76,12.79,12.21,12.29,2973700.0
07/22/2010,16:00,12.49,13.0,12.42,12.95,3971900.0
07/23/2010,16:00,12.92,13.5,12.81,13.46,5364300.0
07/26/2010,16:00,13.48,13.95,13.3,13.9,4094500.0
07/27/2010,16:00,14.0,14.13,13.41,13.47,4718200.0
07/28/2010,16:00,13.41,13.62,13.18,13.19,2857200.0
07/29/2010,16:00,13.36,13.45,12.8,13.1,2747700.0
07/30/2010,16:00,12.9,13.29,12.85,13.09,3479200.0
08/02/2010,16:00,13.36,13.4,13.13,13.3,1931600.0
08/03/2010,16:00,13.21,13.4,13.09,13.17,2439700.0
08/04/2010,16:00,13.27,13.55,13.07,13.52,3569200.0
08/05/2010,16:00,13.57,13.61,13.17,13.25,2672400.0
08/06/2010,16:00,13.11,13.45,13.04,13.43,2517600.0
08/09/2010,16:00,13.51,13.78,13.5,13.72,3221200.0
08/10/2010,16:00,13.51,13.56,13.19,13.46,2895100.0
08/11/2010,16:00,13.18,13.2,12.68,12.96,3738600.0
08/12/2010,16:00,12.43,12.5,12.0,12.39,6918900.0
08/13/2010,16:00,12.45,12.64,12.12,12.19,3884100.0
08/16/2010,16:00,12.09,12.3,11.86,12.02,4638400.0
08/17/2010,16:00,12.11,12.79,12.02,12.62,4897400.0
08/18/2010,16:00,12.6,12.81,12.5,12.55,3066800.0
08/19/2010,16:00,12.49,12.6,12.23,12.36,2909800.0
08/20/2010,16:00,12.29,12.61,12.17,12.58,2255000.0
08/23/2010,16:00,12.65,12.7,12.25,12.28,2520900.0
08/24/2010,16:00,12.14,12.42,11.96,12.22,2972000.0
08/25/2010,16:00,12.05,12.61,11.88,12.52,4435600.0
08/26/2010,16:00,12.66,13.03,12.61,12.74,5474800.0
08/27/2010,16:00,12.9,13.11,12.53,13.03,3260100.0
08/30/2010,16:00,12.9,13.12,12.77,12.79,2804800.0
08/31/2010,16:00,12.84,12.88,12.36,12.49,3801000.0
09/01/2010,16:00,12.68,12.97,12.65,12.81,2568900.0
09/02/2010,16:00,12.83,12.93,12.52,12.8,5824300.0
09/03/2010,16:00,13.1,13.35,12.96,13.29,4790700.0
09/07/2010,16:00,13.45,13.68,13.11,13.43,9330200.0
09/08/2010,16:00,13.34,14.34,13.34,14.12,12538200.0
09/09/2010,16:00,14.25,14.39,13.77,13.92,5978600.0
09/10/2010,16:00,13.92,14.43,13.78,14.18,5736900.0
09/13/2010,16:00,14.38,14.97,14.33,14.74,6351700.0
09/14/2010,16:00,14.65,15.3,14.61,14.93,6109200.0
09/15/2010,16:00,14.84,15.1,14.68,14.88,4063700.0
09/16/2010,16:00,14.87,15.11,14.83,15.05,3585500.0
09/17/2010,16:00,15.1,15.25,14.84,15.14,3968000.0
09/20/2010,16:00,15.2,15.47,15.11,15.37,3109300.0
09/21/2010,16:00,15.08,15.46,15.05,15.23,5179700.0
09/22/2010,16:00,15.16,15.39,15.0,15.05,3211700.0
09/23/2010,16:00,14.85,15.48,14.78,15.22,5102800.0
09/24/2010,16:00,15.35,15.85,15.33,15.6,3777900.0
09/27/2010,16:00,15.59,15.9,15.33,15.66,4160100.0
09/28/2010,16:00,15.7,15.78,15.30,15.65,2477200.0
09/29/2010,16:00,15.64,15.89,15.4,15.69,4609000.0
09/30/2010,16:00,15.85,16.04,15.51,15.57,3745200.0
10/01/2010,16:00,15.71,16.0,15.35,15.45,3363400.0
10/04/2010,16:00,15.39,15.72,15.14,15.36,3072100.0
10/05/2010,16:00,15.53,15.59,15.33,15.44,4271700.0
10/06/2010,16:00,15.43,15.6,15.37,15.45,4262700.0
10/07/2010,16:00,15.52,15.65,15.28,15.59,3003400.0
10/08/2010,16:00,15.58,15.58,15.18,15.44,3337000.0
10/11/2010,16:00,15.41,15.79,15.36,15.54,2361000.0
10/12/2010,16:00,15.22,15.25,14.88,15.22,14478800.0
10/13/2010,16:00,15.27,15.41,15.05,15.14,12737600.0
10/14/2010,16:00,15.07,15.17,14.7,14.9,6719400.0
10/15/2010,16:00,14.72,14.85,14.17,14.5,12451300.0
10/18/2010,16:00,14.39,14.62,14.36,14.54,5839100.0
10/19/2010,16:00,14.13,14.14,13.31,13.54,19962500.0
10/20/2010,16:00,13.75,14.11,13.7,13.88,7256000.0
10/21/2010,16:00,13.93,13.97,13.38,13.52,8428400.0
10/22/2010,16:00,13.56,13.81,13.48,13.8,4088100.0
10/25/2010,16:00,13.9,14.35,13.81,14.15,7605500.0
10/26/2010,16:00,13.98,14.17,13.91,13.94,4466600.0
10/27/2010,16:00,13.88,13.98,13.55,13.75,4529600.0
10/28/2010,16:00,13.74,13.8,12.96,13.32,10660200.0
10/29/2010,16:00,13.35,13.89,13.32,13.81,7294500.0
11/01/2010,16:00,13.8,14.03,13.51,13.6,5993600.0
11/02/2010,16:00,13.71,13.86,13.41,13.55,5217500.0
11/03/2010,16:00,13.57,13.94,13.34,13.94,6566200.0
11/04/2010,16:00,14.1,14.24,13.85,14.2,6133500.0
11/05/2010,16:00,14.26,14.44,14.0,14.37,4851700.0
11/08/2010,16:00,14.33,14.67,14.3,14.47,4388500.0
11/09/2010,16:00,14.47,14.59,14.16,14.3,4934500.0
11/10/2010,16:00,14.41,14.69,14.17,14.61,5415500.0
11/11/2010,16:00,14.29,15.0,14.05,14.63,6459900.0
11/12/2010,16:00,14.78,15.08,14.62,14.73,8787700.0
11/15/2010,16:00,14.85,14.88,14.26,14.32,2959900.0
11/16/2010,16:00,14.25,14.25,13.75,14.04,4881800.0
11/17/2010,16:00,13.89,14.2,13.89,14.07,2727600.0
11/18/2010,16:00,14.21,14.65,14.21,14.56,4270700.0
11/19/2010,16:00,14.52,14.72,14.39,14.63,2342300.0
11/22/2010,16:00,14.98,15.37,14.81,15.34,6385800.0
11/23/2010,16:00,15.1,15.34,15.04,15.22,5328900.0
11/24/2010,16:00,15.38,15.55,15.27,15.48,3076400.0
11/26/2010,16:00,15.25,15.33,15.2,15.29,1468200.0
11/29/2010,16:00,15.23,15.53,15.1,15.51,3659000.0
11/30/2010,16:00,15.3,15.35,14.95,15.13,6450300.0
12/01/2010,16:00,15.43,15.44,15.10,15.35,4873900.0
12/02/2010,16:00,15.41,15.79,15.38,15.72,3145200.0
12/03/2010,16:00,15.54,16.05,15.53,15.93,3444700.0
12/06/2010,16:00,15.89,16.08,15.86,15.92,2314400.0
12/07/2010,16:00,16.07,16.19,15.7,15.74,3874500.0
12/08/2010,16:00,15.81,16.05,15.7,15.92,4832600.0
12/09/2010,16:00,17.41,18.38,17.34,18.36,19528700.0
12/10/2010,16:00,18.3,19.25,18.3,19.21,12197500.0
12/13/2010,16:00,19.31,19.34,18.86,19.07,5064700.0
12/14/2010,16:00,19.0,19.63,18.93,19.1,5158200.0
12/15/2010,16:00,18.98,19.59,18.88,19.29,3367500.0
12/16/2010,16:00,19.5,20.91,19.48,20.86,13383700.0
12/17/2010,16:00,20.92,21.69,20.56,21.42,8143000.0
12/20/2010,16:00,21.38,21.53,20.76,21.28,4888100.0
12/21/2010,16:00,20.97,21.63,20.85,21.48,4365400.0
12/22/2010,16:00,21.42,21.58,20.71,20.81,5376400.0
12/23/2010,16:00,20.71,20.93,20.25,20.4,4845700.0
12/27/2010,16:00,20.56,21.1,20.52,20.96,2982200.0
12/28/2010,16:00,21.04,21.25,20.91,21.24,2615500.0
12/29/2010,16:00,21.18,21.23,20.83,21.08,2104500.0
12/30/2010,16:00,21.02,21.42,21.02,21.22,2485400.0
12/31/2010,16:00,21.22,21.25,20.92,21.05,1857700.0
01/03/2011,16:00,21.21,21.87,21.14,21.71,3731800.0
01/04/2011,16:00,21.83,22.51,21.76,22.48,8258000.0
01/05/2011,16:00,22.34,23.19,22.26,22.93,7039700.0
01/06/2011,16:00,23.1,24.25,23.0,23.99,13624100.0
01/07/2011,16:00,24.09,24.19,23.32,23.82,5680000.0
01/10/2011,16:00,23.75,24.84,23.35,24.82,7912600.0
01/11/2011,16:00,25.5,25.6,24.59,24.73,10230300.0
01/12/2011,16:00,24.98,25.07,24.52,24.99,5126200.0
01/13/2011,16:00,24.98,25.71,24.78,25.05,6232000.0
01/14/2011,16:00,25.0,25.39,24.58,25.33,4492400.0
01/18/2011,16:00,25.4,25.77,25.08,25.49,5695500.0
01/19/2011,16:00,25.51,25.68,24.54,24.82,4950600.0
01/20/2011,16:00,24.35,24.56,23.33,24.1,7043700.0
01/21/2011,16:00,24.41,24.45,23.24,23.6,6709100.0
01/24/2011,16:00,23.61,24.8,23.34,24.73,5034900.0
01/25/2011,16:00,24.43,24.67,23.77,24.19,4851300.0
01/26/2011,16:00,23.62,23.71,23.04,23.31,10861700.0
01/27/2011,16:00,23.63,24.2,23.47,23.65,5970400.0
01/28/2011,16:00,23.96,24.48,23.11,23.5,6688500.0
01/31/2011,16:00,22.52,22.57,21.91,22.03,15094900.0
02/01/2011,16:00,22.22,23.11,22.17,23.05,9081300.0
02/02/2011,16:00,22.99,23.62,22.99,23.31,5148700.0
02/03/2011,16:00,23.31,23.64,22.83,23.55,3988200.0
02/04/2011,16:00,25.01,27.09,25.01,26.9,19113600.0
02/07/2011,16:00,26.87,27.23,26.44,26.72,8510300.0
02/08/2011,16:00,26.77,26.99,26.46,26.88,3665000.0
02/09/2011,16:00,27.13,27.69,26.33,26.64,7430500.0
02/10/2011,16:00,26.24,27.9,25.98,27.35,8491400.0
02/11/2011,16:00,27.2,28.1,27.12,27.84,6757400.0
02/14/2011,16:00,28.39,28.68,27.66,28.13,5670900.0
02/15/2011,16:00,27.92,27.97,27.0,27.25,6678800.0
02/16/2011,16:00,27.38,27.84,27.2,27.73,3424300.0
02/17/2011,16:00,27.58,27.86,27.47,27.74,3349600.0
02/18/2011,16:00,27.8,27.97,27.31,27.69,3571500.0
02/22/2011,16:00,27.23,27.49,25.96,26.15,5596300.0
02/23/2011,16:00,26.28,26.5,24.77,25.56,5775300.0
02/24/2011,16:00,26.2,26.7,25.75,26.56,4677800.0
02/25/2011,16:00,26.9,27.58,26.85,27.57,4561000.0
02/28/2011,16:00,27.8,28.08,27.19,27.57,3111800.0
03/01/2011,16:00,27.65,27.71,26.05,26.34,4001000.0
03/02/2011,16:00,26.43,28.8,26.39,27.44,9032300.0
03/03/2011,16:00,27.92,28.94,27.8,28.71,6028200.0
03/04/2011,16:00,28.78,29.24,28.12,28.81,7156700.0
03/07/2011,16:00,27.6,28.38,24.99,25.98,24397900.0
03/08/2011,16:00,26.39,26.39,25.32,25.68,8859200.0
03/09/2011,16:00,24.47,25.24,24.04,24.33,11647000.0
03/10/2011,16:00,24.01,24.58,23.61,23.63,7251600.0
03/11/2011,16:00,23.9,25.0,23.7,24.93,7055500.0
03/14/2011,16:00,24.8,25.4,24.57,24.66,3896400.0
03/15/2011,16:00,23.9,24.87,23.52,24.66,4973300.0
03/16/2011,16:00,24.69,25.74,24.69,25.07,7991000.0
03/17/2011,16:00,25.31,25.45,24.31,24.74,7429500.0
03/18/2011,16:00,25.04,25.16,22.97,23.1,11687000.0
03/21/2011,16:00,23.48,24.04,22.57,24.02,6619500.0
03/22/2011,16:00,23.43,23.7,22.23,22.32,14837800.0
03/23/2011,16:00,22.22,23.13,22.2,22.89,7552000.0
03/24/2011,16:00,23.2,24.38,23.15,24.25,8263500.0
03/25/2011,16:00,24.22,24.49,23.68,24.0,5399100.0
03/28/2011,16:00,24.08,24.19,23.35,23.4,4818400.0
03/29/2011,16:00,23.28,24.34,23.2,24.34,4544600.0
03/30/2011,16:00,24.83,25.99,24.43,25.58,9065400.0
03/31/2011,16:00,25.51,26.78,25.51,25.94,9266500.0
04/01/2011,16:00,25.56,25.75,25.0,25.35,6201000.0
04/04/2011,16:00,25.46,25.62,24.84,25.07,3376700.0
04/05/2011,16:00,25.75,27.41,25.66,26.55,10378000.0
04/06/2011,16:00,26.58,27.1,26.09,26.65,6876300.0
04/07/2011,16:00,26.6,26.74,26.08,26.24,3161100.0
04/08/2011,16:00,26.38,26.59,25.7,26.14,2895900.0
04/11/2011,16:00,26.09,26.20,24.98,25.31,5900600.0
04/12/2011,16:00,25.0,25.47,24.58,25.4,4513100.0
04/13/2011,16:00,25.99,26.9,25.84,26.54,7908700.0
04/14/2011,16:00,26.07,26.77,26.0,26.7,4437500.0
04/15/2011,16:00,26.7,26.9,26.22,26.41,3146500.0
04/18/2011,16:00,25.94,26.31,25.63,25.78,3908400.0
04/19/2011,16:00,25.89,25.98,25.04,25.9,3772300.0
04/20/2011,16:00,26.4,26.88,26.11,26.8,4696600.0
04/21/2011,16:00,27.15,28.15,26.95,27.52,7252100.0
04/25/2011,16:00,27.56,27.94,27.12,27.46,3317600.0
04/26/2011,16:00,27.7,27.95,27.3,27.64,3100000.0
04/27/2011,16:00,27.74,27.91,27.53,27.8,3751400.0
04/28/2011,16:00,27.7,28.0,27.29,27.8,3300000.0
04/29/2011,16:00,27.67,28.78,27.47,28.24,4312600.0
05/02/2011,16:00,28.36,28.44,27.43,27.62,3644500.0
05/03/2011,16:00,27.44,27.73,27.02,27.62,3000000.0
05/04/2011,16:00,27.54,27.72,26.35,27.14,4292400.0
05/05/2011,16:00,27.26,28.33,27.18,27.48,5500000.0
05/06/2011,16:00,28.0,28.09,26.9,27.06,3654400.0
05/09/2011,16:00,27.08,27.16,26.69,26.92,2788700.0
05/10/2011,16:00,27.16,28.04,27.01,27.91,6595500.0
05/11/2011,16:00,27.89,28.13,27.14,27.36,3600000.0
05/12/2011,16:00,27.11,27.58,26.44,27.31,3600000.0
05/13/2011,16:00,27.35,27.74,26.77,27.0,2690900.0
05/16/2011,16:00,26.87,27.06,26.0,26.04,4043100.0
05/17/2011,16:00,25.95,25.95,24.95,25.55,6184000.0
05/18/2011,16:00,25.6,25.85,25.37,25.66,5597700.0
05/19/2011,16:00,25.96,26.36,25.64,26.2,4891000.0
05/20/2011,16:00,26.11,26.48,25.99,26.26,3220500.0
05/23/2011,16:00,25.77,26.25,25.55,25.74,3400000.0
05/24/2011,16:00,25.87,25.95,25.06,25.22,3679500.0
05/25/2011,16:00,25.17,26.2,25.02,26.02,3602200.0
05/26/2011,16:00,25.9,26.38,25.79,25.97,3381400.0
05/27/2011,16:00,26.02,26.62,26.02,26.52,2563100.0
05/31/2011,16:00,26.83,26.98,26.1,26.75,3888600.0
06/01/2011,16:00,26.57,27.27,25.37,25.48,6890000.0
06/02/2011,16:00,25.59,26.2,25.44,25.72,3485300.0
06/03/2011,16:00,25.21,25.55,24.78,24.83,5531800.0
06/06/2011,16:00,24.66,25.1,24.02,24.08,5172700.0
06/07/2011,16:00,24.29,24.61,23.9,24.21,5399500.0
06/08/2011,16:00,21.06,21.60,19.72,20.29,36581000.0
06/09/2011,16:00,20.4,20.4,18.99,19.0,19655800.0
06/10/2011,16:00,18.82,19.47,18.8,19.04,9414400.0
06/13/2011,16:00,19.05,19.44,18.35,18.51,6888500.0
06/14/2011,16:00,18.77,19.06,18.36,18.86,6704100.0
06/15/2011,16:00,18.69,18.87,17.98,18.11,7383600.0
06/16/2011,16:00,17.64,17.74,16.79,17.26,12274600.0
06/17/2011,16:00,17.55,17.55,16.68,16.73,6548500.0
06/20/2011,16:00,16.65,17.07,16.5,16.96,6453600.0
06/21/2011,16:00,16.72,17.61,16.7,17.59,6932300.0
06/22/2011,16:00,17.45,18.25,17.35,17.99,7214000.0
06/23/2011,16:00,17.72,18.62,17.57,18.56,6513000.0
06/24/2011,16:00,18.6,18.62,17.67,17.76,5286400.0
06/27/2011,16:00,17.81,18.19,17.7,17.82,4258600.0
06/28/2011,16:00,17.88,18.45,17.81,18.09,3893900.0
06/29/2011,16:00,18.18,18.66,17.96,18.37,4681700.0
06/30/2011,16:00,18.46,18.79,18.32,18.38,3557600.0
07/01/2011,16:00,18.46,18.68,18.16,18.65,3112300.0
07/05/2011,16:00,18.59,18.78,17.87,17.95,6158000.0
07/06/2011,16:00,17.85,17.94,17.41,17.53,5561000.0
07/07/2011,16:00,17.82,18.07,17.58,17.94,4459100.0
07/08/2011,16:00,17.65,17.71,17.35,17.51,3810200.0
07/11/2011,16:00,17.3,17.62,16.8,17.02,3816600.0
07/12/2011,16:00,16.97,17.24,16.65,16.7,3677400.0
07/13/2011,16:00,16.8,17.19,16.53,16.54,4100800.0
07/14/2011,16:00,16.61,16.77,15.53,15.94,9187500.0
07/15/2011,16:00,16.02,16.31,15.66,16.27,6345400.0
07/18/2011,16:00,16.13,16.23,15.22,15.61,6128800.0
07/19/2011,16:00,15.8,16.28,15.79,16.27,5463200.0
07/20/2011,16:00,16.3,16.7,16.17,16.55,5597000.0
07/21/2011,16:00,16.6,17.31,16.25,16.85,6242300.0
07/22/2011,16:00,16.91,17.83,16.87,17.66,6656400.0
07/25/2011,16:00,17.43,17.54,17.22,17.47,4294200.0
07/26/2011,16:00,17.49,17.91,17.35,17.58,4724000.0
07/27/2011,16:00,16.65,16.83,15.54,15.69,12170300.0
07/28/2011,16:00,15.77,16.25,15.47,15.55,5751000.0
07/29/2011,16:00,15.41,15.84,15.0,15.46,6256300.0
08/01/2011,16:00,15.81,15.92,14.75,14.82,7326400.0
08/02/2011,16:00,14.67,15.09,13.89,14.03,7543300.0
08/03/2011,16:00,14.08,14.58,13.6,14.53,5827000.0
08/04/2011,16:00,14.28,14.45,13.4,13.4,7126800.0
08/05/2011,16:00,13.71,13.84,12.6,12.75,12185800.0
08/08/2011,16:00,12.0,12.29,11.07,11.1,10404500.0
08/09/2011,16:00,11.33,12.09,10.94,12.09,8662100.0
08/10/2011,16:00,11.73,12.1,11.43,11.45,6932300.0
08/11/2011,16:00,11.7,13.21,11.65,13.07,10006000.0
08/12/2011,16:00,13.28,13.49,12.63,12.82,6808600.0
08/15/2011,16:00,12.95,13.32,12.86,13.24,5646600.0
08/16/2011,16:00,13.09,13.14,12.39,12.74,5524300.0
08/17/2011,16:00,12.85,12.94,12.02,12.22,5618200.0
08/18/2011,16:00,11.8,11.82,10.85,10.95,6082800.0
08/19/2011,16:00,10.82,11.45,10.7,10.71,3548100.0
08/22/2011,16:00,11.04,11.19,10.63,10.7,4089300.0
08/23/2011,16:00,10.75,11.25,10.68,11.19,4504600.0
08/24/2011,16:00,11.19,11.28,10.81,11.06,4211500.0
08/25/2011,16:00,11.14,11.19,10.34,10.45,5911400.0
08/26/2011,16:00,10.35,11.01,10.33,10.78,4431900.0
08/29/2011,16:00,11.02,12.21,11.02,12.13,5863700.0
08/30/2011,16:00,12.07,12.82,12.05,12.62,8279400.0
08/31/2011,16:00,12.85,12.89,12.03,12.24,11794300.0
09/01/2011,16:00,13.86,14.89,13.65,14.71,29789200.0
09/02/2011,16:00,14.46,14.54,13.52,13.78,14355800.0
09/06/2011,16:00,13.23,13.5,12.55,13.07,10818900.0
09/07/2011,16:00,13.41,13.91,13.33,13.73,5547300.0
09/08/2011,16:00,13.66,13.95,12.99,13.09,5953300.0
09/09/2011,16:00,12.91,13.26,12.33,12.55,7039300.0
09/12/2011,16:00,12.4,12.90,12.25,12.82,6347700.0
09/13/2011,16:00,12.9,13.99,12.89,13.93,9950900.0
09/14/2011,16:00,14.06,14.34,13.43,13.96,15047500.0
09/15/2011,16:00,14.14,14.21,13.52,13.69,8751000.0
09/16/2011,16:00,13.49,13.64,12.75,13.01,8853700.0
09/19/2011,16:00,12.75,12.78,12.43,12.6,7203700.0
09/20/2011,16:00,12.76,13.09,12.52,12.75,7317500.0
09/21/2011,16:00,12.78,12.93,12.01,12.04,6047100.0
09/22/2011,16:00,11.1,11.55,10.8,11.24,8061700.0
09/23/2011,16:00,11.16,11.55,10.99,11.45,3197400.0
09/26/2011,16:00,11.51,11.62,11.05,11.55,4473700.0
09/27/2011,16:00,11.83,12.62,11.7,12.29,7579200.0
09/28/2011,16:00,12.37,12.47,11.31,11.37,7675800.0
09/29/2011,16:00,11.76,11.97,11.19,11.72,7154000.0
09/30/2011,16:00,11.48,11.71,11.17,11.2,4312800.0
10/03/2011,16:00,11.07,11.22,10.26,10.28,5609400.0
10/04/2011,16:00,10.01,10.76,9.89,10.71,7345300.0
10/05/2011,16:00,10.68,11.49,10.46,11.37,6900600.0
10/06/2011,16:00,11.41,12.03,11.08,11.95,6023600.0
10/07/2011,16:00,12.01,12.08,11.29,11.57,5665300.0
10/10/2011,16:00,11.88,12.14,11.58,11.78,3502600.0
10/11/2011,16:00,11.66,12.23,11.51,12.09,4189400.0
10/12/2011,16:00,12.24,12.25,11.27,11.9,9228600.0
10/13/2011,16:00,11.75,11.96,11.36,11.77,6315100.0
10/14/2011,16:00,12.02,12.49,11.93,12.39,5722000.0
10/17/2011,16:00,12.22,12.41,11.73,11.79,3459500.0
10/18/2011,16:00,11.8,12.44,11.35,12.29,4838600.0
10/19/2011,16:00,12.09,12.17,11.55,11.78,6262800.0
10/20/2011,16:00,11.77,12.48,11.43,12.38,6860200.0
10/21/2011,16:00,12.66,13.1,12.33,12.67,6434600.0
10/24/2011,16:00,12.74,13.83,12.74,13.74,8340500.0
10/25/2011,16:00,13.67,13.67,12.02,12.12,12954500.0
10/26/2011,16:00,12.45,12.58,11.91,12.41,5379200.0
10/27/2011,16:00,12.98,13.57,12.53,13.18,8639900.0
10/28/2011,16:00,13.17,13.88,12.89,13.82,5871900.0
10/31/2011,16:00,13.49,13.52,13.12,13.18,3510000.0
11/01/2011,16:00,12.61,13.46,12.26,13.25,8440300.0
11/02/2011,16:00,13.56,14.2,13.16,13.47,9032700.0
11/03/2011,16:00,13.96,13.98,13.15,13.75,4117200.0
11/04/2011,16:00,13.6,13.76,13.25,13.68,4023200.0
11/07/2011,16:00,13.61,13.83,12.94,13.22,6338800.0
11/08/2011,16:00,13.35,13.7,13.11,13.59,4581600.0
11/09/2011,16:00,13.13,13.28,12.78,12.85,4530300.0
11/10/2011,16:00,13.12,13.36,12.74,13.13,3779400.0
11/11/2011,16:00,13.35,13.74,13.23,13.6,3573200.0
11/14/2011,16:00,13.50,14.08,13.5,14.01,4980600.0
11/15/2011,16:00,13.88,14.17,13.55,13.67,6893500.0
11/16/2011,16:00,13.59,13.82,13.39,13.43,5135100.0
11/17/2011,16:00,13.37,13.6,12.92,13.03,5743800.0
11/18/2011,16:00,13.13,13.13,12.75,12.86,4281000.0
11/21/2011,16:00,12.6,12.68,11.94,12.29,5299200.0
11/22/2011,16:00,12.25,12.25,11.38,11.56,6594800.0
11/23/2011,16:00,11.39,11.49,10.96,11.03,4101800.0
11/25/2011,16:00,10.93,11.28,10.9,10.97,1541100.0
11/28/2011,16:00,11.41,11.73,11.31,11.55,4457300.0
11/29/2011,16:00,11.59,11.7,11.36,11.48,2955700.0
11/30/2011,16:00,11.94,12.12,11.81,12.11,4389400.0
12/01/2011,16:00,12.03,12.56,11.99,12.05,3641500.0
12/02/2011,16:00,12.23,12.44,11.93,11.95,3332700.0
12/05/2011,16:00,12.21,12.27,11.85,11.89,4978100.0
12/06/2011,16:00,11.81,11.9,11.37,11.5,6473100.0
12/07/2011,16:00,11.4,12.0,11.2,11.91,7009000.0
12/08/2011,16:00,12.34,13.12,11.97,12.03,14535300.0
12/09/2011,16:00,12.0,12.3,11.85,12.22,5634000.0
12/12/2011,16:00,12.04,12.09,11.57,11.73,3704700.0
12/13/2011,16:00,11.79,11.97,11.12,11.27,3809900.0
12/14/2011,16:00,11.18,11.23,10.75,10.81,4072600.0
12/15/2011,16:00,10.93,11.02,10.52,10.66,3815600.0
12/16/2011,16:00,10.77,11.2,10.67,10.77,5142400.0
12/19/2011,16:00,10.84,10.96,10.3,10.38,3129900.0
12/20/2011,16:00,10.92,11.77,10.9,11.64,9296900.0
12/21/2011,16:00,11.35,11.5,10.92,11.29,5030300.0
12/22/2011,16:00,11.32,12.14,11.32,11.99,4590700.0
12/23/2011,16:00,12.02,12.19,11.91,12.11,2286400.0
12/27/2011,16:00,12.04,12.28,11.85,12.03,2127200.0
12/28/2011,16:00,12.01,12.13,11.72,11.95,2268400.0
12/29/2011,16:00,11.94,12.21,11.89,12.19,2838000.0
12/30/2011,16:00,12.15,12.43,12.05,12.1,3156300.0
01/03/2012,16:00,12.43,12.85,12.24,12.46,4569900.0
01/04/2012,16:00,12.22,12.27,11.91,12.17,4923200.0
01/05/2012,16:00,12.23,13.21,12.13,13.18,9455400.0
01/06/2012,16:00,13.14,13.78,13.12,13.57,8498100.0
01/09/2012,16:00,13.65,14.24,13.61,13.94,7243700.0
01/10/2012,16:00,14.16,14.19,13.71,13.82,4218100.0
01/11/2012,16:00,13.75,14.37,13.67,14.31,3890600.0
01/12/2012,16:00,14.45,14.68,14.29,14.6,4530700.0
01/13/2012,16:00,14.68,14.8,14.01,14.48,4775900.0
01/17/2012,16:00,14.63,14.75,14.3,14.55,3440900.0
01/18/2012,16:00,14.53,15.15,14.48,15.01,6339100.0
01/19/2012,16:00,15.28,15.63,15.15,15.24,4324400.0
01/20/2012,16:00,15.24,15.42,15.04,15.27,4149800.0
01/23/2012,16:00,15.29,15.42,14.67,14.87,4703800.0
01/24/2012,16:00,14.85,15.19,14.38,15.15,5284700.0
01/25/2012,16:00,15.1,15.15,14.68,15.06,4722900.0
01/26/2012,16:00,15.18,15.84,15.05,15.34,7210400.0
01/27/2012,16:00,14.74,15.19,14.74,15.03,4697200.0
01/30/2012,16:00,14.86,14.87,14.48,14.6,4377900.0
01/31/2012,16:00,14.91,14.96,14.45,14.55,4242400.0
02/01/2012,16:00,14.69,15.01,14.6,14.87,3191800.0
02/02/2012,16:00,15.04,15.15,14.66,14.74,4173700.0
02/03/2012,16:00,15.02,15.53,14.95,15.46,4122200.0
02/06/2012,16:00,15.37,15.99,15.25,15.9,3357500.0
02/07/2012,16:00,15.78,16.29,15.66,16.17,4679500.0
02/08/2012,16:00,16.15,16.99,16.15,16.7,7403800.0
02/09/2012,16:00,16.66,16.7,16.28,16.53,3109000.0
02/10/2012,16:00,16.33,16.6,16.17,16.24,2665900.0
02/13/2012,16:00,16.5,16.69,16.26,16.44,2480500.0
02/14/2012,16:00,16.58,16.97,16.56,16.92,4142900.0
02/15/2012,16:00,16.95,17.21,16.55,16.71,4875400.0
02/16/2012,16:00,16.72,17.27,16.44,17.16,3429000.0
02/17/2012,16:00,17.16,17.39,16.88,17.0,2703800.0
02/21/2012,16:00,16.36,16.45,15.44,15.58,14645400.0
02/22/2012,16:00,15.52,15.59,14.92,14.94,8033300.0
02/23/2012,16:00,14.93,15.63,14.85,15.43,5828600.0
02/24/2012,16:00,15.42,16.19,15.42,15.68,5184300.0
02/27/2012,16:00,15.53,15.77,15.17,15.55,4011100.0
02/28/2012,16:00,15.47,15.58,15.2,15.28,4494300.0
02/29/2012,16:00,15.3,15.56,14.85,14.88,5822700.0
03/01/2012,16:00,14.8,15.23,14.52,14.87,7109800.0
03/02/2012,16:00,14.78,15.0,14.45,14.48,4234000.0
03/05/2012,16:00,14.38,14.4,13.76,13.8,7725900.0
03/06/2012,16:00,13.7,13.78,13.39,13.44,6705100.0
03/07/2012,16:00,14.42,14.75,13.99,14.01,12811000.0
03/08/2012,16:00,14.5,14.95,14.41,14.79,7826700.0
03/09/2012,16:00,14.7,15.22,14.67,14.99,4430300.0
03/12/2012,16:00,14.99,15.15,14.49,14.57,3520600.0
03/13/2012,16:00,14.7,15.68,14.7,15.64,7809800.0
03/14/2012,16:00,15.65,15.7,15.15,15.4,4671800.0
03/15/2012,16:00,15.33,16.05,15.26,15.92,5377600.0
03/16/2012,16:00,15.95,16.07,15.62,15.99,5104000.0
03/19/2012,16:00,15.93,16.19,15.82,16.02,4697200.0
03/20/2012,16:00,15.87,16.01,15.53,15.89,3242000.0
03/21/2012,16:00,15.66,15.97,15.57,15.78,4020000.0
03/22/2012,16:00,16.05,16.05,15.53,15.69,3999100.0
03/23/2012,16:00,15.7,15.88,15.42,15.88,2889700.0
03/26/2012,16:00,16.06,16.13,15.75,15.96,3542500.0
03/27/2012,16:00,16.02,16.84,16.02,16.49,6090000.0
03/28/2012,16:00,16.51,16.59,16.00,16.28,4948400.0
03/29/2012,16:00,16.11,16.36,15.91,16.24,3172400.0
03/30/2012,16:00,16.39,16.63,16.0,16.19,2816900.0
04/02/2012,16:00,16.11,16.54,16.02,16.37,2850400.0
04/03/2012,16:00,16.39,16.66,16.06,16.29,4260500.0
04/04/2012,16:00,16.44,16.72,16.01,16.34,6387600.0
04/05/2012,16:00,15.9,16.25,15.75,15.91,5469400.0
04/09/2012,16:00,15.58,15.80,15.3,15.47,5554000.0
04/10/2012,16:00,15.43,15.84,15.04,15.2,3878100.0
04/11/2012,16:00,15.42,15.84,15.18,15.61,4199600.0
04/12/2012,16:00,15.65,16.33,15.65,16.21,3915700.0
04/13/2012,16:00,16.22,16.24,15.94,16.16,4870800.0
04/16/2012,16:00,16.32,16.42,15.83,16.02,4643900.0
04/17/2012,16:00,16.19,16.79,16.18,16.63,4060600.0
04/18/2012,16:00,16.47,16.69,16.31,16.53,3559600.0
04/19/2012,16:00,16.54,16.98,16.33,16.62,4368100.0
04/20/2012,16:00,16.65,16.8,15.96,15.99,3560100.0
04/23/2012,16:00,15.75,15.75,15.2,15.35,4351600.0
04/24/2012,16:00,15.35,15.8,15.2,15.68,6418300.0
04/25/2012,16:00,15.96,16.18,15.5,15.66,4295200.0
04/26/2012,16:00,15.61,15.72,15.34,15.38,4263700.0
04/27/2012,16:00,15.44,15.52,15.05,15.09,4273400.0
04/30/2012,16:00,15.09,15.11,14.66,14.82,3668000.0
05/01/2012,16:00,14.83,15.09,14.65,14.72,4445700.0
05/02/2012,16:00,14.61,14.64,14.24,14.3,4095200.0
05/03/2012,16:00,14.26,14.51,13.92,13.98,5391700.0
05/04/2012,16:00,13.88,13.92,13.25,13.3,6610900.0
05/07/2012,16:00,13.25,13.51,13.07,13.31,5113000.0
05/08/2012,16:00,13.22,13.22,12.46,12.7,5905100.0
05/09/2012,16:00,12.49,12.58,12.07,12.42,7176100.0
05/10/2012,16:00,12.55,12.6,11.84,12.06,7566800.0
05/11/2012,16:00,11.97,13.36,11.93,13.1,11510700.0
05/14/2012,16:00,12.9,13.42,12.9,13.26,7774000.0
05/15/2012,16:00,13.4,13.65,12.95,13.05,5605800.0
05/16/2012,16:00,13.15,13.23,12.33,12.39,6161800.0
05/17/2012,16:00,12.39,12.59,11.76,11.77,4466600.0
05/18/2012,16:00,11.85,11.96,11.44,11.48,3568400.0
05/21/2012,16:00,11.59,12.47,11.57,12.25,5161500.0
05/22/2012,16:00,12.3,12.63,12.07,12.24,3626800.0
05/23/2012,16:00,12.02,12.3,11.83,12.19,4978200.0
05/24/2012,16:00,12.22,12.24,11.75,11.95,4843400.0
05/25/2012,16:00,11.99,12.15,11.78,11.84,4025100.0
05/29/2012,16:00,11.93,12.37,11.85,12.34,4901500.0
05/30/2012,16:00,12.19,12.19,11.65,11.88,9029800.0
05/31/2012,16:00,12.51,13.67,12.45,13.55,21070300.0
06/01/2012,16:00,13.29,13.41,12.66,12.68,9972000.0
06/04/2012,16:00,12.78,12.97,12.25,12.7,5557200.0
06/05/2012,16:00,12.67,13.37,12.63,13.28,4723600.0
06/06/2012,16:00,13.47,14.1,13.47,13.89,5155900.0
06/07/2012,16:00,14.03,14.28,13.8,14.22,9335300.0
06/08/2012,16:00,14.12,14.82,14.02,14.69,9378300.0
06/11/2012,16:00,14.81,14.87,13.83,14.12,9577700.0
06/12/2012,16:00,14.3,14.59,14.08,14.52,5930300.0
06/13/2012,16:00,14.46,14.76,14.35,14.61,8053700.0
06/14/2012,16:00,14.6,15.11,14.33,15.06,5397400.0
06/15/2012,16:00,15.08,15.52,14.92,15.51,4452700.0
06/18/2012,16:00,15.45,15.76,15.3,15.67,3932000.0
06/19/2012,16:00,15.7,15.92,15.64,15.78,3461600.0
06/20/2012,16:00,15.74,15.97,15.67,15.88,4834900.0
06/21/2012,16:00,15.63,15.78,15.22,15.31,5041800.0
06/22/2012,16:00,15.36,15.54,15.21,15.51,13929600.0
06/25/2012,16:00,15.25,15.26,14.91,15.17,3580500.0
06/26/2012,16:00,15.32,15.54,15.2,15.47,4264700.0
06/27/2012,16:00,15.45,15.79,15.42,15.75,4447600.0
06/28/2012,16:00,15.46,15.86,15.37,15.74,3635800.0
06/29/2012,16:00,16.05,16.45,16.04,16.37,4793100.0
07/02/2012,16:00,16.29,16.63,15.99,16.58,4767900.0
07/03/2012,16:00,16.52,16.86,16.5,16.81,2748700.0
07/05/2012,16:00,16.67,16.95,16.53,16.61,3843400.0
07/06/2012,16:00,16.22,16.4,15.41,15.91,6457400.0
07/09/2012,16:00,15.82,15.82,15.14,15.32,5996600.0
07/10/2012,16:00,15.54,15.83,15.27,15.36,5598800.0
07/11/2012,16:00,15.27,15.27,13.97,14.15,12839400.0
07/12/2012,16:00,13.96,14.41,13.54,14.23,9627900.0
07/13/2012,16:00,14.19,14.38,14.02,14.2,5094800.0
07/16/2012,16:00,14.14,14.3,13.55,13.63,5730300.0
07/17/2012,16:00,13.7,13.73,13.08,13.48,6834900.0
07/18/2012,16:00,13.58,14.51,13.55,14.2,7609000.0
07/19/2012,16:00,14.2,15.5,14.2,15.28,12790300.0
07/20/2012,16:00,15.0,15.3,14.77,14.82,5588800.0
07/23/2012,16:00,14.35,14.62,13.90,14.47,3278900.0
07/24/2012,16:00,14.61,14.63,14.23,14.4,2883200.0
07/25/2012,16:00,14.59,15.07,14.51,14.73,4343900.0
07/26/2012,16:00,15.07,15.5,14.91,15.39,5043600.0
07/27/2012,16:00,15.45,16.20,15.38,15.99,6454800.0
07/30/2012,16:00,16.32,16.5,15.95,16.12,5845300.0
07/31/2012,16:00,16.14,16.51,15.96,16.03,5036600.0
08/01/2012,16:00,16.25,16.3,15.84,16.03,3768700.0
08/02/2012,16:00,15.7,16.18,15.21,15.39,5805500.0
08/03/2012,16:00,15.85,16.45,15.8,16.34,5230700.0
08/06/2012,16:00,16.4,17.25,16.34,17.21,5666900.0
08/07/2012,16:00,17.41,18.38,17.26,17.61,9092100.0
08/08/2012,16:00,17.56,18.1,17.55,17.7,4029100.0
08/09/2012,16:00,17.61,18.03,17.49,17.82,3689900.0
08/10/2012,16:00,17.6,18.07,17.6,17.98,3057400.0
08/13/2012,16:00,17.99,18.39,17.67,17.9,4374700.0
08/14/2012,16:00,18.0,18.0,16.22,16.65,11234600.0
08/15/2012,16:00,16.97,17.31,16.84,17.2,6762400.0
08/16/2012,16:00,17.35,17.46,16.98,17.24,3995000.0
08/17/2012,16:00,17.43,17.69,17.3,17.62,3359500.0
08/20/2012,16:00,17.63,17.66,17.18,17.47,3138500.0
08/21/2012,16:00,17.61,17.85,17.3,17.41,4521200.0
08/22/2012,16:00,17.3,17.66,17.04,17.48,2680300.0
08/23/2012,16:00,17.4,17.41,17.09,17.22,2893500.0
08/24/2012,16:00,17.19,17.22,16.39,16.88,4691500.0
08/27/2012,16:00,17.15,17.26,16.71,16.8,3494300.0
08/28/2012,16:00,16.86,17.18,16.75,17.06,4639500.0
08/29/2012,16:00,17.23,17.25,16.42,16.72,7942900.0
08/30/2012,16:00,14.84,14.97,13.41,13.46,33252300.0
08/31/2012,16:00,13.6,13.94,13.39,13.67,11966900.0
09/04/2012,16:00,13.65,13.9,13.5,13.74,6121100.0
09/05/2012,16:00,13.75,14.0,13.66,13.95,6336000.0
09/06/2012,16:00,14.02,14.44,13.99,14.37,4715600.0
09/07/2012,16:00,14.35,14.71,14.23,14.66,4867900.0
09/10/2012,16:00,14.45,14.54,14.13,14.18,3328700.0
09/11/2012,16:00,14.24,14.29,13.79,13.8,5167300.0
09/12/2012,16:00,13.97,14.07,13.86,13.93,3118200.0
09/13/2012,16:00,13.9,14.35,13.85,14.14,4124500.0
09/14/2012,16:00,14.23,14.95,14.23,14.86,4980900.0
09/17/2012,16:00,14.75,14.9,14.37,14.43,2271400.0
09/18/2012,16:00,14.36,14.5,14.2,14.27,2416800.0
09/19/2012,16:00,14.37,14.49,14.1,14.38,2472800.0
09/20/2012,16:00,14.23,14.35,14.01,14.16,2632800.0
09/21/2012,16:00,14.07,14.48,14.07,14.2,3590400.0
09/24/2012,16:00,14.03,14.26,13.8,13.86,2941100.0
09/25/2012,16:00,13.99,14.06,13.38,13.40,3310700.0
09/26/2012,16:00,13.34,13.35,12.85,12.96,4244600.0
09/27/2012,16:00,13.1,13.98,13.05,13.91,5237600.0
09/28/2012,16:00,13.77,13.81,13.36,13.59,4608000.0
10/01/2012,16:00,13.76,13.76,12.96,13.14,4425200.0
10/02/2012,16:00,13.21,13.3,12.9,13.21,3821800.0
10/03/2012,16:00,13.25,13.43,13.06,13.15,3882900.0
10/04/2012,16:00,13.19,13.19,12.75,13.14,4473600.0
10/05/2012,16:00,13.28,13.52,13.03,13.04,2505300.0
10/08/2012,16:00,12.9,13.09,12.68,12.85,2165200.0
10/09/2012,16:00,12.83,12.96,12.61,12.77,1763600.0
10/10/2012,16:00,12.85,13.02,12.51,12.68,3139400.0
10/11/2012,16:00,12.83,13.15,12.81,13.02,3250700.0
10/12/2012,16:00,12.89,13.02,12.71,12.75,1464800.0
10/15/2012,16:00,12.78,13.18,12.78,13.15,3273500.0
10/16/2012,16:00,13.24,13.54,13.22,13.32,3537000.0
10/17/2012,16:00,13.3,13.36,12.96,13.02,2882400.0
10/18/2012,16:00,12.96,13.05,12.61,12.62,3320400.0
10/19/2012,16:00,12.62,12.72,12.34,12.43,2776100.0
10/22/2012,16:00,12.32,12.49,12.17,12.28,2813500.0
10/23/2012,16:00,12.06,12.55,11.95,12.53,4394700.0
10/24/2012,16:00,12.68,12.68,12.1,12.17,2430100.0
10/25/2012,16:00,12.55,12.78,12.23,12.35,5557800.0
10/26/2012,16:00,12.38,12.98,12.37,12.94,4513500.0
10/31/2012,16:00,12.81,12.87,12.35,12.42,2823900.0
11/01/2012,16:00,12.41,13.47,12.41,13.3,4480200.0
11/02/2012,16:00,13.37,13.38,12.75,12.77,2887300.0
11/05/2012,16:00,12.74,13.49,12.71,13.16,2747400.0
11/06/2012,16:00,13.26,13.39,13.14,13.18,2174500.0
11/07/2012,16:00,13.75,14.86,13.75,14.45,11352900.0
11/08/2012,16:00,14.39,14.99,14.26,14.5,7831400.0
11/09/2012,16:00,14.25,14.69,14.11,14.53,2675500.0
11/12/2012,16:00,14.58,14.86,14.5,14.71,2147800.0
11/13/2012,16:00,14.63,14.63,14.01,14.17,3128000.0
11/14/2012,16:00,14.49,14.56,14.09,14.17,3898900.0
11/15/2012,16:00,14.17,14.31,14.02,14.09,2370900.0
11/16/2012,16:00,14.09,14.15,13.52,13.87,2521500.0
11/19/2012,16:00,14.05,14.19,13.96,14.07,2497800.0
11/20/2012,16:00,14.03,14.36,13.95,14.16,1885800.0
11/21/2012,16:00,14.15,14.47,14.15,14.4,1554100.0
11/23/2012,16:00,14.5,14.61,14.31,14.58,814400.0
11/26/2012,16:00,14.56,14.66,14.39,14.6,1561900.0
11/27/2012,16:00,14.57,14.79,14.51,14.51,2802600.0
11/28/2012,16:00,14.3,14.43,14.09,14.39,4310500.0
11/29/2012,16:00,14.49,15.0,14.42,14.88,4866700.0
11/30/2012,16:00,14.91,15.14,14.58,14.88,3905500.0
12/03/2012,16:00,15.03,15.35,15.01,15.07,3733800.0
12/04/2012,16:00,15.08,15.4,15.01,15.33,2511800.0
12/05/2012,16:00,15.37,15.45,14.82,14.99,3241000.0
12/06/2012,16:00,14.97,15.67,14.92,15.64,3838600.0
12/07/2012,16:00,15.72,15.81,15.28,15.6,2856200.0
12/10/2012,16:00,15.6,15.96,15.6,15.8,2847300.0
12/11/2012,16:00,15.94,15.96,15.25,15.31,6034500.0
12/12/2012,16:00,15.41,15.75,15.3,15.57,4746500.0
12/13/2012,16:00,16.02,16.43,15.27,15.8,15671600.0
12/14/2012,16:00,15.42,16.01,15.35,15.71,4873400.0
12/17/2012,16:00,15.54,15.63,14.91,15.3,3651300.0
12/18/2012,16:00,15.3,15.67,15.28,15.64,2334900.0
12/19/2012,16:00,15.71,15.91,15.62,15.83,2812200.0
12/20/2012,16:00,15.9,16.0,15.63,15.91,2176500.0
12/21/2012,16:00,15.23,15.92,15.23,15.88,5077200.0
12/24/2012,16:00,15.85,15.85,15.47,15.69,999900.0
12/26/2012,16:00,15.71,15.99,15.65,15.73,1654100.0
12/27/2012,16:00,15.61,15.66,15.16,15.41,2767000.0
12/28/2012,16:00,15.33,15.57,15.15,15.33,1897200.0
12/31/2012,16:00,15.26,15.73,15.15,15.7,2113300.0
01/02/2013,16:00,16.04,16.51,16.02,16.48,3863900.0
01/03/2013,16:00,16.34,16.72,16.17,16.2,2892000.0
01/04/2013,16:00,16.28,16.36,16.08,16.1,2149100.0
01/07/2013,16:00,16.06,16.15,15.99,16.05,2515000.0
01/08/2013,16:00,16.11,16.14,15.32,15.46,5245000.0
01/09/2013,16:00,15.47,15.58,14.76,15.21,5606700.0
01/10/2013,16:00,15.31,15.42,15.08,15.14,2372400.0
01/11/2013,16:00,15.25,15.25,14.57,14.65,5552000.0
01/14/2013,16:00,14.61,14.81,14.51,14.6,2514000.0
01/15/2013,16:00,14.51,14.89,14.37,14.69,4123900.0
01/16/2013,16:00,14.69,15.41,14.65,15.23,10666400.0
01/17/2013,16:00,15.37,15.93,15.37,15.52,5841700.0
01/18/2013,16:00,15.43,15.57,15.25,15.44,3532300.0
01/22/2013,16:00,15.44,15.56,15.25,15.41,2325300.0
01/23/2013,16:00,15.44,15.51,15.31,15.41,4367900.0
01/24/2013,16:00,15.41,15.72,15.31,15.46,3962700.0
01/25/2013,16:00,15.53,15.77,15.36,15.69,4119000.0
01/28/2013,16:00,15.69,16.0,15.68,15.73,2071500.0
01/29/2013,16:00,15.73,15.74,15.1,15.2,2778000.0
01/30/2013,16:00,15.07,15.25,14.53,14.6,3331500.0
01/31/2013,16:00,15.23,15.7,15.15,15.66,7002200.0
02/01/2013,16:00,15.75,15.97,15.69,15.87,2947800.0
02/04/2013,16:00,15.85,16.59,15.62,15.66,4940300.0
02/05/2013,16:00,15.75,16.2,15.66,16.11,2848500.0
02/06/2013,16:00,16.0,16.15,15.87,16.04,2222600.0
02/07/2013,16:00,16.09,16.5,16.02,16.12,3707600.0
02/08/2013,16:00,16.06,16.31,15.97,16.06,1663200.0
02/11/2013,16:00,16.01,16.09,15.79,15.99,1450800.0
02/12/2013,16:00,16.02,16.28,15.78,15.9,3215200.0
02/13/2013,16:00,16.01,16.22,15.76,16.2,4009200.0
02/14/2013,16:00,16.11,16.39,15.93,16.29,2379700.0
02/15/2013,16:00,16.35,16.38,15.98,16.15,2002200.0
02/19/2013,16:00,16.1,16.35,15.95,16.34,1690600.0
02/20/2013,16:00,16.33,16.36,15.75,15.76,2472600.0
02/21/2013,16:00,15.74,15.76,15.02,15.29,3057000.0
02/22/2013,16:00,15.43,15.65,15.38,15.61,1579500.0
02/25/2013,16:00,15.73,15.89,15.22,15.23,1411200.0
02/26/2013,16:00,15.29,15.48,14.93,15.27,2533100.0
02/27/2013,16:00,15.38,15.66,15.25,15.5,1896600.0
02/28/2013,16:00,15.43,15.53,15.18,15.24,1478700.0
03/01/2013,16:00,15.12,15.22,14.69,14.83,3148600.0
03/04/2013,16:00,14.83,14.98,14.74,14.93,2916600.0
03/05/2013,16:00,15.02,15.19,14.86,14.92,3044600.0
03/06/2013,16:00,15.06,15.17,14.81,14.94,4301000.0
03/07/2013,16:00,17.1,17.75,16.8,17.53,17715700.0
03/08/2013,16:00,17.7,17.78,17.11,17.15,6775600.0
03/11/2013,16:00,17.2,17.5,17.01,17.27,3326800.0
03/12/2013,16:00,17.25,17.43,17.07,17.1,2638200.0
03/13/2013,16:00,17.1,17.19,16.74,16.85,2764400.0
03/14/2013,16:00,17.0,17.28,17.0,17.1,2375200.0
03/15/2013,16:00,17.02,17.13,16.69,16.99,2908700.0
03/18/2013,16:00,16.7,17.18,16.61,16.99,2167600.0
03/19/2013,16:00,17.07,17.16,16.58,16.7,2905300.0
03/20/2013,16:00,16.84,17.23,16.77,16.94,3709500.0
03/21/2013,16:00,16.38,16.82,16.13,16.27,6361600.0
03/22/2013,16:00,16.31,16.33,15.62,15.76,4573300.0
03/25/2013,16:00,15.84,16.12,15.66,16.09,3262700.0
03/26/2013,16:00,16.14,16.36,15.8,15.89,2543800.0
03/27/2013,16:00,15.82,16.04,15.63,16.02,1625000.0
03/28/2013,16:00,15.97,16.1,15.87,16.01,1361200.0
04/01/2013,16:00,16.05,16.15,15.68,15.9,2645200.0
04/02/2013,16:00,15.97,16.1,15.33,15.44,3680300.0
04/03/2013,16:00,15.48,15.93,15.32,15.36,3488800.0
04/04/2013,16:00,15.41,15.67,15.28,15.57,2539700.0
04/05/2013,16:00,14.8,15.26,14.72,15.02,4636900.0
04/08/2013,16:00,15.07,15.52,15.07,15.51,2869500.0
04/09/2013,16:00,15.53,15.78,15.25,15.52,2902800.0
04/10/2013,16:00,16.02,16.81,15.98,16.4,7506500.0
04/11/2013,16:00,16.29,16.55,16.15,16.49,2257600.0
04/12/2013,16:00,16.37,16.47,15.95,16.36,1563900.0
04/15/2013,16:00,16.19,16.35,15.56,15.69,4110200.0
04/16/2013,16:00,15.81,15.97,15.45,15.63,2757600.0
04/17/2013,16:00,15.45,15.48,14.85,15.07,4587700.0
04/18/2013,16:00,15.15,15.28,14.52,14.67,3576300.0
04/19/2013,16:00,14.79,14.95,14.45,14.63,3870700.0
04/22/2013,16:00,14.65,14.77,14.14,14.66,3761500.0
04/23/2013,16:00,14.8,15.25,14.76,15.23,3798000.0
04/24/2013,16:00,14.82,15.12,14.6,14.95,3602100.0
04/25/2013,16:00,15.3,15.53,14.87,14.88,3308900.0
04/26/2013,16:00,14.84,14.98,14.65,14.78,1870600.0
04/29/2013,16:00,14.88,14.96,14.69,14.8,1961500.0
04/30/2013,16:00,14.73,14.98,14.58,14.96,2913300.0
05/01/2013,16:00,14.92,14.96,14.33,14.34,3817400.0
05/02/2013,16:00,14.6,14.7,14.22,14.32,4260500.0
05/03/2013,16:00,14.6,14.9,14.55,14.71,2958100.0
05/06/2013,16:00,14.96,15.32,14.86,15.25,3385900.0
05/07/2013,16:00,15.44,15.45,15.01,15.09,3224600.0
05/08/2013,16:00,15.01,15.12,14.89,15.11,2403900.0
05/09/2013,16:00,15.03,15.27,14.94,15.1,2330200.0
05/10/2013,16:00,15.09,15.46,15.09,15.17,4077200.0
05/13/2013,16:00,15.18,15.31,15.06,15.08,1651600.0
05/14/2013,16:00,15.09,15.15,14.84,14.91,2405100.0
05/15/2013,16:00,15.15,15.38,15.03,15.06,3800500.0
05/16/2013,16:00,15.57,16.33,15.57,16.03,8678700.0
05/17/2013,16:00,16.1,16.4,16.0,16.35,3119400.0
05/20/2013,16:00,16.27,16.35,15.84,15.97,2837500.0
05/21/2013,16:00,15.93,16.1,15.82,15.86,1907600.0
05/22/2013,16:00,15.88,16.09,15.46,15.52,2871900.0
05/23/2013,16:00,15.34,15.59,15.21,15.48,2532000.0
05/24/2013,16:00,15.33,15.53,15.26,15.50,1836000.0
05/28/2013,16:00,15.75,16.11,15.71,16.1,2854500.0
05/29/2013,16:00,16.0,16.82,15.93,16.68,6500000.0
05/30/2013,16:00,16.62,16.84,16.58,16.69,2872900.0
05/31/2013,16:00,16.6,17.11,16.54,16.74,3408800.0
06/03/2013,16:00,16.8,16.93,16.08,16.53,4701800.0
06/04/2013,16:00,16.7,16.94,16.31,16.48,4566400.0
06/05/2013,16:00,16.45,16.6,16.21,16.31,5574000.0
06/06/2013,16:00,18.44,19.19,18.17,19.15,24069600.0
06/07/2013,16:00,19.12,19.95,18.97,19.75,10429300.0
06/10/2013,16:00,19.7,20.29,19.6,20.17,5901000.0
06/11/2013,16:00,19.87,20.39,19.74,20.02,4841500.0
06/12/2013,16:00,20.22,20.26,19.79,20.02,3180400.0
06/13/2013,16:00,19.84,20.58,19.66,20.52,3818300.0
06/14/2013,16:00,20.4,20.59,19.9,20.13,4101200.0
06/17/2013,16:00,20.25,20.46,19.93,20.1,3340900.0
06/18/2013,16:00,20.05,20.40,19.99,20.38,3207900.0
06/19/2013,16:00,20.28,20.45,20.09,20.19,2561200.0
06/20/2013,16:00,20.03,20.45,19.83,19.9,3468000.0
06/21/2013,16:00,19.81,20.05,19.45,19.79,4064500.0
06/24/2013,16:00,19.48,19.51,19.0,19.25,3477600.0
06/25/2013,16:00,19.4,19.69,19.27,19.63,2673400.0
06/26/2013,16:00,19.75,19.88,19.33,19.35,2503100.0
06/27/2013,16:00,19.45,19.71,19.36,19.67,2064600.0
06/28/2013,16:00,19.52,19.63,19.28,19.43,2317200.0
07/01/2013,16:00,19.53,19.87,19.37,19.46,1953300.0
07/02/2013,16:00,19.51,19.88,19.45,19.63,2243700.0
07/03/2013,16:00,19.46,19.75,19.4,19.61,681400.0
07/05/2013,16:00,19.93,20.04,19.46,19.96,2104700.0
07/08/2013,16:00,20.19,20.19,19.75,20.08,1736800.0
07/09/2013,16:00,20.13,20.16,19.65,19.86,2570800.0
07/10/2013,16:00,20.0,20.19,19.64,19.73,2300700.0
07/11/2013,16:00,19.95,21.76,19.92,21.74,7663400.0
07/12/2013,16:00,21.71,21.81,21.27,21.43,4765900.0
07/15/2013,16:00,21.5,22.2,21.43,21.82,4367300.0
07/16/2013,16:00,21.78,22.06,21.46,21.68,2752800.0
07/17/2013,16:00,22.02,22.79,21.72,22.21,5696400.0
07/18/2013,16:00,22.42,22.85,22.28,22.72,3193000.0
07/19/2013,16:00,22.59,22.89,22.52,22.79,3879200.0
07/22/2013,16:00,22.66,22.9,22.44,22.68,1908500.0
07/23/2013,16:00,22.87,23.04,22.54,22.92,2814600.0
07/24/2013,16:00,23.1,23.47,22.89,22.96,2886500.0
07/25/2013,16:00,22.97,23.04,22.35,22.84,2855000.0
07/26/2013,16:00,22.64,22.69,21.24,21.79,5105300.0
07/29/2013,16:00,21.82,22.2,21.78,21.92,2536200.0
07/30/2013,16:00,22.09,22.79,21.93,22.35,2945900.0
07/31/2013,16:00,22.28,22.32,21.99,22.06,2072200.0
08/01/2013,16:00,22.35,22.6,22.22,22.52,2167200.0
08/02/2013,16:00,22.35,22.87,22.26,22.86,1545900.0
08/05/2013,16:00,22.89,23.1,22.67,23.02,1867800.0
08/06/2013,16:00,23.0,23.09,22.44,22.45,1415500.0
08/07/2013,16:00,23.05,23.63,22.75,23.25,3173300.0
08/08/2013,16:00,23.37,23.48,22.95,22.99,2209000.0
08/09/2013,16:00,22.95,23.14,22.36,22.53,2272300.0
08/12/2013,16:00,22.5,22.9,22.35,22.35,2705200.0
08/13/2013,16:00,22.43,23.17,22.17,23.08,2580900.0
08/14/2013,16:00,22.85,23.1,22.49,22.49,2138500.0
08/15/2013,16:00,21.78,21.9,21.03,21.21,6173900.0
08/16/2013,16:00,21.16,21.6,20.98,21.04,3312400.0
08/19/2013,16:00,21.05,21.29,20.64,20.75,2140500.0
08/20/2013,16:00,20.76,21.08,20.63,20.84,2082600.0
08/21/2013,16:00,20.8,21.06,20.49,20.73,3067100.0
08/22/2013,16:00,20.87,21.18,20.76,21.1,1439100.0
08/23/2013,16:00,21.16,21.3,20.9,20.93,2286800.0
08/26/2013,16:00,21.0,21.57,20.91,21.17,1667300.0
08/27/2013,16:00,20.89,20.93,19.94,19.99,5116500.0
08/28/2013,16:00,19.98,20.37,19.94,20.11,2224300.0
08/29/2013,16:00,20.24,20.59,20.15,20.31,2777200.0
08/30/2013,16:00,20.26,20.38,19.78,19.92,2354500.0
09/03/2013,16:00,20.31,20.92,20.28,20.68,7795900.0
09/04/2013,16:00,22.35,23.66,21.97,23.54,18296200.0
09/05/2013,16:00,23.59,24.22,23.5,23.56,6909800.0
09/06/2013,16:00,23.91,24.61,23.77,24.15,6869600.0
09/09/2013,16:00,24.34,24.49,24.03,24.26,3092800.0
09/10/2013,16:00,24.41,25.03,24.31,24.95,4844800.0
09/11/2013,16:00,24.83,25.12,24.69,24.76,3231100.0
09/12/2013,16:00,24.83,25.32,24.54,24.55,5299800.0
09/13/2013,16:00,24.49,25.32,24.4,25.18,3350700.0
09/16/2013,16:00,25.51,25.68,25.14,25.31,3375200.0
09/17/2013,16:00,25.33,25.99,25.32,25.98,3906400.0
09/18/2013,16:00,26.0,26.17,25.5,25.96,4412800.0
09/19/2013,16:00,26.02,26.07,25.65,25.78,2656700.0
09/20/2013,16:00,25.88,25.95,25.22,25.28,3970300.0
09/23/2013,16:00,24.76,25.17,24.47,24.8,3426100.0
09/24/2013,16:00,24.76,25.49,24.5,25.12,3960500.0
09/25/2013,16:00,25.11,25.46,25.02,25.11,2370300.0
09/26/2013,16:00,25.29,25.8,25.13,25.29,1844900.0
09/27/2013,16:00,25.05,25.31,24.84,24.88,1784200.0
09/30/2013,16:00,24.51,25.18,24.17,25.00,2438900.0
10/01/2013,16:00,25.05,25.69,25.0,25.65,2417400.0
10/02/2013,16:00,25.48,25.94,25.43,25.69,2304300.0
10/03/2013,16:00,25.94,25.98,25.43,25.74,2535000.0
10/04/2013,16:00,25.76,27.63,25.64,27.31,5954000.0
10/07/2013,16:00,27.02,27.66,26.82,27.19,4729800.0
10/08/2013,16:00,27.19,27.28,25.55,26.01,5896900.0
10/09/2013,16:00,26.08,26.74,24.8,25.7,5449800.0
10/10/2013,16:00,26.19,26.43,25.94,26.34,2703500.0
10/11/2013,16:00,26.19,26.71,25.98,26.32,2646500.0
10/14/2013,16:00,26.14,26.88,25.95,26.78,3649500.0
10/15/2013,16:00,26.6,26.88,26.09,26.26,2352400.0
10/16/2013,16:00,26.48,26.91,26.43,26.83,2652800.0
10/17/2013,16:00,26.58,26.92,26.44,26.89,1912200.0
10/18/2013,16:00,26.98,27.18,26.69,26.97,2059300.0
10/21/2013,16:00,27.11,27.72,27.08,27.62,3152300.0
10/22/2013,16:00,27.7,27.93,27.03,27.67,3013900.0
10/23/2013,16:00,27.57,27.76,26.86,26.89,3697400.0
10/24/2013,16:00,25.96,26.15,24.37,24.74,7864100.0
10/25/2013,16:00,25.0,25.05,24.0,24.22,3836100.0
10/28/2013,16:00,24.2,24.38,24.02,24.12,2386400.0
10/29/2013,16:00,24.33,24.48,23.85,23.95,2987000.0
10/30/2013,16:00,23.9,24.06,23.0,23.54,4440700.0
10/31/2013,16:00,23.75,24.09,23.26,23.27,4697200.0
11/01/2013,16:00,23.26,23.5,22.85,23.25,2712300.0
11/04/2013,16:00,23.45,23.71,23.27,23.36,2036600.0
11/05/2013,16:00,23.21,23.61,23.03,23.07,3953800.0
11/06/2013,16:00,23.18,23.33,23.02,23.13,1684700.0
11/07/2013,16:00,23.18,23.26,22.35,22.73,2579700.0
11/08/2013,16:00,22.72,23.19,22.63,22.99,2010600.0
11/11/2013,16:00,22.96,23.32,22.83,23.25,1371600.0
11/12/2013,16:00,23.3,23.73,23.11,23.42,2061100.0
11/13/2013,16:00,23.29,23.59,23.06,23.54,2375700.0
11/14/2013,16:00,22.21,22.57,21.76,21.86,7770000.0
11/15/2013,16:00,22.02,23.14,22.0,22.92,4926700.0
11/18/2013,16:00,22.94,23.06,22.4,22.46,2117800.0
11/19/2013,16:00,22.43,22.83,21.93,22.08,3044500.0
11/20/2013,16:00,22.08,22.63,22.01,22.05,1929600.0
11/21/2013,16:00,21.98,22.25,21.59,21.67,4069500.0
11/22/2013,16:00,21.78,22.05,21.38,21.49,3761500.0
11/25/2013,16:00,21.52,21.76,21.25,21.6,1962100.0
11/26/2013,16:00,21.6,22.11,21.28,21.94,2500400.0
11/27/2013,16:00,21.93,22.14,21.76,22.04,1335800.0
11/29/2013,16:00,22.18,22.43,21.96,22.21,973200.0
12/02/2013,16:00,22.26,22.3,21.68,21.82,2422400.0
12/03/2013,16:00,21.43,21.76,21.31,21.42,2016700.0
12/04/2013,16:00,21.37,22.98,21.37,22.8,3572600.0
12/05/2013,16:00,22.74,23.35,22.54,23.26,3102500.0
12/06/2013,16:00,24.0,24.0,22.84,23.35,4430200.0
12/09/2013,16:00,23.5,23.61,22.95,23.12,3489000.0
12/10/2013,16:00,23.26,23.76,23.21,23.42,6249100.0
12/11/2013,16:00,23.65,23.67,22.32,22.9,7012300.0
12/12/2013,16:00,22.16,22.5,20.93,21.31,19810600.0
12/13/2013,16:00,21.67,21.78,21.34,21.67,5645500.0
12/16/2013,16:00,21.73,21.94,21.41,21.8,3781900.0
12/17/2013,16:00,21.75,22.09,21.53,21.92,4059500.0
12/18/2013,16:00,21.87,21.99,21.31,21.98,3469900.0
12/19/2013,16:00,22.23,22.39,22.0,22.22,3560600.0
12/20/2013,16:00,22.27,22.88,22.22,22.69,5060600.0
12/23/2013,16:00,22.41,23.1,22.22,22.85,3520700.0
12/24/2013,16:00,22.82,24.13,22.82,23.91,3231400.0
12/26/2013,16:00,23.95,24.09,23.43,23.45,2383100.0
12/27/2013,16:00,23.44,23.8,23.36,23.67,2606400.0
12/30/2013,16:00,23.64,24.05,23.55,23.84,2008900.0
12/31/2013,16:00,23.96,24.15,23.86,23.93,1449100.0
01/02/2014,16:00,23.93,23.94,23.36,23.46,2429700.0
01/03/2014,16:00,23.46,23.76,23.38,23.46,1629500.0
01/06/2014,16:00,23.6,23.66,22.95,23.04,3091900.0
01/07/2014,16:00,23.1,23.35,23.02,23.24,1807900.0
01/08/2014,16:00,23.23,24.15,23.06,24.12,3500000.0
01/09/2014,16:00,24.2,24.37,23.24,23.46,3806000.0
01/10/2014,16:00,23.5,23.51,22.84,22.95,2555300.0
01/13/2014,16:00,22.91,23.3,22.14,22.21,3379900.0
01/14/2014,16:00,22.4,22.67,22.22,22.45,1688800.0
01/15/2014,16:00,22.41,22.86,22.41,22.65,2184300.0
01/16/2014,16:00,22.56,22.88,22.28,22.44,2285300.0
01/17/2014,16:00,22.27,22.35,22.05,22.08,2006200.0
01/21/2014,16:00,22.34,23.2,22.34,23.08,4423700.0
01/22/2014,16:00,23.11,23.82,23.11,23.57,3137500.0
01/23/2014,16:00,23.53,23.54,23.08,23.42,2282900.0
01/24/2014,16:00,23.21,23.29,22.05,22.11,4092000.0
01/27/2014,16:00,22.12,22.27,21.41,21.92,3559400.0
01/28/2014,16:00,22.0,22.57,21.93,22.24,2944700.0
01/29/2014,16:00,22.21,23.29,22.21,22.88,4082400.0
01/30/2014,16:00,23.28,23.81,23.18,23.45,3594100.0
01/31/2014,16:00,23.14,23.98,23.07,23.33,3784400.0
02/03/2014,16:00,23.31,23.38,21.9,22.09,4422800.0
02/04/2014,16:00,22.19,22.37,21.9,22.13,2579300.0
02/05/2014,16:00,21.98,22.26,21.5,21.93,2902300.0
02/06/2014,16:00,22.07,22.63,21.99,22.32,3000000.0
02/07/2014,16:00,22.46,22.75,22.3,22.73,2479600.0
02/10/2014,16:00,22.74,23.13,22.67,22.75,2927900.0
02/11/2014,16:00,22.82,22.98,22.64,22.75,1835600.0
02/12/2014,16:00,22.75,23.15,22.74,22.95,2290500.0
02/13/2014,16:00,22.75,23.37,22.61,23.29,2157300.0
02/14/2014,16:00,24.34,25.28,24.34,25.0,8947200.0
02/18/2014,16:00,25.06,26.43,24.85,26.02,7656100.0
02/19/2014,16:00,25.86,26.35,25.78,26.01,3609000.0
02/20/2014,16:00,26.12,26.34,25.76,26.2,2489100.0
02/21/2014,16:00,26.36,26.49,25.31,25.5,4324600.0
02/24/2014,16:00,25.5,25.5,25.02,25.18,2897800.0
02/25/2014,16:00,25.15,25.18,24.73,24.84,3563100.0
02/26/2014,16:00,24.85,25.19,24.61,25.06,2350900.0
02/27/2014,16:00,25.0,25.21,24.7,25.12,1713100.0
02/28/2014,16:00,25.07,25.19,24.47,24.57,2647300.0
03/03/2014,16:00,24.34,24.74,24.05,24.54,2483000.0
03/04/2014,16:00,25.0,25.18,24.5,24.7,5159800.0
03/05/2014,16:00,24.63,25.38,24.63,25.36,5187600.0
03/06/2014,16:00,26.09,27.16,23.8,24.46,13845400.0
03/07/2014,16:00,24.91,24.99,23.96,24.05,4510900.0
03/10/2014,16:00,23.97,23.99,23.14,23.32,4879500.0
03/11/2014,16:00,23.38,23.78,22.94,23.01,4037300.0
03/12/2014,16:00,22.84,23.96,22.83,23.88,4822400.0
03/13/2014,16:00,24.08,24.4,23.26,23.39,4479000.0
03/14/2014,16:00,23.32,24.26,23.32,23.79,4153500.0
03/17/2014,16:00,23.99,24.18,23.59,23.66,2915300.0
03/18/2014,16:00,23.64,23.94,23.48,23.76,2712600.0
03/19/2014,16:00,23.76,23.84,23.23,23.47,3508500.0
03/20/2014,16:00,23.38,24.8,23.36,24.1,5382000.0
03/21/2014,16:00,24.34,24.6,23.73,24.15,5999700.0
03/24/2014,16:00,24.36,24.42,22.90,23.6,5151100.0
03/25/2014,16:00,23.66,24.09,23.09,23.46,3420200.0
03/26/2014,16:00,23.54,23.76,22.6,22.68,3984500.0
03/27/2014,16:00,22.58,22.80,22.25,22.42,3024700.0
03/28/2014,16:00,22.11,22.5,21.9,22.24,4630400.0
03/31/2014,16:00,22.35,22.89,22.35,22.74,3737300.0
04/01/2014,16:00,22.87,23.49,22.86,23.48,3387400.0
04/02/2014,16:00,23.6,24.06,23.51,23.94,3692000.0
04/03/2014,16:00,24.04,24.21,23.04,23.28,3843800.0
04/04/2014,16:00,23.49,23.57,21.12,21.63,10523900.0
04/07/2014,16:00,21.45,21.48,19.63,20.3,11950600.0
04/08/2014,16:00,20.36,20.96,20.2,20.44,5948300.0
04/09/2014,16:00,20.52,21.03,20.45,21.0,4412400.0
04/10/2014,16:00,20.95,21.09,19.64,19.83,6319100.0
04/11/2014,16:00,19.59,20.02,19.02,19.41,5749900.0
04/14/2014,16:00,19.69,19.84,19.17,19.43,3480100.0
04/15/2014,16:00,19.43,19.72,18.88,19.5,5047400.0
04/16/2014,16:00,19.77,19.97,19.27,19.9,3850400.0
04/17/2014,16:00,19.76,20.13,19.65,19.88,2918100.0
04/21/2014,16:00,19.88,20.11,19.51,20.03,2779700.0
04/22/2014,16:00,20.07,20.69,20.04,20.36,3440000.0
04/23/2014,16:00,20.45,21.08,20.1,20.56,5813300.0
04/24/2014,16:00,21.5,21.86,21.2,21.33,7986500.0
04/25/2014,16:00,21.14,21.14,20.55,20.65,3164000.0
04/28/2014,16:00,20.71,20.73,19.16,19.63,6733600.0
04/29/2014,16:00,19.84,19.98,19.39,19.88,2767600.0
04/30/2014,16:00,19.7,19.94,19.49,19.77,2010000.0
05/01/2014,16:00,19.72,19.81,19.04,19.27,5834700.0
05/02/2014,16:00,19.43,19.58,19.16,19.33,3531300.0
05/05/2014,16:00,19.12,19.41,18.92,19.2,2259800.0
05/06/2014,16:00,19.17,19.35,18.61,18.66,3245900.0
05/07/2014,16:00,18.71,18.84,18.0,18.51,4435900.0
05/08/2014,16:00,18.49,18.92,18.19,18.26,3013100.0
05/09/2014,16:00,18.14,18.58,18.08,18.52,1964900.0
05/12/2014,16:00,18.64,19.35,18.53,19.33,2963300.0
05/13/2014,16:00,19.29,19.38,18.88,19.05,2465000.0
05/14/2014,16:00,19.02,19.1,18.68,18.7,2198800.0
05/15/2014,16:00,18.69,19.0,18.35,18.97,2701400.0
05/16/2014,16:00,18.97,19.01,18.68,18.95,1740900.0
05/19/2014,16:00,18.85,19.45,18.8,19.24,2134400.0
05/20/2014,16:00,19.25,19.41,18.99,19.22,2543400.0
05/21/2014,16:00,19.24,19.5,19.13,19.44,1890600.0
05/22/2014,16:00,19.46,20.54,19.46,20.22,4548400.0
05/23/2014,16:00,20.21,20.25,19.91,20.15,2391100.0
05/27/2014,16:00,20.36,20.52,20.29,20.48,1950900.0
05/28/2014,16:00,20.47,20.64,20.15,20.16,2289400.0
05/29/2014,16:00,20.19,20.21,19.57,19.92,3983200.0
05/30/2014,16:00,19.85,19.86,19.12,19.4,4366900.0
06/02/2014,16:00,19.21,19.3,18.59,18.65,4749600.0
06/03/2014,16:00,18.74,19.06,18.54,18.82,3615900.0
06/04/2014,16:00,18.74,19.16,18.67,18.99,4991700.0
06/05/2014,16:00,22.0,22.75,21.53,22.48,20186400.0
06/06/2014,16:00,22.53,22.94,22.17,22.23,5913400.0
06/09/2014,16:00,22.23,22.78,22.15,22.51,3777400.0
06/10/2014,16:00,22.47,22.9,22.45,22.68,2819900.0
06/11/2014,16:00,22.45,22.8,22.3,22.42,2652000.0
06/12/2014,16:00,22.39,22.53,22.01,22.19,3092200.0
06/13/2014,16:00,22.0,22.39,21.94,22.31,2503200.0
06/16/2014,16:00,22.37,22.5,22.16,22.4,2241100.0
06/17/2014,16:00,22.32,22.78,22.28,22.51,2916100.0
06/18/2014,16:00,22.48,22.54,22.14,22.31,3074200.0
06/19/2014,16:00,22.33,22.39,22.12,22.24,2807700.0
06/20/2014,16:00,22.29,22.36,22.2,22.31,3131700.0
06/23/2014,16:00,22.07,22.15,21.82,21.96,3413700.0
06/24/2014,16:00,21.97,22.19,21.61,21.73,2433800.0
06/25/2014,16:00,21.6,21.63,21.28,21.53,2010900.0
06/26/2014,16:00,21.49,21.60,21.31,21.59,2415200.0
06/27/2014,16:00,21.42,21.67,21.4,21.52,2125200.0
06/30/2014,16:00,21.45,21.73,21.35,21.66,1559800.0
07/01/2014,16:00,21.8,22.28,21.7,21.9,2298800.0
07/02/2014,16:00,21.96,22.46,21.91,22.15,2800900.0
07/03/2014,16:00,22.18,22.23,21.94,22.17,1288200.0
07/07/2014,16:00,22.11,22.46,21.98,22.03,3109300.0
07/08/2014,16:00,22.15,22.15,20.85,21.12,5068800.0
07/09/2014,16:00,21.15,21.22,20.81,20.93,2686400.0
07/10/2014,16:00,20.59,20.85,20.26,20.55,3699000.0
07/11/2014,16:00,20.56,20.69,20.43,20.55,2005400.0
07/14/2014,16:00,20.74,20.77,20.36,20.49,1855800.0
07/15/2014,16:00,20.48,20.62,20.11,20.24,2716900.0
07/16/2014,16:00,20.5,20.57,20.06,20.11,3345400.0
07/17/2014,16:00,20.04,20.13,19.83,19.99,2085400.0
07/18/2014,16:00,20.04,20.13,19.83,19.99,3558500.0
07/21/2014,16:00,19.95,20.09,19.84,19.96,1879500.0
07/22/2014,16:00,20.14,20.8,20.09,20.57,3308300.0
07/23/2014,16:00,20.35,20.35,19.78,19.91,3967300.0
07/24/2014,16:00,20.01,20.14,19.69,19.78,3765500.0
07/25/2014,16:00,19.7,19.78,19.51,19.62,1540100.0
07/28/2014,16:00,19.64,19.79,19.39,19.54,2353200.0
07/29/2014,16:00,19.57,19.73,19.47,19.48,1612000.0
07/30/2014,16:00,19.63,20.05,19.52,19.93,3797000.0
07/31/2014,16:00,19.67,19.9,19.48,19.53,2319000.0
08/01/2014,16:00,19.49,19.5,18.77,19.1,3202800.0
08/04/2014,16:00,19.15,19.23,18.8,18.97,2023500.0
08/05/2014,16:00,18.8,19.36,18.76,19.26,2382800.0
08/06/2014,16:00,19.09,19.61,19.06,19.39,1391400.0
08/07/2014,16:00,19.44,19.62,19.13,19.19,1322000.0
08/08/2014,16:00,19.26,19.34,19.08,19.12,1685300.0
08/11/2014,16:00,19.26,19.67,19.21,19.57,1685100.0
08/12/2014,16:00,19.46,19.51,19.08,19.22,1610200.0
08/13/2014,16:00,19.11,19.23,18.68,18.77,4812200.0
08/14/2014,16:00,18.79,19.34,18.64,19.04,4389200.0
08/15/2014,16:00,19.18,19.18,18.67,18.82,2037900.0
08/18/2014,16:00,19.12,19.39,18.94,19.34,2894900.0
08/19/2014,16:00,19.23,19.38,19.16,19.27,3016100.0
08/20/2014,16:00,19.18,19.57,19.16,19.53,1884200.0
08/21/2014,16:00,19.56,20.1,19.51,20.08,3045200.0
08/22/2014,16:00,19.99,20.21,19.81,19.84,1808500.0
08/25/2014,16:00,20.0,20.16,19.88,19.93,1974300.0
08/26/2014,16:00,20.02,20.91,19.97,20.74,4642100.0
08/27/2014,16:00,20.88,20.98,20.48,20.6,2586100.0
08/28/2014,16:00,20.45,20.64,20.36,20.47,1526000.0
08/29/2014,16:00,20.52,20.74,20.43,20.69,2038500.0
09/02/2014,16:00,20.82,20.82,20.13,20.16,4088800.0
09/03/2014,16:00,20.33,20.49,20.05,20.46,5549600.0
09/04/2014,16:00,19.25,19.35,18.36,18.51,15660200.0
09/05/2014,16:00,18.98,19.52,18.86,19.38,6912300.0
09/08/2014,16:00,19.42,19.6,19.21,19.29,2131600.0
09/09/2014,16:00,19.24,19.62,19.1,19.42,3313400.0
09/10/2014,16:00,19.48,19.66,19.21,19.4,2477700.0
09/11/2014,16:00,19.58,19.95,19.47,19.65,3990100.0
09/12/2014,16:00,19.66,19.81,19.34,19.41,3060200.0
09/15/2014,16:00,19.41,19.46,19.08,19.21,2814600.0
09/16/2014,16:00,19.11,19.24,19.04,19.11,3544200.0
09/17/2014,16:00,19.07,19.41,19.02,19.13,3340800.0
09/18/2014,16:00,19.17,19.24,19.07,19.24,1912200.0
09/19/2014,16:00,19.24,19.31,18.78,18.86,2315400.0
09/22/2014,16:00,18.49,18.59,17.77,17.79,6026993.0
09/23/2014,16:00,17.76,18.03,17.68,17.78,3790859.0
09/24/2014,16:00,17.78,17.99,17.72,17.91,1935297.0
09/25/2014,16:00,17.81,17.88,17.35,17.35,3298638.0
09/26/2014,16:00,17.4,17.5,17.13,17.21,3134127.0
09/29/2014,16:00,17.0,17.18,16.83,17.03,4324321.0
09/30/2014,16:00,17.0,17.09,16.66,16.72,4049708.0
10/01/2014,16:00,16.74,16.94,16.57,16.72,4466841.0
10/02/2014,16:00,16.72,16.9,16.23,16.77,3456387.0
10/03/2014,16:00,16.97,16.97,16.52,16.53,3448749.0
10/06/2014,16:00,16.65,16.65,15.85,16.25,4678984.0
10/07/2014,16:00,16.18,16.26,15.81,15.84,4607528.0
10/08/2014,16:00,15.91,16.29,15.38,16.27,4432086.0
10/09/2014,16:00,16.17,16.23,15.34,15.54,4776605.0
10/10/2014,16:00,15.29,15.35,14.47,14.51,5565032.0
10/13/2014,16:00,14.47,14.75,14.06,14.25,3692098.0
10/14/2014,16:00,14.35,14.53,13.99,14.16,4870764.0
10/15/2014,16:00,13.96,14.65,13.76,14.54,6881801.0
10/16/2014,16:00,14.52,15.34,14.36,15.1,5684225.0
10/17/2014,16:00,15.31,15.58,15.08,15.13,4752367.0
10/20/2014,16:00,15.1,15.55,15.04,15.55,3576719.0
10/21/2014,16:00,15.64,16.32,15.63,16.16,4184314.0
10/22/2014,16:00,16.15,16.18,15.52,15.53,2598837.0
10/23/2014,16:00,15.93,16.75,15.86,16.59,4876801.0
10/24/2014,16:00,16.5,16.52,16.07,16.24,3150602.0
10/27/2014,16:00,16.11,16.14,15.86,16.08,1712334.0
10/28/2014,16:00,16.11,16.6,16.03,16.58,2271733.0
10/29/2014,16:00,16.61,16.68,16.15,16.37,2396281.0
10/30/2014,16:00,16.4,16.72,16.21,16.57,2122915.0
10/31/2014,16:00,16.89,16.93,16.61,16.76,2278330.0
11/03/2014,16:00,16.79,17.04,16.7,16.82,1660626.0
11/04/2014,16:00,16.68,16.93,16.5,16.61,1817635.0
11/05/2014,16:00,16.75,16.75,16.25,16.33,2150498.0
11/06/2014,16:00,16.32,16.65,16.3,16.39,1529012.0
11/07/2014,16:00,16.43,16.74,16.36,16.62,1753075.0
11/10/2014,16:00,15.98,16.03,15.18,15.31,5481928.0
11/11/2014,16:00,15.38,15.46,15.25,15.32,2208638.0
11/12/2014,16:00,15.12,15.42,14.92,15.17,2951678.0
11/13/2014,16:00,15.13,15.13,14.7,14.81,2604644.0
11/14/2014,16:00,14.82,15.22,14.69,15.15,1660799.0
11/17/2014,16:00,15.09,15.28,14.9,14.93,1791202.0
11/18/2014,16:00,14.98,15.37,14.93,15.2,2918724.0
11/19/2014,16:00,15.13,15.53,15.0,15.44,4039823.0
11/20/2014,16:00,15.38,15.98,15.25,15.9,3809452.0
11/21/2014,16:00,16.38,16.53,16.05,16.47,5135630.0
11/24/2014,16:00,16.48,16.8,16.36,16.76,2918274.0
11/25/2014,16:00,16.77,16.92,16.5,16.75,1986305.0
11/26/2014,16:00,16.77,16.84,16.63,16.74,1501851.0
11/28/2014,16:00,16.73,16.74,16.31,16.53,969574.0
12/01/2014,16:00,16.51,16.55,16.16,16.26,2308346.0
12/02/2014,16:00,16.27,16.3,15.88,15.96,3081374.0
12/03/2014,16:00,15.95,16.58,15.9,16.55,3111733.0
12/04/2014,16:00,16.51,16.6,16.26,16.38,2602815.0
12/05/2014,16:00,16.35,16.99,16.32,16.87,2581037.0
12/08/2014,16:00,16.87,17.45,16.81,17.23,5717452.0
12/09/2014,16:00,17.0,17.65,16.73,17.59,3700976.0
12/10/2014,16:00,17.59,17.59,16.85,16.96,3540760.0
12/11/2014,16:00,18.0,18.94,17.65,18.14,11545657.0
12/12/2014,16:00,17.99,18.67,17.88,18.12,4642335.0
12/15/2014,16:00,18.41,18.57,18.05,18.13,4924978.0
12/16/2014,16:00,17.98,18.44,17.83,18.06,4219482.0
12/17/2014,16:00,18.15,18.65,18.01,18.59,4529055.0
12/18/2014,16:00,18.94,19.32,18.8,19.27,5921737.0
12/19/2014,16:00,19.33,19.63,19.15,19.36,4933950.0
12/22/2014,16:00,18.52,19.53,18.51,19.48,2392851.0
12/23/2014,16:00,19.94,20.1,19.66,19.83,3879368.0
12/24/2014,16:00,19.78,20.14,19.78,19.86,1211758.0
12/26/2014,16:00,20.0,20.04,19.68,19.85,1048617.0
12/29/2014,16:00,19.87,20.06,19.7,19.84,1496095.0
12/30/2014,16:00,19.72,19.95,19.59,19.62,1368321.0
12/31/2014,16:00,19.7,19.77,19.4,19.41,1405364.0
01/02/2015,16:00,19.53,19.71,19.19,19.54,1375864.0
01/05/2015,16:00,19.41,19.88,19.36,19.54,2463007.0
01/06/2015,16:00,19.54,19.61,18.81,19.07,2787554.0
01/07/2015,16:00,19.31,19.39,18.92,19.04,3380867.0
01/08/2015,16:00,19.26,19.71,19.24,19.55,2642320.0
01/09/2015,16:00,19.64,19.66,19.21,19.31,1860584.0
01/12/2015,16:00,19.27,19.68,19.03,19.35,2543391.0
01/13/2015,16:00,19.57,19.8,18.87,19.1,3237585.0
01/14/2015,16:00,18.82,19.42,18.71,19.4,2458226.0
01/15/2015,16:00,19.48,19.61,18.57,18.61,3082738.0
01/16/2015,16:00,18.58,19.28,18.52,19.15,2317839.0
01/20/2015,16:00,19.26,19.29,18.65,18.79,2264627.0
01/21/2015,16:00,18.81,19.39,18.81,19.21,3248020.0
01/22/2015,16:00,19.51,19.55,19.06,19.45,1892934.0
01/23/2015,16:00,19.77,20.32,19.64,19.69,3128288.0
01/26/2015,16:00,19.72,19.72,19.34,19.62,1570369.0
01/27/2015,16:00,19.21,19.5,19.09,19.38,2569290.0
01/28/2015,16:00,19.65,20.29,19.42,19.44,3589524.0
01/29/2015,16:00,19.52,19.55,18.49,19.41,4524275.0
01/30/2015,16:00,19.2,19.47,18.49,18.52,3167822.0
02/02/2015,16:00,18.57,18.67,17.86,18.62,2967041.0
02/03/2015,16:00,18.8,19.08,18.4,18.95,2896346.0
02/04/2015,16:00,18.84,19.14,18.67,18.72,1429253.0
02/05/2015,16:00,18.76,19.44,18.76,19.34,2390949.0
02/06/2015,16:00,19.31,19.72,19.31,19.53,1961311.0
02/09/2015,16:00,19.42,19.73,19.34,19.56,1289079.0
02/10/2015,16:00,19.72,19.85,19.55,19.69,1385285.0
02/11/2015,16:00,19.62,19.9,19.57,19.74,1345616.0
02/12/2015,16:00,20.02,20.18,19.81,19.84,2640502.0
02/13/2015,16:00,19.84,20.2,19.77,20.08,1928372.0
02/17/2015,16:00,20.07,20.19,19.81,20.19,1407825.0
02/18/2015,16:00,20.18,20.36,20.14,20.3,1687918.0
02/19/2015,16:00,20.17,20.45,20.12,20.2,1516568.0
02/20/2015,16:00,20.19,20.36,19.93,20.31,1342082.0
02/23/2015,16:00,20.24,20.31,19.91,20.03,1614040.0
02/24/2015,16:00,19.98,20.52,19.93,20.39,3000055.0
02/25/2015,16:00,20.58,20.86,20.46,20.79,3481061.0
02/26/2015,16:00,20.84,21.17,20.75,20.91,2443601.0
02/27/2015,16:00,20.92,21.14,20.84,20.92,2066367.0
03/02/2015,16:00,21.01,21.21,20.9,20.98,2885720.0
03/03/2015,16:00,20.97,21.0,20.47,20.75,2573404.0
03/04/2015,16:00,20.71,20.85,20.44,20.6,4560915.0
03/05/2015,16:00,20.98,21.15,19.88,20.64,7041194.0
03/06/2015,16:00,20.96,21.14,20.69,21.05,5679372.0
03/09/2015,16:00,21.2,21.41,21.0,21.26,4163392.0
03/10/2015,16:00,21.06,21.18,20.81,20.82,3093296.0
03/11/2015,16:00,20.85,21.0,20.65,20.93,2245636.0
03/12/2015,16:00,21.0,21.05,20.64,20.83,2487050.0
03/13/2015,16:00,20.78,20.81,20.34,20.64,3945827.0
03/16/2015,16:00,20.69,21.45,20.66,21.4,3539687.0
03/17/2015,16:00,21.26,21.47,21.16,21.17,2425343.0
03/18/2015,16:00,21.17,21.47,20.94,21.3,1995614.0
03/19/2015,16:00,20.97,21.18,20.44,20.47,3517820.0
03/20/2015,16:00,20.59,20.95,20.49,20.63,3569863.0
03/23/2015,16:00,20.32,20.54,20.11,20.19,4599984.0
03/24/2015,16:00,20.28,21.04,20.28,20.53,4538907.0
03/25/2015,16:00,20.61,20.98,20.14,20.21,3988319.0
03/26/2015,16:00,20.1,20.21,19.91,19.98,2707301.0
03/27/2015,16:00,19.93,20.0,19.02,19.17,5836395.0
03/30/2015,16:00,19.23,19.43,18.95,19.4,3619037.0
03/31/2015,16:00,19.4,19.64,19.22,19.31,2577383.0
04/01/2015,16:00,19.1,19.43,19.0,19.16,1945509.0
04/02/2015,16:00,19.16,19.41,18.98,18.99,2145993.0
04/06/2015,16:00,18.85,19.38,18.75,19.28,2282285.0
04/07/2015,16:00,19.31,19.59,19.26,19.38,1801118.0
04/08/2015,16:00,19.43,19.78,19.39,19.61,2851256.0
04/09/2015,16:00,19.65,20.08,19.57,19.98,2482761.0
04/10/2015,16:00,20.03,20.13,19.76,19.86,2599808.0
04/13/2015,16:00,19.85,20.07,19.81,19.92,1693003.0
04/14/2015,16:00,20.52,21.58,20.43,21.38,9150068.0
04/15/2015,16:00,21.17,21.45,20.85,21.37,3751388.0
04/16/2015,16:00,21.31,21.61,21.2,21.61,3208007.0
04/17/2015,16:00,21.46,21.52,21.21,21.46,3048682.0
04/20/2015,16:00,21.62,21.93,21.60,21.85,2247612.0
04/21/2015,16:00,21.79,21.94,21.69,21.7,1533292.0
04/22/2015,16:00,21.72,22.0,21.39,21.97,2902999.0
04/23/2015,16:00,21.76,21.93,21.55,21.69,2486166.0
04/24/2015,16:00,22.19,22.24,21.93,22.17,2796134.0
04/27/2015,16:00,22.18,22.33,21.84,21.87,1639250.0
04/28/2015,16:00,21.86,22.4,21.75,22.35,3122848.0
04/29/2015,16:00,22.25,22.5,22.13,22.34,2997100.0
04/30/2015,16:00,22.24,22.29,21.22,21.3,3102839.0
05/01/2015,16:00,21.34,21.55,21.15,21.29,3410562.0
05/04/2015,16:00,21.91,22.14,21.3,21.62,7143518.0
05/05/2015,16:00,21.56,21.67,21.01,21.08,2829050.0
05/06/2015,16:00,21.16,21.22,20.67,21.09,2612414.0
05/07/2015,16:00,21.11,21.51,20.92,21.43,2264708.0
05/08/2015,16:00,21.71,22.14,21.65,22.06,3515590.0
05/11/2015,16:00,22.02,22.29,21.9,22.06,1909597.0
05/12/2015,16:00,21.96,22.16,21.66,22.03,1726279.0
05/13/2015,16:00,22.0,22.1,21.88,22.02,2211198.0
05/14/2015,16:00,22.06,22.4,21.89,22.33,1781119.0
05/15/2015,16:00,22.29,22.52,22.18,22.5,1603944.0
05/18/2015,16:00,22.5,22.93,22.36,22.85,2175772.0
05/19/2015,16:00,22.88,23.02,22.69,22.91,1701422.0
05/20/2015,16:00,23.06,23.31,22.80,23.09,2969900.0
05/21/2015,16:00,23.04,23.22,22.82,23.14,1449080.0
05/22/2015,16:00,23.03,23.33,22.95,23.24,1594750.0
05/26/2015,16:00,23.3,23.39,22.96,23.16,2056208.0
05/27/2015,16:00,23.45,23.95,23.24,23.76,3569909.0
05/28/2015,16:00,23.68,24.07,23.58,24.05,3567525.0
05/29/2015,16:00,24.01,24.55,23.89,24.12,4741025.0
06/01/2015,16:00,24.24,24.38,23.73,24.05,2911684.0
06/02/2015,16:00,24.0,24.42,23.8,24.2,3273460.0
06/03/2015,16:00,24.57,24.75,24.25,24.44,6280434.0
06/04/2015,16:00,25.37,25.49,24.52,24.64,6424729.0
06/05/2015,16:00,24.97,25.18,24.63,25.0,4714347.0
06/08/2015,16:00,24.91,25.0,24.19,24.63,4405226.0
06/09/2015,16:00,24.68,24.86,24.28,24.65,1951560.0
06/10/2015,16:00,24.72,25.3,24.66,25.19,4030173.0
06/11/2015,16:00,25.28,25.6,25.18,25.49,3443341.0
06/12/2015,16:00,25.33,25.75,25.30,25.64,3051450.0
06/15/2015,16:00,25.46,26.0,25.3,25.9,3348931.0
06/16/2015,16:00,25.83,25.95,25.45,25.61,2887476.0
06/17/2015,16:00,25.67,26.13,25.6,26.03,2974121.0
06/18/2015,16:00,26.02,26.2,25.94,25.97,2686242.0
06/19/2015,16:00,26.0,26.0,25.49,25.66,2763346.0
06/22/2015,16:00,25.45,25.81,25.32,25.48,2744369.0
06/23/2015,16:00,25.58,25.59,25.21,25.41,2229817.0
06/24/2015,16:00,25.28,25.38,24.97,25.04,1541036.0
06/25/2015,16:00,25.18,25.24,24.98,25.07,1886725.0
06/26/2015,16:00,25.06,25.07,24.06,24.37,4160763.0
06/29/2015,16:00,23.98,24.25,23.6,23.69,2363877.0
06/30/2015,16:00,23.85,23.94,23.37,23.68,2422075.0
07/01/2015,16:00,24.03,24.45,23.9,24.39,4287084.0
07/02/2015,16:00,24.39,24.54,23.95,24.08,2118509.0
07/06/2015,16:00,23.92,24.36,23.79,23.94,2217595.0
07/07/2015,16:00,23.94,23.94,23.25,23.84,2350087.0
07/08/2015,16:00,23.58,23.6,23.1,23.22,3199302.0
07/09/2015,16:00,23.58,23.73,23.16,23.27,2558358.0
07/10/2015,16:00,23.75,23.98,23.53,23.8,1878258.0
07/13/2015,16:00,23.92,24.35,23.88,24.29,2820445.0
07/14/2015,16:00,24.26,24.61,24.19,24.49,2009728.0
07/15/2015,16:00,24.48,24.71,24.2,24.32,1846985.0
07/16/2015,16:00,24.56,25.36,24.56,25.27,3052900.0
07/17/2015,16:00,25.58,26.1,25.37,25.59,4061406.0
07/20/2015,16:00,25.56,25.59,24.86,24.95,1857216.0
07/21/2015,16:00,25.0,25.57,25.0,25.53,2730248.0
07/22/2015,16:00,25.64,25.64,25.04,25.14,2145112.0
07/23/2015,16:00,25.41,25.77,25.17,25.59,3690644.0
07/24/2015,16:00,26.14,26.5,25.72,25.77,2634446.0
07/27/2015,16:00,25.45,25.67,24.82,25.02,2618428.0
07/28/2015,16:00,25.15,25.29,24.9,25.01,2066885.0
07/29/2015,16:00,24.87,25.0,24.46,24.86,1782534.0
07/30/2015,16:00,24.52,25.21,24.36,25.1,2205398.0
07/31/2015,16:00,25.22,25.69,25.07,25.45,2885531.0
08/03/2015,16:00,25.39,25.49,24.81,24.96,2133054.0
08/04/2015,16:00,24.99,24.99,24.61,24.66,1927974.0
08/05/2015,16:00,24.83,25.19,24.63,24.67,2679305.0
08/06/2015,16:00,24.74,24.84,23.8,23.92,2804724.0
08/07/2015,16:00,23.68,23.74,23.41,23.54,3500036.0
08/10/2015,16:00,23.69,23.72,23.37,23.6,5984439.0
08/11/2015,16:00,23.31,23.53,22.74,22.75,4598654.0
08/12/2015,16:00,22.81,23.8,22.73,23.57,4184750.0
08/13/2015,16:00,23.81,24.27,23.68,23.71,2378868.0
08/14/2015,16:00,23.45,23.66,23.25,23.56,1356199.0
08/17/2015,16:00,23.25,24.28,23.23,24.26,1942700.0
08/18/2015,16:00,24.08,24.21,23.58,23.63,2304667.0
08/19/2015,16:00,23.55,23.99,23.15,23.24,2189544.0
08/20/2015,16:00,23.0,23.22,21.51,21.62,4739710.0
08/21/2015,16:00,21.23,22.25,20.99,21.68,2997435.0
08/24/2015,16:00,20.02,21.68,17.97,20.56,3842765.0
08/25/2015,16:00,21.32,21.32,20.39,20.4,2594658.0
08/26/2015,16:00,21.28,22.42,21.13,22.33,4894756.0
08/27/2015,16:00,22.5,22.67,21.93,22.57,2526758.0
08/28/2015,16:00,22.61,22.87,22.41,22.86,2247240.0
08/31/2015,16:00,22.6,22.68,22.15,22.36,2304045.0
09/01/2015,16:00,21.94,22.36,21.79,22.0,2201207.0
09/02/2015,16:00,22.47,22.51,21.87,22.49,3569291.0
09/03/2015,16:00,21.51,23.29,20.75,22.98,11301160.0
09/04/2015,16:00,22.47,23.04,22.36,22.51,4021861.0
09/08/2015,16:00,22.93,22.99,22.59,22.94,3555262.0
09/09/2015,16:00,23.58,23.84,22.68,22.71,5099315.0
09/10/2015,16:00,22.81,22.84,22.35,22.52,3038168.0
09/11/2015,16:00,22.21,22.36,21.64,22.02,3511161.0
09/14/2015,16:00,22.17,22.25,21.89,21.91,1981190.0
09/15/2015,16:00,21.94,22.52,21.93,22.4,2322944.0
09/16/2015,16:00,22.35,22.75,22.26,22.69,3015776.0
09/17/2015,16:00,22.71,23.18,22.42,22.82,5402750.0
09/18/2015,16:00,22.35,22.68,22.01,22.13,3339920.0
09/21/2015,16:00,21.85,22.63,21.85,22.21,1935593.0
09/22/2015,16:00,21.88,21.98,21.35,21.59,2867644.0
09/23/2015,16:00,21.66,21.86,21.24,21.36,2859556.0
09/24/2015,16:00,21.13,21.19,20.68,20.94,3119412.0
09/25/2015,16:00,21.21,21.25,20.53,20.69,3138824.0
09/28/2015,16:00,20.62,20.91,20.2,20.3,3136909.0
09/29/2015,16:00,20.34,20.65,20.03,20.19,2853811.0
09/30/2015,16:00,20.55,20.8,20.32,20.72,2732048.0
10/01/2015,16:00,20.75,21.15,20.62,21.07,2781757.0
10/02/2015,16:00,20.78,22.03,20.57,22.0,3127397.0
10/05/2015,16:00,22.12,22.65,22.03,22.56,2925713.0
10/06/2015,16:00,22.51,22.8,22.32,22.48,2006252.0
10/07/2015,16:00,22.65,22.89,21.91,22.71,2395213.0
10/08/2015,16:00,22.71,22.91,22.2,22.7,1863121.0
10/09/2015,16:00,22.62,22.86,22.41,22.75,2192245.0
10/12/2015,16:00,22.76,22.81,22.35,22.59,1262847.0
10/13/2015,16:00,22.42,22.67,21.82,21.83,2366450.0
10/14/2015,16:00,21.85,22.54,21.83,22.34,2622778.0
10/15/2015,16:00,22.4,23.06,22.31,23.03,2163279.0
10/16/2015,16:00,23.06,23.1,22.67,22.92,1429762.0
10/19/2015,16:00,22.82,23.11,22.59,23.0,1684074.0
10/20/2015,16:00,22.92,23.38,22.92,23.3,2264321.0
10/21/2015,16:00,23.34,23.48,22.95,22.97,1980246.0
10/22/2015,16:00,23.15,23.79,23.15,23.53,2003455.0
10/23/2015,16:00,23.76,23.8,23.37,23.53,1730781.0
10/26/2015,16:00,23.78,24.63,23.74,24.6,4675211.0
10/27/2015,16:00,23.2,23.56,22.79,23.1,6514531.0
10/28/2015,16:00,23.3,24.18,23.05,24.16,3774849.0
10/29/2015,16:00,24.0,24.05,23.45,23.9,2460898.0
10/30/2015,16:00,23.89,24.22,23.67,24.14,2361402.0
11/02/2015,16:00,24.16,24.55,24.15,24.43,1451484.0
11/03/2015,16:00,24.47,24.87,24.4,24.55,2163223.0
11/04/2015,16:00,24.59,24.76,24.32,24.56,2475618.0
11/05/2015,16:00,24.5,24.69,24.06,24.49,2068456.0
11/06/2015,16:00,24.42,24.96,24.21,24.9,1950197.0
11/09/2015,16:00,24.84,24.89,24.16,24.43,2040698.0
11/10/2015,16:00,24.24,24.43,23.66,23.74,2456394.0
11/11/2015,16:00,23.9,24.06,23.66,23.75,1948519.0
11/12/2015,16:00,23.54,23.95,23.34,23.72,2110661.0
11/13/2015,16:00,23.55,23.97,23.33,23.87,2210409.0
11/16/2015,16:00,23.7,24.24,23.55,24.18,2451201.0
11/17/2015,16:00,24.2,24.46,23.98,24.13,1826880.0
11/18/2015,16:00,24.14,24.31,23.81,24.29,2062995.0
11/19/2015,16:00,24.3,24.38,23.89,23.98,1626464.0
11/20/2015,16:00,24.14,24.64,24.02,24.61,2074537.0
11/23/2015,16:00,24.65,25.18,24.55,24.89,1804939.0
11/24/2015,16:00,24.76,25.29,24.68,25.21,1729909.0
11/25/2015,16:00,25.22,25.39,25.08,25.19,1096060.0
11/27/2015,16:00,25.25,25.38,25.11,25.3,527721.0
11/30/2015,16:00,25.38,25.46,24.92,25.04,1265046.0
12/01/2015,16:00,25.09,25.31,24.74,25.09,1503137.0
12/02/2015,16:00,25.04,25.18,24.66,24.76,1725003.0
12/03/2015,16:00,24.9,25.0,24.33,24.47,1852178.0
12/04/2015,16:00,24.55,25.22,24.47,25.05,2781262.0
12/07/2015,16:00,24.98,25.06,24.53,24.66,2254031.0
12/08/2015,16:00,24.31,24.54,24.06,24.35,3183825.0
12/09/2015,16:00,24.28,24.37,23.64,24.11,4160106.0
12/10/2015,16:00,20.31,21.02,19.76,20.04,25474945.0
12/11/2015,16:00,19.93,20.73,19.39,19.81,9055589.0
12/14/2015,16:00,19.78,19.87,19.20,19.28,6779147.0
12/15/2015,16:00,19.42,19.53,19.2,19.35,3281514.0
12/16/2015,16:00,19.49,19.61,18.98,19.3,4179552.0
12/17/2015,16:00,19.46,19.89,19.45,19.74,4651322.0
12/18/2015,16:00,19.66,19.85,19.5,19.8,6098097.0
12/21/2015,16:00,19.96,20.33,19.85,20.32,5493408.0
12/22/2015,16:00,20.32,20.41,20.08,20.4,2108593.0
12/23/2015,16:00,20.47,20.74,20.44,20.67,1939958.0
12/24/2015,16:00,20.62,20.83,20.57,20.7,1174202.0
12/28/2015,16:00,20.67,20.93,20.52,20.91,1970670.0
12/29/2015,16:00,20.99,21.38,20.95,21.21,2284894.0
12/30/2015,16:00,21.15,21.33,20.88,20.92,1510374.0
12/31/2015,16:00,20.86,21.09,20.68,20.69,1532293.0
01/04/2016,16:00,20.19,20.36,19.75,20.24,3919310.0
01/05/2016,16:00,20.35,20.37,19.91,20.05,3200746.0
01/06/2016,16:00,19.74,19.89,19.27,19.52,3456328.0
01/07/2016,16:00,19.13,19.18,18.43,18.62,4180734.0
01/08/2016,16:00,18.8,18.82,18.1,18.17,3222092.0
01/11/2016,16:00,18.33,18.64,17.97,18.16,2033317.0
01/12/2016,16:00,18.73,19.39,18.13,18.57,3660206.0
01/13/2016,16:00,18.69,18.95,18.16,18.34,2650044.0
01/14/2016,16:00,18.38,18.56,18.01,18.33,2383382.0
01/15/2016,16:00,17.77,18.23,17.66,18.02,2840013.0
01/19/2016,16:00,18.25,18.37,17.46,17.59,2740184.0
01/20/2016,16:00,17.28,17.57,16.63,17.34,3793960.0
01/21/2016,16:00,17.5,17.89,17.3,17.45,2941459.0
01/22/2016,16:00,17.77,18.23,17.52,17.99,2289692.0
01/25/2016,16:00,17.92,18.02,17.57,17.6,1539270.0
01/26/2016,16:00,17.75,18.12,17.53,18.04,2985573.0
01/27/2016,16:00,17.77,18.25,17.62,17.8,1981940.0
01/28/2016,16:00,17.99,18.1,17.24,17.28,2603250.0
01/29/2016,16:00,17.42,17.81,17.41,17.77,3999231.0
02/01/2016,16:00,17.7,18.01,17.35,17.94,2773814.0
02/02/2016,16:00,17.76,18.43,17.64,17.77,3245659.0
02/03/2016,16:00,18.35,18.61,18.16,18.59,3123935.0
02/04/2016,16:00,18.5,19.34,18.46,19.17,3257650.0
02/05/2016,16:00,19.29,19.52,18.58,18.62,3192019.0
02/08/2016,16:00,18.34,18.50,17.34,17.66,3206703.0
02/09/2016,16:00,17.42,17.98,17.23,17.79,3694783.0
02/10/2016,16:00,17.86,18.25,17.30,17.59,3199780.0
02/11/2016,16:00,17.28,17.73,17.15,17.5,2360749.0
02/12/2016,16:00,17.82,18.37,17.48,18.28,2662385.0
02/16/2016,16:00,18.56,19.34,18.47,19.29,2816631.0
02/17/2016,16:00,19.41,19.81,19.36,19.52,2367745.0
02/18/2016,16:00,19.5,19.72,19.09,19.38,2253835.0
02/19/2016,16:00,19.32,19.62,19.17,19.57,1391389.0
02/22/2016,16:00,19.98,20.16,19.85,20.02,2148677.0
02/23/2016,16:00,20.01,20.16,19.8,19.89,2317607.0
02/24/2016,16:00,19.65,20.71,19.47,20.66,2945936.0
02/25/2016,16:00,20.73,20.95,20.21,20.71,2111310.0
02/26/2016,16:00,20.81,21.12,20.57,20.75,3332056.0
02/29/2016,16:00,20.75,20.84,20.45,20.5,3296900.0
03/01/2016,16:00,20.77,21.14,20.64,21.0,3627027.0
03/02/2016,16:00,20.99,21.08,20.04,20.71,7047921.0
03/03/2016,16:00,16.95,17.5,16.32,16.99,30133205.0
03/04/2016,16:00,17.17,17.39,16.77,17.28,8368573.0
03/07/2016,16:00,17.12,17.25,16.87,16.96,4149497.0
03/08/2016,16:00,16.95,16.97,16.55,16.63,5094001.0
03/09/2016,16:00,16.75,17.45,16.67,17.45,5141538.0
03/10/2016,16:00,17.45,17.79,16.98,17.13,3965201.0
03/11/2016,16:00,17.4,17.68,17.29,17.55,3191712.0
03/14/2016,16:00,17.47,17.71,17.38,17.55,2263311.0
03/15/2016,16:00,17.38,17.42,16.81,16.93,3661660.0
03/16/2016,16:00,16.93,17.36,16.81,17.28,2730307.0
03/17/2016,16:00,17.28,18.02,17.14,18.01,3613200.0
03/18/2016,16:00,18.09,18.44,17.83,18.21,4328651.0
03/21/2016,16:00,17.96,18.41,17.91,18.21,2436914.0
03/22/2016,16:00,18.23,19.0,18.1,18.91,4691345.0
03/23/2016,16:00,18.78,18.87,18.27,18.31,3060220.0
03/24/2016,16:00,18.2,18.73,18.01,18.57,2201898.0
03/28/2016,16:00,18.57,18.58,18.19,18.28,1835817.0
03/29/2016,16:00,18.25,18.93,18.15,18.87,2583758.0
03/30/2016,16:00,18.96,19.2,18.66,18.76,2277040.0
03/31/2016,16:00,18.73,19.07,18.68,19.02,1935708.0
04/01/2016,16:00,18.76,19.07,18.7,18.85,1654492.0
04/04/2016,16:00,18.86,18.94,18.55,18.65,1715405.0
04/05/2016,16:00,18.46,18.58,18.32,18.33,1521353.0
04/06/2016,16:00,18.42,18.67,18.28,18.64,1853021.0
04/07/2016,16:00,18.48,18.53,17.66,17.71,4287255.0
04/08/2016,16:00,17.85,18.26,17.83,18.21,3351751.0
04/11/2016,16:00,18.24,18.37,17.89,17.9,2056732.0
04/12/2016,16:00,17.7,17.76,17.35,17.47,4083790.0
04/13/2016,16:00,17.61,18.13,17.61,17.96,2453378.0
04/14/2016,16:00,17.98,18.09,17.71,17.94,2383063.0
04/15/2016,16:00,17.86,17.99,17.54,17.8,2449436.0
04/18/2016,16:00,17.72,18.06,17.57,17.8,1846631.0
04/19/2016,16:00,17.86,17.86,17.26,17.27,2669889.0
04/20/2016,16:00,17.21,17.31,16.89,17.09,5937766.0
04/21/2016,16:00,17.06,17.22,16.62,16.67,6542035.0
04/22/2016,16:00,16.74,17.23,16.71,17.1,3069702.0
04/25/2016,16:00,17.01,17.17,16.73,16.89,2340475.0
04/26/2016,16:00,16.95,17.36,16.89,17.35,2346390.0
04/27/2016,16:00,17.0,17.44,17.0,17.4,1894741.0
04/28/2016,16:00,16.95,17.14,16.57,16.63,4292892.0
04/29/2016,16:00,16.71,16.86,16.5,16.83,3483099.0
05/02/2016,16:00,16.82,17.01,16.65,16.81,2396444.0
05/03/2016,16:00,16.67,16.71,16.38,16.49,2370027.0
05/04/2016,16:00,16.5,16.63,16.05,16.06,2677713.0
05/05/2016,16:00,16.14,16.31,16.0,16.02,2673011.0
05/06/2016,16:00,15.97,16.28,15.72,16.26,2228413.0
05/09/2016,16:00,16.29,16.35,16.01,16.16,2140787.0
05/10/2016,16:00,16.15,16.4,16.03,16.15,3188320.0
05/11/2016,16:00,16.16,16.3,16.1,16.24,2564599.0
05/12/2016,16:00,16.29,16.37,15.75,15.83,2008273.0
05/13/2016,16:00,15.74,16.05,15.61,15.73,2212718.0
05/16/2016,16:00,15.73,15.98,15.65,15.86,3205984.0
05/17/2016,16:00,15.89,16.54,15.79,16.16,3461124.0
05/18/2016,16:00,16.06,16.54,15.97,16.31,3922217.0
05/19/2016,16:00,16.32,16.41,15.7,15.89,2898371.0
05/20/2016,16:00,16.0,16.24,15.95,16.1,1825418.0
05/23/2016,16:00,16.1,16.45,16.03,16.29,2777942.0
05/24/2016,16:00,16.45,16.85,16.4,16.82,3300043.0
05/25/2016,16:00,16.75,16.94,16.66,16.84,1816655.0
05/26/2016,16:00,16.84,16.98,16.77,16.86,1975123.0
05/27/2016,16:00,16.91,17.21,16.78,17.2,2748330.0
05/31/2016,16:00,17.29,17.55,17.2,17.46,2743432.0
06/01/2016,16:00,17.36,17.81,17.32,17.76,4354644.0
06/02/2016,16:00,19.57,20.45,19.33,20.03,15379304.0
06/03/2016,16:00,19.98,21.18,19.97,21.03,8486473.0
06/06/2016,16:00,21.03,21.38,20.98,21.27,4167768.0
06/07/2016,16:00,21.29,21.75,21.27,21.75,3590267.0
06/08/2016,16:00,21.75,21.87,21.64,21.68,4277408.0
06/09/2016,16:00,21.57,21.69,21.41,21.61,2900419.0
06/10/2016,16:00,21.33,21.6,20.98,21.12,3387571.0
06/13/2016,16:00,21.07,21.39,20.82,20.86,2698773.0
06/14/2016,16:00,20.85,21.11,20.75,20.91,2246383.0
06/15/2016,16:00,20.95,21.21,20.84,20.86,2964861.0
06/16/2016,16:00,20.73,20.99,20.52,20.99,2734813.0
06/17/2016,16:00,20.94,20.99,20.58,20.65,3199422.0
06/20/2016,16:00,20.93,21.01,20.62,20.64,1605020.0
06/21/2016,16:00,20.4,20.46,20.13,20.3,2484518.0
06/22/2016,16:00,20.33,20.5,20.07,20.11,2210447.0
06/23/2016,16:00,20.24,20.59,20.19,20.59,2435668.0
06/24/2016,16:00,19.5,19.79,19.08,19.11,6179695.0
06/27/2016,16:00,19.04,19.04,17.86,17.95,4342785.0
06/28/2016,16:00,18.24,18.41,17.70,18.34,4967253.0
06/29/2016,16:00,18.52,18.72,18.04,18.64,4625174.0
06/30/2016,16:00,18.66,18.84,18.48,18.75,2936318.0
07/01/2016,16:00,18.75,19.05,18.28,18.47,2104354.0
07/05/2016,16:00,18.26,18.36,17.9,18.0,2465131.0
07/06/2016,16:00,17.89,18.15,17.59,18.09,3296076.0
07/07/2016,16:00,18.23,18.5,18.14,18.37,2326897.0
07/08/2016,16:00,18.56,19.16,18.56,19.09,3404527.0
07/11/2016,16:00,19.19,19.42,19.02,19.39,2525504.0
07/12/2016,16:00,19.56,20.01,19.45,19.95,3638418.0
07/13/2016,16:00,20.17,20.22,19.58,19.68,3727785.0
07/14/2016,16:00,19.92,19.98,19.48,19.48,2083300.0
07/15/2016,16:00,19.57,20.2,19.35,20.0,5454857.0
07/18/2016,16:00,20.05,20.25,19.98,20.17,2270271.0
07/19/2016,16:00,20.21,20.33,19.94,20.01,1769369.0
07/20/2016,16:00,20.11,20.28,20.0,20.26,1415874.0
07/21/2016,16:00,20.15,20.27,19.89,19.94,1559328.0
07/22/2016,16:00,19.93,20.11,19.69,20.08,1386696.0
07/25/2016,16:00,20.15,20.47,19.97,20.31,1661781.0
07/26/2016,16:00,20.32,20.68,20.32,20.52,1725748.0
07/27/2016,16:00,20.5,20.79,20.15,20.41,1839561.0
07/28/2016,16:00,18.84,19.39,18.5,19.39,9424828.0
07/29/2016,16:00,19.42,19.51,18.89,19.19,3445330.0
08/01/2016,16:00,19.2,19.44,19.17,19.24,1687957.0
08/02/2016,16:00,19.29,19.29,18.72,18.76,2701279.0
08/03/2016,16:00,18.86,19.55,18.86,19.53,2757425.0
08/04/2016,16:00,19.49,19.83,19.49,19.71,2453909.0
08/05/2016,16:00,19.85,20.35,19.78,20.22,1961088.0
08/08/2016,16:00,20.32,20.41,19.9,19.98,1208572.0
08/09/2016,16:00,20.19,20.41,20.07,20.28,1925439.0
08/10/2016,16:00,20.45,20.64,20.09,20.5,1980343.0
08/11/2016,16:00,20.54,20.74,20.38,20.6,1855652.0
08/12/2016,16:00,20.57,20.88,20.5,20.81,2385292.0
08/15/2016,16:00,20.84,21.48,20.74,21.32,3205467.0
08/16/2016,16:00,21.27,22.15,21.21,21.88,4850347.0
08/17/2016,16:00,21.81,21.83,21.18,21.26,3396263.0
08/18/2016,16:00,21.19,21.59,21.01,21.5,1813078.0
08/19/2016,16:00,21.45,21.7,21.39,21.58,1875413.0
08/22/2016,16:00,21.55,21.9,21.5,21.87,2412848.0
08/23/2016,16:00,22.0,22.07,21.88,21.93,2267899.0
08/24/2016,16:00,21.96,22.21,21.82,21.88,1719833.0
08/25/2016,16:00,21.79,21.87,21.26,21.8,1939175.0
08/26/2016,16:00,21.79,21.81,21.41,21.64,1748381.0
08/29/2016,16:00,21.67,21.73,21.55,21.67,1957939.0
08/30/2016,16:00,21.7,21.99,21.58,21.73,1658354.0
08/31/2016,16:00,21.74,21.85,21.27,21.45,4494104.0
09/01/2016,16:00,22.32,23.6,22.25,23.17,12256635.0
09/02/2016,16:00,22.93,23.15,22.29,22.89,4303194.0
09/06/2016,16:00,22.87,23.15,22.82,22.98,2406099.0
09/07/2016,16:00,23.5,23.5,22.66,22.75,2434783.0
09/08/2016,16:00,22.75,22.81,22.04,22.18,3180748.0
09/09/2016,16:00,22.26,22.54,21.61,21.66,5730093.0
09/12/2016,16:00,21.42,21.92,21.35,21.84,3193958.0
09/13/2016,16:00,21.66,21.97,21.17,21.29,2887855.0
09/14/2016,16:00,21.3,21.48,20.95,21.08,2318330.0
09/15/2016,16:00,21.1,21.26,20.97,21.16,2777953.0
09/16/2016,16:00,21.17,21.27,20.82,21.24,3780897.0
09/19/2016,16:00,21.44,22.05,21.37,21.77,2774270.0
09/20/2016,16:00,21.72,21.87,21.45,21.46,1504990.0
09/21/2016,16:00,21.37,21.9,21.37,21.83,2306634.0
09/22/2016,16:00,22.05,22.35,21.98,22.26,2275477.0
09/23/2016,16:00,22.15,22.39,22.1,22.16,2048664.0
09/26/2016,16:00,21.96,22.2,21.82,22.03,1529394.0
09/27/2016,16:00,21.98,22.66,21.87,22.65,2288314.0
09/28/2016,16:00,22.65,22.86,22.36,22.41,2318764.0
09/29/2016,16:00,22.37,22.39,21.94,21.95,1708430.0
09/30/2016,16:00,21.96,22.15,21.51,21.8,2881148.0
10/03/2016,16:00,21.71,21.81,21.22,21.3,2426890.0
10/04/2016,16:00,21.37,21.57,21.03,21.19,2588796.0
10/05/2016,16:00,21.38,22.41,21.29,21.95,2838986.0
10/06/2016,16:00,22.03,23.09,21.94,22.67,3463864.0
10/07/2016,16:00,22.64,22.79,22.17,22.33,2375351.0
10/10/2016,16:00,22.5,22.64,22.3,22.32,1760260.0
10/11/2016,16:00,22.28,22.28,21.38,21.42,2970912.0
10/12/2016,16:00,21.04,21.18,20.45,20.96,5481376.0
10/13/2016,16:00,20.67,20.85,20.33,20.84,2339876.0
10/14/2016,16:00,20.95,21.33,20.62,20.8,3344640.0
10/17/2016,16:00,20.72,20.87,20.21,20.21,2190186.0
10/18/2016,16:00,20.53,20.57,20.16,20.34,1580704.0
10/19/2016,16:00,20.3,20.73,20.21,20.65,1173479.0
10/20/2016,16:00,20.44,20.45,19.88,20.12,4658802.0
10/21/2016,16:00,20.0,20.02,19.69,19.93,3189499.0
10/24/2016,16:00,20.15,20.23,19.95,20.05,1496595.0
10/25/2016,16:00,20.04,20.07,19.66,19.89,1532880.0
10/26/2016,16:00,20.21,20.67,20.01,20.39,2241591.0
10/27/2016,16:00,20.46,20.46,19.48,19.55,3624553.0
10/28/2016,16:00,19.52,20.0,19.4,19.51,2371173.0
10/31/2016,16:00,19.54,19.67,19.3,19.38,2608788.0
11/01/2016,16:00,19.46,19.46,18.94,19.21,2711135.0
11/02/2016,16:00,19.44,19.92,19.16,19.34,2969164.0
11/03/2016,16:00,19.37,19.5,19.12,19.27,1699505.0
11/04/2016,16:00,19.2,19.54,19.04,19.25,1711393.0
11/07/2016,16:00,19.67,20.53,19.66,20.34,3282184.0
11/08/2016,16:00,20.25,20.88,20.1,20.51,1944789.0
11/09/2016,16:00,19.92,20.97,19.8,20.9,2395431.0
11/10/2016,16:00,21.09,21.6,20.65,21.18,2483706.0
11/11/2016,16:00,21.05,21.78,20.9,21.74,2779781.0
11/14/2016,16:00,22.27,22.75,22.05,22.5,3542598.0
11/15/2016,16:00,22.42,22.82,22.23,22.64,2101759.0
11/16/2016,16:00,22.33,22.81,22.33,22.53,2147853.0
11/17/2016,16:00,22.18,22.28,21.77,21.96,2571928.0
11/18/2016,16:00,22.16,22.19,21.80,21.93,1638699.0
11/21/2016,16:00,22.01,22.25,21.84,21.95,1197794.0
11/22/2016,16:00,21.94,21.99,21.64,21.95,1718615.0
11/23/2016,16:00,21.92,22.30,21.84,22.28,1478500.0
11/25/2016,16:00,22.46,22.5,22.24,22.45,557334.0
11/28/2016,16:00,22.22,22.28,21.41,21.43,2704711.0
11/29/2016,16:00,21.51,21.96,21.45,21.66,2773833.0
11/30/2016,16:00,21.87,21.91,21.43,21.45,2376461.0
12/01/2016,16:00,21.36,21.66,20.67,20.75,1960500.0
12/02/2016,16:00,20.67,20.71,20.25,20.45,3777409.0
12/05/2016,16:00,20.8,21.34,20.65,21.16,2586986.0
12/06/2016,16:00,21.25,21.28,20.92,21.0,4877300.0
12/07/2016,16:00,21.05,21.65,20.94,21.6,3090754.0
12/08/2016,16:00,23.13,24.98,22.78,24.87,15174111.0
12/09/2016,16:00,24.98,25.18,24.36,24.67,5669232.0
12/12/2016,16:00,24.64,24.74,23.73,23.99,4108209.0
12/13/2016,16:00,24.03,24.36,23.70,23.9,3996550.0
12/14/2016,16:00,23.91,24.2,23.6,23.69,2482482.0
12/15/2016,16:00,23.71,24.31,23.71,23.78,3713289.0
12/16/2016,16:00,23.81,23.93,23.22,23.27,4538469.0
12/19/2016,16:00,23.81,24.30,23.75,24.05,3906369.0
12/20/2016,16:00,24.41,24.97,24.33,24.84,4635640.0
12/21/2016,16:00,24.6,24.88,24.47,24.81,2894517.0
12/22/2016,16:00,24.68,25.0,24.41,24.53,2315405.0
12/23/2016,16:00,24.47,24.66,24.35,24.63,1110723.0
12/27/2016,16:00,24.79,25.19,24.74,24.91,1736823.0
12/28/2016,16:00,24.96,24.96,24.18,24.24,2061570.0
12/29/2016,16:00,24.17,24.59,24.17,24.48,1526937.0
12/30/2016,16:00,24.53,24.66,24.28,24.41,1747973.0
01/03/2017,16:00,24.47,24.98,24.24,24.43,2384158.0
01/04/2017,16:00,24.38,24.9,24.34,24.74,2021910.0
01/05/2017,16:00,24.82,25.08,24.13,24.3,2324950.0
01/06/2017,16:00,24.33,24.37,23.87,24.2,3230743.0
01/09/2017,16:00,24.12,24.41,24.01,24.23,1927422.0
01/10/2017,16:00,24.23,24.4,23.97,24.1,2232208.0
01/11/2017,16:00,24.07,24.55,23.9,24.39,2748004.0
01/12/2017,16:00,24.57,24.57,23.76,24.12,1689715.0
01/13/2017,16:00,24.47,24.85,24.46,24.53,2412994.0
01/17/2017,16:00,24.25,24.41,23.53,23.72,2409932.0
01/18/2017,16:00,24.01,24.19,23.81,23.95,1710965.0
01/19/2017,16:00,24.41,24.59,24.00,24.06,2181366.0
01/20/2017,16:00,24.1,24.31,23.81,24.04,1243948.0
01/23/2017,16:00,23.92,24.11,23.62,23.94,1544639.0
01/24/2017,16:00,23.92,24.78,23.89,24.65,2349169.0
01/25/2017,16:00,24.89,25.32,24.85,25.18,3883877.0
01/26/2017,16:00,25.23,25.32,24.56,24.9,3602435.0
01/27/2017,16:00,24.66,25.01,24.50,24.61,1470772.0
01/30/2017,16:00,24.37,24.4,23.97,24.33,1578459.0
01/31/2017,16:00,24.07,24.38,23.93,24.34,2104092.0
02/01/2017,16:00,24.57,24.63,24.0,24.08,1646341.0
02/02/2017,16:00,24.08,24.57,23.75,24.46,2241577.0
02/03/2017,16:00,24.64,24.73,24.42,24.57,1306515.0
02/06/2017,16:00,24.39,24.4,24.07,24.12,1252756.0
02/07/2017,16:00,24.21,24.37,23.95,24.06,1583930.0
02/08/2017,16:00,24.03,24.22,23.66,24.22,1863950.0
02/09/2017,16:00,24.19,24.78,24.16,24.38,2661897.0
02/10/2017,16:00,24.83,25.06,24.62,24.98,2337510.0
02/13/2017,16:00,25.25,25.71,25.1,25.54,3529895.0
02/14/2017,16:00,25.47,25.78,25.33,25.63,1202300.0
02/15/2017,16:00,25.48,25.63,25.10,25.37,2047693.0
02/16/2017,16:00,25.69,25.8,25.35,25.45,3014020.0
02/17/2017,16:00,25.42,25.74,25.15,25.6,1820804.0
02/21/2017,16:00,25.81,26.04,25.65,25.9,2461513.0
02/22/2017,16:00,25.84,26.0,25.62,25.81,1860584.0
02/23/2017,16:00,25.89,25.93,25.16,25.69,2295651.0
02/24/2017,16:00,25.22,25.77,25.17,25.75,1225030.0
02/27/2017,16:00,25.89,26.49,25.64,26.29,4674664.0
02/28/2017,16:00,26.36,26.63,26.18,26.34,3891903.0
03/01/2017,16:00,26.78,26.84,26.14,26.41,2333698.0
03/02/2017,16:00,26.29,26.58,26.11,26.39,2850704.0
03/03/2017,16:00,25.89,26.24,25.64,26.1,3591431.0
03/06/2017,16:00,25.96,26.12,25.61,25.8,2482592.0
03/07/2017,16:00,25.87,26.26,25.64,26.17,4389348.0
03/08/2017,16:00,24.86,25.14,23.52,23.97,16723461.0
03/09/2017,16:00,24.09,24.09,23.41,23.69,8366501.0
03/10/2017,16:00,23.66,23.9,23.42,23.66,5027546.0
03/13/2017,16:00,23.66,23.72,23.08,23.27,4875831.0
03/14/2017,16:00,23.05,23.24,22.73,22.85,5517527.0
03/15/2017,16:00,22.87,23.81,22.85,23.74,5485828.0
03/16/2017,16:00,23.41,23.88,23.41,23.58,2983349.0
03/17/2017,16:00,23.76,23.85,23.53,23.78,3484332.0
03/20/2017,16:00,23.79,23.9,23.56,23.74,2043590.0
03/21/2017,16:00,23.93,24.38,23.52,23.53,3400227.0
03/22/2017,16:00,23.44,23.79,23.18,23.76,2323386.0
03/23/2017,16:00,23.62,23.87,23.46,23.64,2906890.0
03/24/2017,16:00,23.49,23.79,23.45,23.61,1857310.0
03/27/2017,16:00,23.25,23.71,23.11,23.67,2116394.0
03/28/2017,16:00,23.6,23.79,23.49,23.51,1991018.0
03/29/2017,16:00,23.53,23.56,23.21,23.33,1833177.0
03/30/2017,16:00,23.37,23.81,23.34,23.73,1979773.0
03/31/2017,16:00,23.63,23.81,23.46,23.61,1926822.0
04/03/2017,16:00,23.6,23.80,22.94,23.07,2189302.0
04/04/2017,16:00,22.96,23.22,22.63,22.76,2512571.0
04/05/2017,16:00,22.9,22.91,21.86,22.0,3264719.0
04/06/2017,16:00,21.98,22.4,21.95,22.07,3320859.0
04/07/2017,16:00,22.0,22.26,21.93,21.96,2680334.0
04/10/2017,16:00,21.9,22.10,21.72,21.93,3155652.0
04/11/2017,16:00,21.91,22.11,21.68,21.84,2571516.0
04/12/2017,16:00,21.86,21.88,21.43,21.6,1624065.0
04/13/2017,16:00,21.72,22.22,21.65,21.66,2864487.0
04/17/2017,16:00,21.66,21.91,21.55,21.84,1990217.0
04/18/2017,16:00,21.7,22.27,21.55,22.17,3200909.0
04/19/2017,16:00,22.36,22.36,21.67,21.71,4188890.0
04/20/2017,16:00,21.81,22.02,21.67,21.88,2330719.0
04/21/2017,16:00,21.77,22.13,21.74,21.77,1801676.0
04/24/2017,16:00,22.11,22.5,21.86,22.45,5160833.0
04/25/2017,16:00,22.6,23.22,22.57,23.08,4025975.0
04/26/2017,16:00,23.17,23.37,22.89,23.14,2597594.0
04/27/2017,16:00,23.25,23.44,23.11,23.15,1439221.0
04/28/2017,16:00,23.21,23.21,22.85,22.91,2035002.0
05/01/2017,16:00,22.96,23.02,22.78,22.91,1594378.0
05/02/2017,16:00,22.9,22.99,22.52,22.69,1670340.0
05/03/2017,16:00,22.58,22.89,22.47,22.67,2714747.0
05/04/2017,16:00,22.79,22.96,22.48,22.79,2407107.0
05/05/2017,16:00,23.0,23.07,22.74,23.06,1152308.0
05/08/2017,16:00,23.07,23.16,22.89,23.12,1122991.0
05/09/2017,16:00,23.19,23.55,23.14,23.48,1575182.0
05/10/2017,16:00,23.37,23.74,23.3,23.64,2335035.0
05/11/2017,16:00,23.55,23.69,23.26,23.54,1261300.0
05/12/2017,16:00,23.52,23.76,23.18,23.64,1517256.0
05/15/2017,16:00,23.7,24.09,23.67,24.09,2264203.0
05/16/2017,16:00,24.19,24.25,23.91,24.22,2356319.0
05/17/2017,16:00,23.81,23.86,22.98,23.03,3028647.0
05/18/2017,16:00,22.75,22.92,22.34,22.68,3559607.0
05/19/2017,16:00,22.79,23.09,22.66,22.95,1673127.0
05/22/2017,16:00,23.84,24.65,23.56,24.42,4608322.0
05/23/2017,16:00,24.5,24.63,24.26,24.35,2438263.0
05/24/2017,16:00,23.39,23.63,22.98,23.33,4739452.0
05/25/2017,16:00,23.43,23.51,23.0,23.29,3008247.0
05/26/2017,16:00,23.26,23.87,23.14,23.8,2715401.0
05/30/2017,16:00,23.8,23.91,23.45,23.59,4437305.0
05/31/2017,16:00,23.71,23.91,23.15,23.48,6636492.0
06/01/2017,16:00,26.29,27.98,26.20,27.19,21969671.0
06/02/2017,16:00,27.0,27.69,26.98,27.5,8676685.0
06/05/2017,16:00,27.42,27.5,26.66,26.8,7042950.0
06/06/2017,16:00,26.67,27.29,26.52,26.56,6950507.0
06/07/2017,16:00,26.62,26.75,26.35,26.6,3711387.0
06/08/2017,16:00,26.6,26.7,26.25,26.25,4509596.0
06/09/2017,16:00,26.3,26.45,25.08,25.37,5688115.0
06/12/2017,16:00,25.18,25.88,24.83,25.39,5230071.0
06/13/2017,16:00,25.6,25.99,25.52,25.75,2414854.0
06/14/2017,16:00,25.93,25.94,25.23,25.44,2305012.0
06/15/2017,16:00,25.04,25.68,25.01,25.6,1802951.0
06/16/2017,16:00,25.49,25.72,25.34,25.43,2672251.0
06/19/2017,16:00,25.54,25.92,25.5,25.92,2084181.0
06/20/2017,16:00,25.83,25.9,25.45,25.46,1591292.0
06/21/2017,16:00,25.29,25.64,25.18,25.52,1880293.0
06/22/2017,16:00,25.6,26.09,25.42,25.94,5352537.0
06/23/2017,16:00,25.99,26.53,25.75,26.42,3362858.0
06/26/2017,16:00,26.51,26.71,25.97,26.16,2437562.0
06/27/2017,16:00,26.1,26.21,25.77,25.77,2147222.0
06/28/2017,16:00,25.91,26.39,25.75,26.3,1999468.0
06/29/2017,16:00,26.04,26.36,25.13,25.41,5310558.0
06/30/2017,16:00,25.47,25.65,25.01,25.02,2904845.0
07/03/2017,16:00,25.26,25.40,25.0,25.19,992628.0
07/05/2017,16:00,25.19,25.28,24.86,25.19,1522504.0
07/06/2017,16:00,24.87,25.29,24.65,24.94,1979628.0
07/07/2017,16:00,24.99,25.63,24.98,25.58,2209797.0
07/10/2017,16:00,25.73,26.04,25.62,25.87,2457989.0
07/11/2017,16:00,25.87,25.99,25.71,25.9,1659020.0
07/12/2017,16:00,26.1,26.26,25.86,25.98,1917792.0
07/13/2017,16:00,26.2,26.28,25.78,25.8,1716052.0
07/14/2017,16:00,25.69,26.0,25.45,25.67,2015036.0
07/17/2017,16:00,25.7,25.72,25.26,25.36,1800190.0
07/18/2017,16:00,25.11,25.21,24.78,24.97,2785214.0
07/19/2017,16:00,25.11,25.71,25.1,25.58,1875574.0
07/20/2017,16:00,25.75,25.87,25.28,25.84,1967622.0
07/21/2017,16:00,25.86,26.11,25.71,26.1,1718980.0
07/24/2017,16:00,26.1,26.52,26.0,26.51,1811439.0
07/25/2017,16:00,26.6,26.81,26.38,26.8,1962893.0
07/26/2017,16:00,26.83,26.92,26.0,26.06,2266399.0
07/27/2017,16:00,26.24,26.36,25.31,25.61,2891566.0
07/28/2017,16:00,25.42,25.75,25.17,25.43,1795906.0
07/31/2017,16:00,25.54,25.85,25.47,25.75,2653338.0
08/01/2017,16:00,25.96,26.32,25.64,25.99,1831828.0
08/02/2017,16:00,26.07,26.07,25.64,25.81,2310810.0
08/03/2017,16:00,25.9,26.06,25.52,25.64,1886443.0
08/04/2017,16:00,25.55,25.65,24.78,24.85,3013246.0
08/07/2017,16:00,24.87,25.22,24.84,25.18,1531773.0
08/08/2017,16:00,25.15,25.62,25.08,25.41,2828669.0
08/09/2017,16:00,25.23,25.45,24.87,24.94,3182479.0
08/10/2017,16:00,24.68,24.81,23.98,23.99,3802065.0
08/11/2017,16:00,23.96,24.28,23.9,24.17,2548067.0
08/14/2017,16:00,24.38,24.7,24.3,24.68,1940100.0
08/15/2017,16:00,24.65,24.65,24.3,24.32,1413645.0
08/16/2017,16:00,24.36,24.49,24.06,24.12,1264007.0
08/17/2017,16:00,23.93,24.25,23.5,23.51,2297733.0
08/18/2017,16:00,23.32,23.63,23.30,23.37,1880535.0
08/21/2017,16:00,23.35,23.49,23.1,23.14,1879055.0
08/22/2017,16:00,23.27,23.47,23.14,23.47,1397756.0
08/23/2017,16:00,23.31,24.02,23.11,23.95,4344669.0
08/24/2017,16:00,24.24,24.36,23.6,23.71,3256729.0
08/25/2017,16:00,23.82,24.02,23.60,23.87,1715463.0
08/28/2017,16:00,24.08,24.14,23.61,23.74,2423394.0
08/29/2017,16:00,23.5,23.91,23.31,23.87,2263861.0
08/30/2017,16:00,24.54,24.78,24.11,24.27,8394479.0
08/31/2017,16:00,22.16,22.66,21.35,21.61,27204487.0
09/01/2017,16:00,21.8,22.1,21.50,22.06,7708477.0
09/05/2017,16:00,21.89,22.0,21.54,21.7,5335209.0
09/06/2017,16:00,21.81,21.9,21.56,21.82,3806141.0
09/07/2017,16:00,21.78,21.92,21.42,21.65,3302059.0
09/08/2017,16:00,21.47,21.77,21.47,21.72,2904071.0
09/11/2017,16:00,21.94,22.1,21.6,21.64,2822189.0
09/12/2017,16:00,21.78,22.2,21.71,22.15,4373236.0
09/13/2017,16:00,21.98,22.2,21.76,21.96,4531856.0
09/14/2017,16:00,21.86,21.97,21.55,21.58,2983635.0
09/15/2017,16:00,21.6,21.98,21.57,21.96,3324327.0
09/18/2017,16:00,22.0,22.37,21.99,22.34,3045537.0
09/19/2017,16:00,22.41,22.42,22.01,22.08,2166081.0
09/20/2017,16:00,21.86,21.96,21.22,21.5,4935303.0
09/21/2017,16:00,21.2,21.65,21.01,21.38,3352039.0
09/22/2017,16:00,21.26,21.78,21.26,21.57,2165675.0
09/25/2017,16:00,21.4,21.49,20.86,21.11,3408699.0
09/26/2017,16:00,21.15,21.65,21.12,21.49,3191962.0
09/27/2017,16:00,21.71,22.35,21.65,22.14,3440001.0
09/28/2017,16:00,22.12,22.22,21.98,22.07,3426513.0
09/29/2017,16:00,22.05,22.24,21.85,21.97,2318200.0
10/02/2017,16:00,21.99,22.57,21.99,22.56,2186865.0
10/03/2017,16:00,22.59,22.63,22.16,22.26,2479744.0
10/04/2017,16:00,22.22,22.31,21.97,22.1,2481281.0
10/05/2017,16:00,22.17,22.34,22.08,22.22,2197463.0
10/06/2017,16:00,22.11,22.36,22.11,22.21,1782954.0
10/09/2017,16:00,22.22,22.37,21.78,22.04,1995346.0
10/10/2017,16:00,22.14,22.2,21.67,21.74,2202765.0
10/11/2017,16:00,21.65,21.88,21.51,21.6,2606335.0
10/12/2017,16:00,21.4,22.1,21.13,21.77,2847193.0
10/13/2017,16:00,21.72,21.89,21.58,21.87,1466712.0
10/16/2017,16:00,21.83,21.84,21.12,21.29,4014913.0
10/17/2017,16:00,21.32,21.47,21.12,21.25,4310753.0
10/18/2017,16:00,21.47,21.58,21.27,21.42,2094088.0
10/19/2017,16:00,21.1,21.73,21.1,21.41,2116151.0
10/20/2017,16:00,21.65,22.04,21.45,21.94,2310795.0
10/23/2017,16:00,21.94,22.13,21.82,22.05,2076264.0
10/24/2017,16:00,22.1,22.37,22.05,22.16,2567969.0
10/25/2017,16:00,21.98,22.17,21.66,21.85,2887990.0
10/26/2017,16:00,21.47,21.59,21.14,21.23,3339201.0
10/27/2017,16:00,21.41,21.5,20.89,20.93,4844913.0
10/30/2017,16:00,20.84,21.0,20.29,20.81,2845823.0
10/31/2017,16:00,20.96,21.43,20.91,21.27,2837504.0
11/01/2017,16:00,21.51,21.51,20.86,20.88,2084490.0
11/02/2017,16:00,20.63,20.63,19.52,19.76,7175856.0
11/03/2017,16:00,19.94,20.22,19.76,20.14,2852303.0
11/06/2017,16:00,20.3,20.72,20.19,20.4,1650187.0
11/07/2017,16:00,20.19,20.35,19.91,19.96,2477943.0
11/09/2017,16:00,20.03,20.31,19.48,19.57,5148507.0
11/10/2017,16:00,19.65,20.11,19.61,19.94,2764383.0
11/13/2017,16:00,19.76,19.95,19.63,19.69,3649655.0
11/14/2017,16:00,19.74,19.93,19.61,19.65,2299881.0
11/15/2017,16:00,19.5,19.99,19.40,19.84,3039271.0
11/16/2017,16:00,20.0,20.5,19.93,20.4,2948170.0
11/17/2017,16:00,20.36,20.48,20.18,20.21,2518953.0
11/20/2017,16:00,20.21,20.74,20.19,20.49,2051644.0
11/21/2017,16:00,20.55,20.8,20.44,20.52,2085215.0
11/22/2017,16:00,20.58,21.13,20.58,20.84,1598224.0
11/24/2017,16:00,20.79,21.08,20.79,20.98,676544.0
11/27/2017,16:00,21.61,21.93,21.25,21.48,3727523.0
11/28/2017,16:00,21.65,21.69,21.37,21.61,1819674.0
11/29/2017,16:00,21.61,21.7,21.18,21.36,3051852.0
11/30/2017,16:00,21.46,22.0,21.41,21.75,2649645.0
12/01/2017,16:00,21.53,21.8,21.14,21.73,2889903.0
12/04/2017,16:00,21.92,22.03,21.43,21.6,3234351.0
12/05/2017,16:00,21.31,21.76,21.01,21.44,3445476.0
12/06/2017,16:00,21.28,21.55,21.1,21.17,5116483.0
12/07/2017,16:00,21.75,21.81,19.99,20.76,15363718.0
12/08/2017,16:00,20.5,21.3,20.3,20.93,5960019.0
12/11/2017,16:00,20.96,21.8,20.96,21.77,4214823.0
12/12/2017,16:00,21.83,21.84,21.53,21.58,5583823.0
12/13/2017,16:00,21.58,21.87,21.46,21.5,3352857.0
12/14/2017,16:00,21.43,21.57,21.17,21.25,2349762.0
12/15/2017,16:00,21.36,21.54,21.24,21.33,3290323.0
12/18/2017,16:00,21.4,21.56,21.06,21.07,3324558.0
12/19/2017,16:00,21.01,21.35,20.95,21.07,3050445.0
12/20/2017,16:00,21.04,21.41,20.98,21.38,2231178.0
12/21/2017,16:00,21.24,21.71,21.15,21.62,2506611.0
12/22/2017,16:00,21.35,21.78,21.33,21.69,2040274.0
12/26/2017,16:00,21.63,21.86,21.49,21.69,2254285.0
12/27/2017,16:00,21.69,21.84,21.52,21.55,1357030.0
12/28/2017,16:00,21.56,21.63,21.16,21.39,2027189.0
12/29/2017,16:00,21.0,21.15,20.70,20.93,2736255.0
01/02/2018,16:00,21.06,21.25,20.98,21.22,1898005.0
01/03/2018,16:00,21.28,21.52,21.21,21.4,2005805.0
01/04/2018,16:00,21.65,22.02,21.62,21.78,3702699.0
01/05/2018,16:00,21.92,21.94,21.52,21.54,2941922.0
01/08/2018,16:00,21.6,22.32,21.42,22.17,2816739.0
01/09/2018,16:00,22.28,22.28,21.90,21.93,2281738.0
01/10/2018,16:00,21.86,21.92,21.64,21.67,1448889.0
01/11/2018,16:00,21.81,21.94,21.69,21.88,1992364.0
01/12/2018,16:00,21.96,22.08,21.79,21.94,1866164.0
01/16/2018,16:00,22.66,22.93,22.48,22.56,3656263.0
01/17/2018,16:00,22.57,22.99,22.37,22.87,2823071.0
01/18/2018,16:00,22.88,22.88,21.98,22.04,4267948.0
01/19/2018,16:00,22.11,22.19,21.8,21.85,3169077.0
01/22/2018,16:00,21.8,22.12,21.5,22.12,3627267.0
01/23/2018,16:00,22.19,22.44,21.95,22.01,1381850.0
01/24/2018,16:00,22.05,22.1,21.43,21.58,2723187.0
01/25/2018,16:00,21.66,21.76,21.14,21.27,2075266.0
01/26/2018,16:00,21.35,21.59,21.26,21.42,1041672.0
01/29/2018,16:00,21.4,21.58,21.27,21.28,1692909.0
01/30/2018,16:00,21.17,21.45,21.15,21.35,2015067.0
01/31/2018,16:00,21.36,21.5,21.23,21.28,1497455.0
02/01/2018,16:00,21.35,21.98,21.3,21.91,2603032.0
02/02/2018,16:00,21.82,22.33,21.78,22.07,3194849.0
02/05/2018,16:00,21.78,21.97,21.04,21.04,4102539.0
02/06/2018,16:00,20.98,22.78,20.71,22.7,6760382.0
02/07/2018,16:00,22.76,23.2,22.03,22.29,4308022.0
02/08/2018,16:00,22.83,23.19,22.33,22.34,4019660.0
02/09/2018,16:00,22.51,22.62,21.8,22.25,4120901.0
02/12/2018,16:00,22.47,22.62,21.96,22.39,2310464.0
02/13/2018,16:00,22.16,22.69,22.16,22.67,2676578.0
02/14/2018,16:00,22.48,23.31,22.43,23.2,5462926.0
02/15/2018,16:00,23.35,23.4,22.68,23.17,3092024.0
02/16/2018,16:00,23.12,23.45,23.04,23.23,2604258.0
02/20/2018,16:00,23.08,23.37,23.01,23.04,3003670.0
02/21/2018,16:00,23.1,23.59,23.05,23.16,2481715.0
02/22/2018,16:00,23.22,23.37,22.94,23.0,1666572.0
02/23/2018,16:00,23.15,23.34,22.94,23.34,2040418.0
02/26/2018,16:00,23.5,23.73,23.41,23.7,2406507.0
02/27/2018,16:00,23.74,24.0,23.5,23.65,2926417.0
02/28/2018,16:00,23.72,23.77,22.96,23.17,2890159.0
03/01/2018,16:00,23.29,23.62,22.99,23.32,1972764.0
03/02/2018,16:00,23.0,23.59,22.97,23.49,2592579.0
03/05/2018,16:00,23.4,23.72,23.26,23.36,7477901.0
03/06/2018,16:00,24.7,26.35,24.59,25.71,17807382.0
03/07/2018,16:00,25.61,26.63,25.6,26.44,7782870.0
03/08/2018,16:00,26.55,26.77,26.05,26.55,5808452.0
03/09/2018,16:00,26.56,27.22,26.56,27.05,5150515.0
03/12/2018,16:00,27.25,27.5,26.86,27.13,3761806.0
03/13/2018,16:00,27.25,27.73,27.21,27.49,5193534.0
03/14/2018,16:00,27.52,27.65,26.87,26.94,3566985.0
03/15/2018,16:00,26.98,27.3,26.86,27.27,2135953.0
03/16/2018,16:00,27.3,27.36,27.04,27.2,3638939.0
03/19/2018,16:00,26.97,27.1,26.4,26.69,3002963.0
03/20/2018,16:00,26.74,26.88,26.39,26.6,2783138.0
03/21/2018,16:00,26.53,26.74,26.4,26.57,3317733.0
03/22/2018,16:00,26.3,26.5,26.02,26.02,2368103.0
03/23/2018,16:00,26.0,26.13,25.5,25.5,1984872.0
03/26/2018,16:00,25.83,25.9,25.43,25.62,2574114.0
03/27/2018,16:00,26.21,26.4,25.76,25.85,3854391.0
