Date,Time,Open,High,Low,Close,Vol
12/07/1989,16:00,3.48,3.49,3.40,3.44,1550400.0
12/08/1989,16:00,3.40,3.40,3.37,3.38,3147600.0
12/11/1989,16:00,3.39,3.39,3.24,3.26,3522000.0
12/12/1989,16:00,3.23,3.24,3.06,3.19,8536800.0
12/13/1989,16:00,3.19,3.28,3.19,3.22,3883200.0
12/14/1989,16:00,3.17,3.19,3.07,3.16,4324800.0
12/15/1989,16:00,3.22,3.22,3.05,3.08,4028400.0
12/18/1989,16:00,3.10,3.14,2.94,3.02,4743600.0
12/19/1989,16:00,3.00,3.07,2.96,2.98,4917600.0
12/20/1989,16:00,2.99,3.04,2.96,3.04,2875200.0
12/21/1989,16:00,3.06,3.22,3.03,3.19,4282800.0
12/22/1989,16:00,3.19,3.22,3.17,3.20,854400.0
12/26/1989,16:00,3.24,3.28,3.23,3.27,868800.0
12/27/1989,16:00,3.29,3.38,3.29,3.38,4851600.0
12/28/1989,16:00,3.38,3.40,3.37,3.38,5246400.0
12/29/1989,16:00,3.39,3.46,3.35,3.42,3492000.0
01/02/1990,16:00,3.42,3.46,3.37,3.46,3856800.0
01/03/1990,16:00,3.47,3.49,3.35,3.36,4083600.0
01/04/1990,16:00,3.32,3.33,3.25,3.30,5923200.0
01/05/1990,16:00,3.28,3.31,3.23,3.26,3644400.0
01/08/1990,16:00,3.26,3.38,3.24,3.35,2162400.0
01/09/1990,16:00,3.40,3.40,3.31,3.33,3871200.0
01/10/1990,16:00,3.30,3.34,3.28,3.32,3364800.0
01/11/1990,16:00,3.33,3.38,3.31,3.35,1318800.0
01/12/1990,16:00,3.32,3.33,3.26,3.28,2371200.0
01/15/1990,16:00,3.26,3.28,3.10,3.12,2976000.0
01/16/1990,16:00,3.06,3.26,3.03,3.25,3129600.0
01/17/1990,16:00,3.29,3.29,3.17,3.18,2325600.0
01/18/1990,16:00,3.15,3.24,3.12,3.22,1405200.0
01/19/1990,16:00,3.26,3.26,3.15,3.19,3654000.0
01/22/1990,16:00,3.15,3.17,3.08,3.08,3798000.0
01/23/1990,16:00,3.14,3.14,3.00,3.12,3706800.0
01/24/1990,16:00,3.08,3.10,2.94,3.10,5307600.0
01/25/1990,16:00,3.12,3.15,3.03,3.10,3081600.0
01/26/1990,16:00,3.08,3.21,3.08,3.12,3234000.0
01/29/1990,16:00,3.15,3.17,2.89,2.92,4767600.0
01/30/1990,16:00,2.91,2.92,2.62,2.82,12248400.0
01/31/1990,16:00,2.85,2.90,2.76,2.78,8576400.0
02/01/1990,16:00,2.78,2.92,2.62,2.92,10586400.0
02/02/1990,16:00,2.89,3.00,2.84,2.87,4591200.0
02/05/1990,16:00,2.83,2.87,2.73,2.80,3498000.0
02/06/1990,16:00,2.80,2.89,2.78,2.85,2766000.0
02/07/1990,16:00,2.84,2.91,2.78,2.84,3208800.0
02/08/1990,16:00,2.84,2.89,2.82,2.82,1492800.0
02/09/1990,16:00,2.89,3.01,2.84,2.98,4108800.0
02/12/1990,16:00,2.98,3.01,2.94,2.96,2822400.0
02/13/1990,16:00,2.99,3.06,2.94,3.05,4960800.0
02/14/1990,16:00,3.06,3.08,2.99,3.06,3714000.0
02/15/1990,16:00,2.98,3.06,2.97,3.06,5869200.0
02/16/1990,16:00,3.10,3.16,2.96,3.02,4975200.0
02/20/1990,16:00,2.92,3.00,2.91,2.98,2911200.0
02/21/1990,16:00,2.94,3.08,2.92,3.08,2292000.0
02/22/1990,16:00,3.08,3.13,3.06,3.06,2560800.0
02/23/1990,16:00,3.02,3.05,2.96,3.02,2882400.0
02/26/1990,16:00,3.01,3.03,2.89,2.98,2740800.0
02/27/1990,16:00,3.02,3.03,2.94,3.02,2062800.0
02/28/1990,16:00,3.03,3.10,2.99,3.04,3055200.0
03/01/1990,16:00,3.01,3.10,2.97,3.06,1686000.0
03/02/1990,16:00,3.08,3.14,3.07,3.12,2835600.0
03/05/1990,16:00,3.12,3.14,3.08,3.10,1784400.0
03/06/1990,16:00,3.10,3.22,3.10,3.19,2638800.0
03/07/1990,16:00,3.24,3.26,3.19,3.22,3020400.0
03/08/1990,16:00,3.26,3.26,3.21,3.24,3578400.0
03/09/1990,16:00,3.25,3.25,3.14,3.17,3504000.0
03/12/1990,16:00,3.14,3.30,3.12,3.30,4473600.0
03/13/1990,16:00,3.28,3.31,3.17,3.22,2740800.0
03/14/1990,16:00,3.26,3.28,3.17,3.28,1719600.0
03/15/1990,16:00,3.26,3.32,3.24,3.28,3980400.0
03/16/1990,16:00,3.29,3.40,3.28,3.38,3744000.0
03/19/1990,16:00,3.37,3.48,3.30,3.47,2710800.0
03/20/1990,16:00,3.47,3.49,3.38,3.40,2250000.0
03/21/1990,16:00,3.39,3.44,3.38,3.41,918000.0
03/22/1990,16:00,3.42,3.45,3.33,3.35,2476800.0
03/23/1990,16:00,3.39,3.40,3.26,3.32,2794800.0
03/26/1990,16:00,3.31,3.36,3.29,3.35,1507200.0
03/27/1990,16:00,3.33,3.35,3.31,3.35,1447200.0
03/28/1990,16:00,3.35,3.35,3.31,3.35,656400.0
03/29/1990,16:00,3.35,3.35,3.25,3.30,2325600.0
03/30/1990,16:00,3.28,3.28,3.21,3.23,3426000.0
04/02/1990,16:00,3.21,3.26,3.15,3.24,2601600.0
04/03/1990,16:00,3.27,3.34,3.26,3.33,2985600.0
04/04/1990,16:00,3.33,3.33,3.24,3.24,3402000.0
04/05/1990,16:00,3.28,3.28,3.24,3.28,1867200.0
04/06/1990,16:00,3.27,3.38,3.26,3.35,3372000.0
04/09/1990,16:00,3.35,3.40,3.33,3.38,939600.0
04/10/1990,16:00,3.40,3.46,3.37,3.44,2724000.0
04/11/1990,16:00,3.43,3.49,3.42,3.47,3796800.0
04/12/1990,16:00,3.49,3.62,3.48,3.58,3888000.0
04/16/1990,16:00,3.60,3.61,3.53,3.53,1144800.0
04/17/1990,16:00,3.53,3.56,3.49,3.56,2446800.0
04/18/1990,16:00,3.57,3.69,3.46,3.60,6440400.0
04/19/1990,16:00,3.61,3.70,3.59,3.65,4420800.0
04/20/1990,16:00,3.68,3.70,3.58,3.63,3848400.0
04/23/1990,16:00,3.62,3.63,3.53,3.56,2122800.0
04/24/1990,16:00,3.58,3.62,3.56,3.58,2702400.0
04/25/1990,16:00,3.56,3.68,3.56,3.67,3246000.0
04/26/1990,16:00,3.65,3.69,3.57,3.60,2205600.0
04/27/1990,16:00,3.58,3.61,3.53,3.53,2509200.0
04/30/1990,16:00,3.56,3.56,3.47,3.54,2880000.0
05/01/1990,16:00,3.61,3.76,3.58,3.69,678198.0
05/02/1990,16:00,3.72,3.83,3.65,3.70,1794000.0
05/03/1990,16:00,3.72,3.76,3.65,3.72,1435200.0
05/04/1990,16:00,3.73,3.76,3.65,3.76,1957602.0
05/07/1990,16:00,3.76,3.94,3.69,3.90,1740402.0
05/08/1990,16:00,3.93,3.97,3.86,3.93,1319202.0
05/09/1990,16:00,3.94,4.01,3.87,3.90,2556000.0
05/10/1990,16:00,3.93,4.00,3.90,3.93,1714002.0
05/11/1990,16:00,3.94,4.08,3.90,4.04,1728000.0
05/14/1990,16:00,4.04,4.22,4.01,4.01,4352802.0
05/15/1990,16:00,3.97,4.07,3.93,4.07,2121600.0
05/16/1990,16:00,4.00,4.07,3.97,4.07,3057600.0
05/17/1990,16:00,4.07,4.25,4.04,4.21,2566800.0
05/18/1990,16:00,4.25,4.33,4.15,4.29,1742400.0
05/21/1990,16:00,4.32,4.39,4.25,4.36,2329200.0
05/22/1990,16:00,4.40,4.57,4.36,4.57,4093200.0
05/23/1990,16:00,4.57,4.59,4.39,4.51,3038400.0
05/24/1990,16:00,4.54,4.68,4.50,4.59,3018402.0
05/25/1990,16:00,4.57,4.57,4.47,4.57,2056800.0
05/29/1990,16:00,4.54,4.61,4.50,4.57,1841202.0
05/30/1990,16:00,4.57,4.61,4.32,4.43,2622402.0
05/31/1990,16:00,4.47,4.57,4.43,4.57,2356002.0
06/01/1990,16:00,4.58,4.76,4.54,4.65,2348400.0
06/04/1990,16:00,4.64,4.68,4.50,4.68,1479600.0
06/05/1990,16:00,4.68,4.75,4.57,4.57,1754802.0
06/06/1990,16:00,4.61,4.72,4.58,4.61,1042800.0
06/07/1990,16:00,4.64,4.68,4.50,4.57,1002000.0
06/08/1990,16:00,4.54,4.61,4.36,4.39,1577202.0
06/11/1990,16:00,4.40,4.65,4.40,4.65,2550402.0
06/12/1990,16:00,4.61,4.79,4.61,4.75,1855200.0
06/13/1990,16:00,4.75,4.79,4.58,4.61,1208400.0
06/14/1990,16:00,4.61,4.65,4.40,4.47,1786800.0
06/15/1990,16:00,4.46,4.71,4.46,4.68,2396400.0
06/18/1990,16:00,4.61,4.65,4.47,4.47,3102402.0
06/19/1990,16:00,4.47,4.50,4.36,4.43,3596802.0
06/20/1990,16:00,4.43,4.47,4.36,4.43,1367202.0
06/21/1990,16:00,4.43,4.47,4.36,4.41,1194000.0
06/22/1990,16:00,4.50,4.68,4.46,4.54,2658000.0
06/25/1990,16:00,4.54,4.57,4.36,4.43,1579602.0
06/26/1990,16:00,4.50,4.61,4.45,4.57,1481202.0
06/27/1990,16:00,4.58,4.65,4.54,4.65,1141602.0
06/28/1990,16:00,4.68,4.75,4.61,4.71,1853202.0
06/29/1990,16:00,4.75,4.93,4.75,4.89,2138802.0
07/02/1990,16:00,4.89,4.93,4.82,4.86,1924800.0
07/03/1990,16:00,4.89,4.89,4.82,4.89,724002.0
07/05/1990,16:00,4.85,4.87,4.75,4.82,1361202.0
07/06/1990,16:00,4.86,4.96,4.82,4.89,931200.0
07/09/1990,16:00,4.89,5.03,4.89,5.00,1233600.0
07/10/1990,16:00,5.00,5.00,4.79,4.79,2149200.0
07/11/1990,16:00,4.75,4.79,4.57,4.75,3506802.0
07/12/1990,16:00,4.82,5.03,4.78,4.96,2753202.0
07/13/1990,16:00,4.93,5.04,4.86,4.89,1720002.0
07/16/1990,16:00,4.85,4.96,4.75,4.96,982002.0
07/17/1990,16:00,4.96,5.03,4.75,4.82,2485602.0
07/18/1990,16:00,4.78,5.00,4.78,4.96,2126400.0
07/19/1990,16:00,4.83,4.96,4.75,4.94,3116400.0
07/20/1990,16:00,4.93,5.04,4.89,4.89,1456800.0
07/23/1990,16:00,4.82,4.85,4.68,4.82,2376402.0
07/24/1990,16:00,4.82,4.93,4.41,4.61,3804402.0
07/25/1990,16:00,4.61,4.76,4.61,4.65,1873200.0
07/26/1990,16:00,4.65,4.72,4.58,4.65,1806000.0
07/27/1990,16:00,4.65,4.65,4.36,4.47,1432800.0
07/30/1990,16:00,4.40,4.47,4.33,4.47,3059202.0
07/31/1990,16:00,4.43,4.64,4.43,4.57,2501202.0
08/01/1990,16:00,4.54,4.65,4.43,4.47,1970400.0
08/02/1990,16:00,4.43,4.47,4.29,4.43,2299602.0
08/03/1990,16:00,4.36,4.36,3.90,4.11,8274402.0
08/06/1990,16:00,3.93,4.11,3.74,3.77,9168000.0
08/07/1990,16:00,3.83,4.15,3.83,4.11,7890402.0
08/08/1990,16:00,4.11,4.19,4.01,4.19,4447602.0
08/09/1990,16:00,4.18,4.50,4.15,4.39,2865600.0
08/10/1990,16:00,4.39,4.39,4.11,4.21,3885600.0
08/13/1990,16:00,4.18,4.39,4.04,4.39,3104802.0
08/14/1990,16:00,4.40,4.47,4.29,4.45,2641602.0
08/15/1990,16:00,4.50,4.54,4.33,4.45,2065602.0
08/16/1990,16:00,4.39,4.43,4.11,4.11,4418400.0
08/17/1990,16:00,4.08,4.36,3.97,4.29,3174402.0
08/20/1990,16:00,4.29,4.33,4.08,4.15,2179602.0
08/21/1990,16:00,4.00,4.18,3.93,4.11,5186400.0
08/22/1990,16:00,4.15,4.22,4.04,4.04,1670802.0
08/23/1990,16:00,3.90,4.15,3.79,4.01,5568000.0
08/24/1990,16:00,4.11,4.18,3.93,4.11,3620802.0
08/27/1990,16:00,4.22,4.40,4.22,4.29,2687202.0
08/28/1990,16:00,4.33,4.51,4.29,4.49,2202402.0
08/29/1990,16:00,4.47,4.57,4.29,4.29,2008800.0
08/30/1990,16:00,4.33,4.36,4.11,4.15,3710400.0
08/31/1990,16:00,4.11,4.22,4.04,4.15,1894002.0
09/04/1990,16:00,4.11,4.36,4.07,4.36,1351602.0
09/05/1990,16:00,4.39,4.50,4.36,4.39,1981200.0
09/06/1990,16:00,4.39,4.39,4.18,4.25,1814802.0
09/07/1990,16:00,4.26,4.40,4.22,4.33,1266402.0
09/10/1990,16:00,4.43,4.47,4.29,4.33,1850802.0
09/11/1990,16:00,4.36,4.40,4.22,4.29,1458402.0
09/12/1990,16:00,4.40,4.40,4.22,4.33,1716000.0
09/13/1990,16:00,4.32,4.36,4.25,4.36,1776402.0
09/14/1990,16:00,4.31,4.33,4.26,4.33,2574000.0
09/17/1990,16:00,4.33,4.40,4.26,4.33,1046400.0
09/18/1990,16:00,4.25,4.39,4.22,4.39,1505202.0
09/19/1990,16:00,4.36,4.43,4.25,4.36,1717602.0
09/20/1990,16:00,4.36,4.45,4.22,4.25,2816802.0
09/21/1990,16:00,4.25,4.29,4.00,4.09,5328000.0
09/24/1990,16:00,4.04,4.11,3.93,4.07,3266400.0
09/25/1990,16:00,4.11,4.18,4.01,4.01,1496400.0
09/26/1990,16:00,4.08,4.08,3.87,3.90,2915202.0
09/27/1990,16:00,3.90,3.97,3.51,3.79,6486402.0
09/28/1990,16:00,3.65,4.08,3.65,4.01,3472800.0
10/01/1990,16:00,4.11,4.19,3.97,4.19,4322802.0
10/02/1990,16:00,4.29,4.39,4.18,4.21,3880800.0
10/03/1990,16:00,4.11,4.21,3.97,4.07,4164402.0
10/04/1990,16:00,4.04,4.15,3.97,4.11,1970400.0
10/05/1990,16:00,3.97,4.11,3.90,3.97,3871200.0
10/08/1990,16:00,4.04,4.08,3.69,3.90,4674402.0
10/09/1990,16:00,3.90,3.97,3.72,3.79,2748402.0
10/10/1990,16:00,3.69,3.84,3.69,3.69,4500402.0
10/11/1990,16:00,3.79,3.79,3.47,3.72,4531602.0
10/12/1990,16:00,3.68,3.83,3.51,3.79,5310000.0
10/15/1990,16:00,3.90,3.93,3.70,3.79,3399600.0
10/16/1990,16:00,3.83,3.83,3.76,3.76,2485200.0
10/17/1990,16:00,3.76,4.01,3.72,3.99,4030800.0
10/18/1990,16:00,3.97,4.18,3.93,4.07,5844402.0
10/19/1990,16:00,4.05,4.19,4.01,4.06,3582402.0
10/22/1990,16:00,4.08,4.29,4.01,4.19,1504002.0
10/23/1990,16:00,4.12,4.29,4.04,4.21,1579200.0
10/24/1990,16:00,4.18,4.32,4.11,4.21,908802.0
10/25/1990,16:00,4.18,4.25,4.04,4.11,988800.0
10/26/1990,16:00,4.04,4.25,4.04,4.09,1090800.0
10/29/1990,16:00,4.12,4.19,3.97,4.04,1644402.0
10/30/1990,16:00,4.07,4.14,4.00,4.07,1720002.0
10/31/1990,16:00,4.11,4.18,3.86,3.97,2103600.0
11/01/1990,16:00,3.90,4.11,3.86,4.09,1628400.0
11/02/1990,16:00,4.07,4.21,4.07,4.21,2114802.0
11/05/1990,16:00,4.22,4.36,4.22,4.25,3126000.0
11/06/1990,16:00,4.25,4.29,4.00,4.07,1229202.0
11/07/1990,16:00,4.08,4.08,3.97,3.97,2912802.0
11/08/1990,16:00,3.94,4.22,3.83,4.15,4069602.0
11/09/1990,16:00,4.15,4.40,4.15,4.33,3488400.0
11/12/1990,16:00,4.40,4.47,4.33,4.47,2185602.0
11/13/1990,16:00,4.47,4.61,4.40,4.51,3138402.0
11/14/1990,16:00,4.50,4.68,4.43,4.61,1822800.0
11/15/1990,16:00,4.61,4.75,4.36,4.43,3079200.0
11/16/1990,16:00,4.40,4.50,4.36,4.41,2534400.0
11/19/1990,16:00,4.47,4.65,4.40,4.61,1732002.0
11/20/1990,16:00,4.61,4.64,4.40,4.43,1743600.0
11/21/1990,16:00,4.39,4.54,4.36,4.54,1446402.0
11/23/1990,16:00,4.54,4.54,4.47,4.47,139602.0
11/26/1990,16:00,4.43,4.75,4.40,4.71,2565600.0
11/27/1990,16:00,4.75,4.79,4.54,4.71,2832402.0
11/28/1990,16:00,4.64,4.82,4.64,4.73,1724400.0
11/29/1990,16:00,4.68,4.85,4.64,4.82,1637202.0
11/30/1990,16:00,4.75,5.00,4.68,4.96,3263202.0
12/03/1990,16:00,4.97,5.00,4.90,4.93,2026800.0
12/04/1990,16:00,4.93,4.93,4.83,4.93,2089200.0
12/05/1990,16:00,4.92,5.00,4.78,4.96,2167602.0
12/06/1990,16:00,4.96,5.14,4.92,5.10,3386400.0
12/07/1990,16:00,5.07,5.18,5.00,5.07,2734002.0
12/10/1990,16:00,5.04,5.18,5.00,5.09,1505202.0
12/11/1990,16:00,5.10,5.10,5.00,5.00,671202.0
12/12/1990,16:00,5.00,5.14,4.84,4.89,2527602.0
12/13/1990,16:00,4.85,4.96,4.85,4.96,1615200.0
12/14/1990,16:00,4.96,5.03,4.89,4.96,1030800.0
12/17/1990,16:00,4.92,4.92,4.78,4.82,1526802.0
12/18/1990,16:00,4.82,4.97,4.82,4.91,2740002.0
12/19/1990,16:00,4.89,4.96,4.86,4.88,1341600.0
12/20/1990,16:00,4.86,4.97,4.83,4.93,1783602.0
12/21/1990,16:00,5.00,5.11,4.95,5.02,3272802.0
12/24/1990,16:00,5.00,5.07,4.93,4.93,692802.0
12/26/1990,16:00,5.00,5.04,4.89,4.89,291600.0
12/27/1990,16:00,4.89,4.92,4.82,4.82,1027602.0
12/28/1990,16:00,4.82,4.93,4.79,4.89,1020402.0
12/31/1990,16:00,4.89,4.93,4.82,4.89,582000.0
01/02/1991,16:00,4.86,4.93,4.82,4.89,1966800.0
01/03/1991,16:00,4.86,4.93,4.61,4.70,2789202.0
01/04/1991,16:00,4.71,4.79,4.57,4.57,3615600.0
01/07/1991,16:00,4.54,4.57,4.39,4.39,2520000.0
01/08/1991,16:00,4.47,4.50,4.29,4.47,3038802.0
01/09/1991,16:00,4.53,4.60,4.36,4.36,2689602.0
01/10/1991,16:00,4.40,4.50,4.40,4.47,1542000.0
01/11/1991,16:00,4.43,4.61,4.43,4.57,1559202.0
01/14/1991,16:00,4.50,4.57,4.43,4.57,1888800.0
01/15/1991,16:00,4.50,4.61,4.43,4.47,865200.0
01/16/1991,16:00,4.50,4.85,4.50,4.80,2462400.0
01/17/1991,16:00,5.07,5.10,4.86,5.00,3188400.0
01/18/1991,16:00,4.91,5.11,4.90,5.07,2747202.0
01/21/1991,16:00,5.00,5.14,4.27,5.10,1800402.0
01/22/1991,16:00,5.14,5.14,4.90,4.93,1548000.0
01/23/1991,16:00,4.84,5.19,4.82,5.14,2455602.0
01/24/1991,16:00,5.21,5.32,5.11,5.21,2342802.0
01/25/1991,16:00,5.25,5.42,5.21,5.42,2268402.0
01/28/1991,16:00,5.43,5.50,5.36,5.36,1531602.0
01/29/1991,16:00,5.39,5.46,5.25,5.42,1994802.0
01/30/1991,16:00,5.46,5.60,5.39,5.50,1760802.0
01/31/1991,16:00,5.56,5.56,5.46,5.56,1500402.0
02/01/1991,16:00,5.53,5.64,5.42,5.56,1622400.0
02/04/1991,16:00,5.60,5.82,5.57,5.78,2077200.0
02/05/1991,16:00,5.78,6.17,5.78,6.06,3333600.0
02/06/1991,16:00,6.10,6.10,5.93,5.96,2487600.0
02/07/1991,16:00,5.96,5.99,5.74,5.91,3486402.0
02/08/1991,16:00,5.92,6.13,5.88,5.99,2092800.0
02/11/1991,16:00,6.00,6.00,5.82,5.98,2041602.0
02/12/1991,16:00,6.00,6.17,5.92,6.10,1790802.0
02/13/1991,16:00,6.10,6.42,6.03,6.24,6615600.0
02/14/1991,16:00,6.20,6.24,6.10,6.13,3302802.0
02/15/1991,16:00,6.17,6.24,5.87,5.89,5153202.0
02/19/1991,16:00,5.85,6.17,5.85,6.06,2629200.0
02/20/1991,16:00,6.06,6.17,5.99,6.03,2508402.0
02/21/1991,16:00,6.13,6.31,6.10,6.17,2208402.0
02/22/1991,16:00,6.14,6.35,6.10,6.22,1855602.0
02/25/1991,16:00,6.32,6.46,6.28,6.42,2349600.0
02/26/1991,16:00,6.38,6.41,6.24,6.27,3721200.0
02/27/1991,16:00,6.24,6.42,6.24,6.35,2085600.0
02/28/1991,16:00,6.38,6.45,6.31,6.35,2103600.0
03/01/1991,16:00,6.38,6.52,6.28,6.49,1010400.0
03/04/1991,16:00,6.49,6.56,6.42,6.45,1924002.0
03/05/1991,16:00,6.53,6.74,6.49,6.67,2245602.0
03/06/1991,16:00,6.81,6.95,6.77,6.88,3132402.0
03/07/1991,16:00,6.92,7.02,6.85,6.95,1744002.0
03/08/1991,16:00,6.99,7.10,6.92,6.99,3048402.0
03/11/1991,16:00,6.99,6.99,6.45,6.49,2342400.0
03/12/1991,16:00,6.49,6.66,6.42,6.47,4411200.0
03/13/1991,16:00,6.49,6.77,6.35,6.77,2175600.0
03/14/1991,16:00,6.78,6.95,6.42,6.53,3549600.0
03/15/1991,16:00,6.60,6.60,6.30,6.39,3376800.0
03/18/1991,16:00,6.35,6.49,6.35,6.47,2648400.0
03/19/1991,16:00,6.42,6.49,6.31,6.37,2178000.0
03/20/1991,16:00,6.42,6.63,6.31,6.59,2364402.0
03/21/1991,16:00,6.74,6.74,6.42,6.47,2239200.0
03/22/1991,16:00,6.42,6.53,6.39,6.39,1172802.0
03/25/1991,16:00,6.45,6.49,6.24,6.37,2388000.0
03/26/1991,16:00,6.35,6.77,6.35,6.77,2922000.0
03/27/1991,16:00,6.81,7.02,6.70,6.90,2738802.0
03/28/1991,16:00,6.88,6.91,6.74,6.91,1955202.0
04/01/1991,16:00,6.81,6.88,6.66,6.73,706002.0
04/02/1991,16:00,6.77,6.91,6.49,6.91,2558802.0
04/03/1991,16:00,6.95,7.02,6.88,6.88,3888000.0
04/04/1991,16:00,6.95,7.02,6.88,6.99,3274800.0
04/05/1991,16:00,7.02,7.09,6.80,7.02,2964402.0
04/08/1991,16:00,6.95,7.17,6.95,7.13,1722000.0
04/09/1991,16:00,7.20,7.24,6.67,6.81,2169600.0
04/10/1991,16:00,6.81,6.91,6.56,6.73,1983600.0
04/11/1991,16:00,6.70,6.88,6.70,6.75,933600.0
04/12/1991,16:00,6.81,6.85,6.63,6.67,1083600.0
04/15/1991,16:00,6.67,6.70,6.56,6.63,1002402.0
04/16/1991,16:00,6.66,6.81,6.59,6.73,2366400.0
04/17/1991,16:00,6.85,6.95,6.60,6.67,2321202.0
04/18/1991,16:00,6.45,6.63,6.20,6.27,7850802.0
04/19/1991,16:00,6.06,6.20,5.78,6.05,16403202.0
04/22/1991,16:00,6.02,6.02,5.78,5.85,4887600.0
04/23/1991,16:00,5.95,6.20,5.88,6.15,8619600.0
04/24/1991,16:00,6.17,6.46,6.10,6.39,4164000.0
04/25/1991,16:00,6.31,6.34,5.95,6.13,2854002.0
04/26/1991,16:00,6.10,6.20,6.03,6.17,2218002.0
04/29/1991,16:00,6.20,6.20,5.85,5.89,4526802.0
04/30/1991,16:00,5.81,5.96,5.74,5.89,4333602.0
05/01/1991,16:00,5.85,6.14,5.78,6.10,4935600.0
05/02/1991,16:00,6.10,6.31,6.03,6.08,4590402.0
05/03/1991,16:00,6.06,6.06,5.88,5.99,2509602.0
05/06/1991,16:00,5.88,6.35,5.88,6.31,2569602.0
05/07/1991,16:00,6.42,6.49,6.14,6.24,3804402.0
05/08/1991,16:00,6.20,6.31,6.06,6.27,2311200.0
05/09/1991,16:00,6.27,6.38,6.24,6.31,2310402.0
05/10/1991,16:00,6.31,6.38,6.06,6.06,2104002.0
05/13/1991,16:00,6.17,6.24,6.10,6.19,937200.0
05/14/1991,16:00,6.17,6.28,6.10,6.21,1175202.0
05/15/1991,16:00,6.24,6.39,5.96,6.10,2419200.0
05/16/1991,16:00,6.10,6.14,5.89,5.92,2184402.0
05/17/1991,16:00,5.92,5.96,5.64,5.78,3728400.0
05/20/1991,16:00,5.78,6.03,5.67,6.03,2764002.0
05/21/1991,16:00,6.07,6.42,6.07,6.24,6134802.0
05/22/1991,16:00,6.21,6.44,6.21,6.39,3339600.0
05/23/1991,16:00,6.42,6.45,6.24,6.31,3293202.0
05/24/1991,16:00,6.42,6.42,6.24,6.29,2058000.0
05/28/1991,16:00,6.27,6.31,6.10,6.13,2155602.0
05/29/1991,16:00,6.15,6.27,6.15,6.27,1840002.0
05/30/1991,16:00,6.21,6.31,6.10,6.21,1967202.0
05/31/1991,16:00,6.20,6.27,6.17,6.27,2525202.0
06/03/1991,16:00,6.24,6.35,6.21,6.21,1716000.0
06/04/1991,16:00,6.21,6.24,6.10,6.21,1718400.0
06/05/1991,16:00,6.20,6.24,5.74,6.03,4069602.0
06/06/1991,16:00,6.03,6.03,5.88,6.03,2487600.0
06/07/1991,16:00,5.95,6.06,5.92,5.99,1936800.0
06/10/1991,16:00,5.99,6.10,5.89,5.89,1178802.0
06/11/1991,16:00,5.92,6.06,5.88,6.03,1294800.0
06/12/1991,16:00,6.03,6.03,5.85,5.89,3160002.0
06/13/1991,16:00,5.89,5.96,5.89,5.89,1457202.0
06/14/1991,16:00,5.96,5.98,5.85,5.94,1403202.0
06/17/1991,16:00,5.95,6.02,5.92,5.99,1258002.0
06/18/1991,16:00,5.99,6.10,5.92,5.99,2104800.0
06/19/1991,16:00,6.03,6.13,5.96,6.03,1099602.0
06/20/1991,16:00,6.10,6.24,6.03,6.17,2149602.0
06/21/1991,16:00,6.17,6.21,6.14,6.21,1535202.0
06/24/1991,16:00,6.14,6.21,5.78,5.78,2629602.0
06/25/1991,16:00,5.89,5.96,5.82,5.92,1859202.0
06/26/1991,16:00,5.89,5.99,5.85,5.89,2001600.0
06/27/1991,16:00,5.96,6.21,5.92,6.19,2143602.0
06/28/1991,16:00,6.20,6.20,5.99,6.17,1797600.0
07/01/1991,16:00,6.17,6.42,6.17,6.39,2762400.0
07/02/1991,16:00,6.46,6.49,6.31,6.39,1609602.0
07/03/1991,16:00,6.35,6.46,6.31,6.39,2131602.0
07/05/1991,16:00,6.42,6.42,6.35,6.39,388002.0
07/08/1991,16:00,6.31,6.38,6.31,6.31,1377600.0
07/09/1991,16:00,6.35,6.67,6.35,6.49,1945200.0
07/10/1991,16:00,6.60,6.85,6.56,6.81,3996000.0
07/11/1991,16:00,6.85,6.99,6.85,6.97,2735202.0
07/12/1991,16:00,6.98,7.05,6.88,7.02,2538000.0
07/15/1991,16:00,7.02,7.09,6.99,7.09,2180400.0
07/16/1991,16:00,7.08,7.10,6.81,6.83,3853200.0
07/17/1991,16:00,6.81,6.95,6.74,6.91,2248002.0
07/18/1991,16:00,6.95,7.03,6.81,6.85,6274800.0
07/19/1991,16:00,6.91,6.91,6.56,6.59,3558000.0
07/22/1991,16:00,6.64,6.64,6.46,6.56,2084802.0
07/23/1991,16:00,6.57,6.57,6.39,6.42,1607202.0
07/24/1991,16:00,6.42,6.49,6.42,6.49,2377200.0
07/25/1991,16:00,6.49,6.77,6.46,6.67,3534000.0
07/26/1991,16:00,6.74,6.77,6.60,6.67,700800.0
07/29/1991,16:00,6.60,6.88,6.60,6.81,1666800.0
07/30/1991,16:00,6.88,7.06,6.84,7.06,2385600.0
07/31/1991,16:00,7.02,7.23,6.98,7.20,4117200.0
08/01/1991,16:00,7.20,7.38,7.17,7.31,5070000.0
08/02/1991,16:00,7.31,7.41,7.24,7.26,3278400.0
08/05/1991,16:00,7.24,7.24,7.06,7.11,1930002.0
08/06/1991,16:00,7.10,7.13,6.92,7.13,3750402.0
08/07/1991,16:00,7.09,7.31,7.09,7.23,2047602.0
08/08/1991,16:00,7.23,7.41,7.23,7.38,3704802.0
08/09/1991,16:00,7.34,7.41,7.16,7.18,2456400.0
08/12/1991,16:00,7.20,7.31,7.06,7.31,1564002.0
08/13/1991,16:00,7.27,7.34,7.13,7.20,2354802.0
08/14/1991,16:00,7.20,7.20,6.98,7.06,2984802.0
08/15/1991,16:00,6.98,7.13,6.98,7.06,1519602.0
08/16/1991,16:00,7.09,7.09,6.88,7.06,1785600.0
08/19/1991,16:00,6.81,6.81,6.49,6.59,3890802.0
08/20/1991,16:00,6.74,6.92,6.67,6.81,2409600.0
08/21/1991,16:00,6.99,7.17,6.85,7.13,2052000.0
08/22/1991,16:00,7.20,7.20,6.99,7.15,1660002.0
08/23/1991,16:00,7.02,7.13,6.99,7.13,1216002.0
08/26/1991,16:00,7.09,7.16,7.02,7.09,854400.0
08/27/1991,16:00,7.06,7.13,6.99,7.09,1118400.0
08/28/1991,16:00,7.10,7.27,7.02,7.27,3632400.0
08/29/1991,16:00,7.23,7.45,7.23,7.38,2326002.0
08/30/1991,16:00,7.34,7.48,7.34,7.38,1362000.0
09/03/1991,16:00,7.38,7.45,7.38,7.38,930000.0
09/04/1991,16:00,7.38,7.45,7.24,7.27,1413600.0
09/05/1991,16:00,7.24,7.31,7.02,7.09,1748802.0
09/06/1991,16:00,7.09,7.23,7.05,7.16,842400.0
09/09/1991,16:00,7.16,7.23,7.02,7.04,1224402.0
09/10/1991,16:00,7.09,7.09,6.88,6.91,1543200.0
09/11/1991,16:00,6.95,7.02,6.95,6.99,1285602.0
09/12/1991,16:00,7.02,7.29,7.02,7.27,1538802.0
09/13/1991,16:00,7.27,7.37,7.16,7.20,1130400.0
09/16/1991,16:00,7.31,7.31,7.06,7.27,1094400.0
09/17/1991,16:00,7.24,7.45,7.24,7.45,1450800.0
09/18/1991,16:00,7.38,7.59,7.34,7.58,1436802.0
09/19/1991,16:00,7.59,7.81,7.56,7.59,3275202.0
09/20/1991,16:00,7.59,7.66,7.48,7.56,1362000.0
09/23/1991,16:00,7.55,7.59,7.52,7.52,643602.0
09/24/1991,16:00,7.59,7.66,7.52,7.64,634002.0
09/25/1991,16:00,7.62,7.69,7.52,7.62,1943202.0
09/26/1991,16:00,7.52,7.55,7.34,7.48,1325202.0
09/27/1991,16:00,7.56,7.56,7.02,7.11,3619602.0
09/30/1991,16:00,7.09,7.38,7.06,7.38,1231200.0
10/01/1991,16:00,7.41,7.56,7.38,7.56,1486002.0
10/02/1991,16:00,7.62,7.66,7.48,7.62,2416002.0
10/03/1991,16:00,7.52,7.66,7.34,7.36,2347602.0
10/04/1991,16:00,7.31,7.45,7.27,7.27,1507200.0
10/07/1991,16:00,7.23,7.27,7.13,7.23,1430400.0
10/08/1991,16:00,7.27,7.41,7.23,7.38,692802.0
10/09/1991,16:00,7.34,7.44,7.09,7.16,1939602.0
10/10/1991,16:00,7.23,7.23,6.91,7.07,3148002.0
10/11/1991,16:00,7.23,7.23,6.98,7.02,1617600.0
10/14/1991,16:00,7.06,7.27,7.02,7.23,1285200.0
10/15/1991,16:00,7.27,7.31,7.17,7.31,2626800.0
10/16/1991,16:00,7.37,7.52,7.27,7.48,3258000.0
10/17/1991,16:00,6.88,7.16,6.77,7.07,19453602.0
10/18/1991,16:00,7.09,7.16,7.02,7.02,2524800.0
10/21/1991,16:00,7.02,7.06,6.92,6.95,3271200.0
10/22/1991,16:00,7.02,7.06,6.84,6.91,3476802.0
10/23/1991,16:00,6.91,6.95,6.70,6.77,3308400.0
10/24/1991,16:00,6.64,6.67,6.35,6.42,9900402.0
10/25/1991,16:00,6.42,6.60,6.39,6.56,5085600.0
10/28/1991,16:00,6.56,6.95,6.52,6.91,3190800.0
10/29/1991,16:00,6.94,7.06,6.85,6.99,2822400.0
10/30/1991,16:00,6.95,6.99,6.71,6.85,2149200.0
10/31/1991,16:00,6.81,6.88,6.66,6.73,2924400.0
11/01/1991,16:00,6.74,6.81,6.60,6.67,2341602.0
11/04/1991,16:00,6.67,6.67,6.54,6.63,1636800.0
11/05/1991,16:00,6.64,6.64,6.49,6.56,1535202.0
11/06/1991,16:00,6.61,6.63,6.52,6.61,1991202.0
11/07/1991,16:00,6.60,6.67,6.49,6.53,2451600.0
11/08/1991,16:00,6.56,6.77,6.56,6.72,1638000.0
11/11/1991,16:00,6.72,6.95,6.70,6.91,2622000.0
11/12/1991,16:00,6.99,7.13,6.95,7.09,2693202.0
11/13/1991,16:00,7.02,7.13,6.95,7.04,2241600.0
11/14/1991,16:00,7.09,7.27,6.98,7.06,2942802.0
11/15/1991,16:00,6.99,7.03,6.67,6.71,3712800.0
11/18/1991,16:00,6.60,6.99,6.53,6.99,4114800.0
11/19/1991,16:00,6.92,6.92,6.49,6.71,4436802.0
11/20/1991,16:00,6.73,6.73,6.52,6.59,1828002.0
11/21/1991,16:00,6.63,6.74,6.56,6.67,1764402.0
11/22/1991,16:00,6.67,6.70,6.45,6.63,2156802.0
11/25/1991,16:00,6.63,6.74,6.51,6.53,1881600.0
11/26/1991,16:00,6.59,6.70,6.31,6.59,2226000.0
11/27/1991,16:00,6.59,6.81,6.52,6.73,3097200.0
11/29/1991,16:00,6.70,6.77,6.70,6.77,280002.0
12/02/1991,16:00,6.70,6.88,6.67,6.81,1675602.0
12/03/1991,16:00,6.88,6.91,6.74,6.91,1880802.0
12/04/1991,16:00,6.92,6.99,6.88,6.99,1318800.0
12/05/1991,16:00,6.91,7.09,6.91,6.91,1386402.0
12/06/1991,16:00,6.92,7.02,6.85,6.95,1603602.0
12/09/1991,16:00,6.95,6.99,6.92,6.95,747600.0
12/10/1991,16:00,6.91,6.99,6.74,6.79,1039602.0
12/11/1991,16:00,6.81,6.84,6.59,6.73,1647600.0
12/12/1991,16:00,6.78,7.06,6.74,7.01,1137600.0
12/13/1991,16:00,7.06,7.20,7.06,7.11,2447202.0
12/16/1991,16:00,7.09,7.20,7.06,7.06,1524402.0
12/17/1991,16:00,7.06,7.13,6.95,6.95,619602.0
12/18/1991,16:00,6.98,6.98,6.88,6.91,917202.0
12/19/1991,16:00,6.91,6.97,6.88,6.91,1936002.0
12/20/1991,16:00,6.95,7.13,6.88,7.06,2190000.0
12/23/1991,16:00,7.06,7.06,6.92,6.95,1863600.0
12/24/1991,16:00,7.05,7.09,6.95,7.02,1258002.0
12/26/1991,16:00,7.06,7.13,7.02,7.06,1846002.0
12/27/1991,16:00,7.13,7.27,7.06,7.23,2046402.0
12/30/1991,16:00,7.27,7.45,7.24,7.41,2069202.0
12/31/1991,16:00,7.45,7.88,7.38,7.88,4505202.0
01/02/1992,16:00,7.76,7.80,7.48,7.76,4066002.0
01/03/1992,16:00,7.73,7.84,7.62,7.80,3024000.0
01/06/1992,16:00,7.80,7.87,7.59,7.70,3333600.0
01/07/1992,16:00,7.59,7.67,7.33,7.45,3733200.0
01/08/1992,16:00,7.38,7.63,7.31,7.59,4881600.0
01/09/1992,16:00,7.56,7.73,7.52,7.56,2551602.0
01/10/1992,16:00,7.52,7.63,7.38,7.45,3212802.0
01/13/1992,16:00,7.38,7.41,7.31,7.38,1291200.0
01/14/1992,16:00,7.34,7.56,7.34,7.56,2496402.0
01/15/1992,16:00,7.59,7.84,7.54,7.80,3934002.0
01/16/1992,16:00,7.74,7.81,7.38,7.45,2702400.0
01/17/1992,16:00,7.52,7.52,7.08,7.13,4042002.0
01/20/1992,16:00,7.09,7.13,6.95,6.95,2668800.0
01/21/1992,16:00,6.99,6.99,6.60,6.71,5137602.0
01/22/1992,16:00,6.73,7.05,6.73,6.88,3690402.0
01/23/1992,16:00,6.95,7.09,6.84,6.91,2929200.0
01/24/1992,16:00,6.88,7.09,6.88,7.06,1502802.0
01/27/1992,16:00,6.99,7.06,6.77,6.81,1156800.0
01/28/1992,16:00,6.85,6.95,6.77,6.81,1875600.0
01/29/1992,16:00,6.81,6.84,6.42,6.49,5697600.0
01/30/1992,16:00,6.63,6.73,6.52,6.73,7159200.0
01/31/1992,16:00,6.73,6.88,6.66,6.88,3230802.0
02/03/1992,16:00,6.88,6.95,6.74,6.77,4368402.0
02/04/1992,16:00,6.77,6.95,6.77,6.91,5750400.0
02/05/1992,16:00,6.95,6.99,6.81,6.85,2894802.0
02/06/1992,16:00,6.92,6.95,6.77,6.81,4980402.0
02/07/1992,16:00,6.88,6.88,6.70,6.73,3046800.0
02/10/1992,16:00,6.77,6.77,6.63,6.67,1807602.0
02/11/1992,16:00,6.63,7.16,6.59,7.06,6215202.0
02/12/1992,16:00,7.10,7.20,7.06,7.13,3609600.0
02/13/1992,16:00,7.16,7.23,6.67,6.77,6061602.0
02/14/1992,16:00,6.66,6.81,6.66,6.73,2227200.0
02/18/1992,16:00,6.77,6.81,6.49,6.49,2748000.0
02/19/1992,16:00,6.56,6.78,6.53,6.71,3134802.0
02/20/1992,16:00,6.81,6.91,6.74,6.91,1241202.0
02/21/1992,16:00,6.92,6.92,6.60,6.67,1538400.0
02/24/1992,16:00,6.66,6.73,6.56,6.59,1890000.0
02/25/1992,16:00,6.63,6.63,6.45,6.45,2491602.0
02/26/1992,16:00,6.49,6.77,6.45,6.73,4093602.0
02/27/1992,16:00,6.71,6.74,6.56,6.56,2025600.0
02/28/1992,16:00,6.63,6.63,6.52,6.59,3868002.0
03/02/1992,16:00,6.59,6.59,6.42,6.45,2782002.0
03/03/1992,16:00,6.49,6.56,6.39,6.39,2591202.0
03/04/1992,16:00,6.46,6.56,6.38,6.53,3289602.0
03/05/1992,16:00,6.46,6.49,6.31,6.39,3516000.0
03/06/1992,16:00,6.34,6.41,6.02,6.15,6815202.0
03/09/1992,16:00,6.21,6.31,6.17,6.21,2305200.0
03/10/1992,16:00,6.21,6.42,6.21,6.37,3273600.0
03/11/1992,16:00,6.31,6.38,6.24,6.31,2428002.0
03/12/1992,16:00,6.31,6.59,6.27,6.59,4126800.0
03/13/1992,16:00,6.67,6.81,6.56,6.67,4124802.0
03/16/1992,16:00,6.73,6.77,6.63,6.72,1712400.0
03/17/1992,16:00,6.70,6.85,6.63,6.81,2582802.0
03/18/1992,16:00,6.84,6.88,6.66,6.73,2442000.0
03/19/1992,16:00,6.70,6.73,6.59,6.59,1924800.0
03/20/1992,16:00,6.67,6.70,6.60,6.63,2440800.0
03/23/1992,16:00,6.63,6.63,6.60,6.63,1112802.0
03/24/1992,16:00,6.63,6.67,6.60,6.63,1396800.0
03/25/1992,16:00,6.56,6.84,6.56,6.77,1861200.0
03/26/1992,16:00,6.84,6.84,6.70,6.73,1676400.0
03/27/1992,16:00,6.77,6.77,6.59,6.59,1148400.0
03/30/1992,16:00,6.60,6.70,6.52,6.63,2098800.0
03/31/1992,16:00,6.63,6.90,6.56,6.79,3794400.0
04/01/1992,16:00,6.70,6.74,6.60,6.67,1770000.0
04/02/1992,16:00,6.66,6.70,6.56,6.59,1645602.0
04/03/1992,16:00,6.63,6.63,6.45,6.59,2264400.0
04/06/1992,16:00,6.63,6.85,6.56,6.85,1772802.0
04/07/1992,16:00,6.90,6.90,6.54,6.61,2486400.0
04/08/1992,16:00,6.43,6.61,6.40,6.47,3997200.0
04/09/1992,16:00,6.47,6.93,6.47,6.84,3670002.0
04/10/1992,16:00,6.90,7.00,6.72,6.75,3396000.0
04/13/1992,16:00,6.78,7.03,6.73,6.96,1764000.0
04/14/1992,16:00,7.04,7.21,7.00,7.04,3626400.0
04/15/1992,16:00,7.11,7.11,6.90,6.93,2306802.0
04/16/1992,16:00,6.82,6.82,6.32,6.50,7728402.0
04/20/1992,16:00,6.46,6.52,6.18,6.36,5128800.0
04/21/1992,16:00,6.43,6.50,6.32,6.36,2858802.0
04/22/1992,16:00,6.36,6.50,6.32,6.39,2011200.0
04/23/1992,16:00,6.47,6.50,6.26,6.29,2575602.0
04/24/1992,16:00,6.32,6.32,5.97,6.11,10482000.0
04/27/1992,16:00,6.11,6.14,5.72,5.75,7044000.0
04/28/1992,16:00,5.72,5.97,5.72,5.89,4002000.0
04/29/1992,16:00,6.01,6.26,6.01,6.17,3757602.0
04/30/1992,16:00,6.22,6.40,5.94,6.01,3420000.0
05/01/1992,16:00,6.04,6.11,5.83,6.11,4117602.0
05/04/1992,16:00,6.18,6.25,6.07,6.22,2458002.0
05/05/1992,16:00,6.26,6.36,6.19,6.33,2623602.0
05/06/1992,16:00,6.32,6.40,6.18,6.25,4832802.0
05/07/1992,16:00,6.25,6.25,6.04,6.07,1974402.0
05/08/1992,16:00,6.11,6.11,5.97,6.07,1350402.0
05/11/1992,16:00,6.07,6.18,6.04,6.07,1333200.0
05/12/1992,16:00,6.14,6.21,6.04,6.05,1994400.0
05/13/1992,16:00,6.11,6.19,6.01,6.01,2566002.0
05/14/1992,16:00,6.15,6.17,5.97,6.01,2836800.0
05/15/1992,16:00,5.97,6.12,5.97,6.05,1253202.0
05/18/1992,16:00,6.11,6.11,6.01,6.03,925200.0
05/19/1992,16:00,6.00,6.04,5.90,5.93,2156802.0
05/20/1992,16:00,5.97,6.04,5.90,5.97,1345602.0
05/21/1992,16:00,6.04,6.04,5.97,6.01,1111602.0
05/22/1992,16:00,5.97,6.08,5.97,6.05,1467600.0
05/26/1992,16:00,6.07,6.07,5.90,5.93,1565202.0
05/27/1992,16:00,5.94,5.94,5.76,5.87,3233202.0
05/28/1992,16:00,5.90,6.12,5.83,6.05,2960802.0
05/29/1992,16:00,6.18,6.18,6.08,6.09,2265600.0
06/01/1992,16:00,6.08,6.19,6.01,6.19,1533600.0
06/02/1992,16:00,6.22,6.33,6.15,6.33,3072000.0
06/03/1992,16:00,6.33,6.33,5.94,5.99,2594400.0
06/04/1992,16:00,5.94,5.97,5.80,5.87,3400002.0
06/05/1992,16:00,5.86,5.86,5.65,5.75,4056000.0
06/08/1992,16:00,5.83,5.86,5.76,5.79,1546002.0
06/09/1992,16:00,5.79,5.86,5.44,5.49,5000400.0
06/10/1992,16:00,5.57,5.68,5.43,5.43,3980400.0
06/11/1992,16:00,5.47,5.68,5.43,5.63,3368400.0
06/12/1992,16:00,5.72,5.80,5.69,5.72,1570800.0
06/15/1992,16:00,5.65,5.79,5.65,5.69,1363200.0
06/16/1992,16:00,5.69,5.72,5.19,5.26,15728802.0
06/17/1992,16:00,5.26,5.30,4.83,4.94,8866002.0
06/18/1992,16:00,4.90,5.15,4.90,5.13,5820000.0
06/19/1992,16:00,5.15,5.19,5.08,5.19,3085602.0
06/22/1992,16:00,5.19,5.22,5.12,5.22,2459202.0
06/23/1992,16:00,5.26,5.26,5.15,5.22,1595202.0
06/24/1992,16:00,5.23,5.23,5.08,5.08,1078800.0
06/25/1992,16:00,5.12,5.19,4.90,4.90,4051602.0
06/26/1992,16:00,4.93,5.04,4.90,4.97,3016800.0
06/29/1992,16:00,5.01,5.40,4.97,5.37,3317202.0
06/30/1992,16:00,5.40,5.44,5.33,5.37,2211600.0
07/01/1992,16:00,5.40,5.43,5.33,5.33,1687200.0
07/02/1992,16:00,4.59,4.91,4.19,4.48,34936800.0
07/06/1992,16:00,4.58,4.65,4.44,4.58,8665602.0
07/07/1992,16:00,4.61,4.61,4.37,4.37,4617600.0
07/08/1992,16:00,4.44,4.51,4.23,4.34,5236002.0
07/09/1992,16:00,4.37,4.54,4.33,4.54,6256002.0
07/10/1992,16:00,4.58,4.62,4.44,4.54,5389602.0
07/13/1992,16:00,4.54,4.61,4.33,4.37,3379200.0
07/14/1992,16:00,4.37,4.51,4.33,4.42,2534400.0
07/15/1992,16:00,4.44,4.51,4.29,4.51,4026402.0
07/16/1992,16:00,4.44,4.76,4.44,4.69,6922002.0
07/17/1992,16:00,4.66,4.83,4.55,4.76,5240802.0
07/20/1992,16:00,4.76,4.76,4.51,4.69,3374802.0
07/21/1992,16:00,4.76,4.80,4.69,4.76,3367602.0
07/22/1992,16:00,4.72,4.80,4.58,4.58,3187200.0
07/23/1992,16:00,4.66,4.66,4.52,4.66,1913202.0
07/24/1992,16:00,4.62,4.66,4.55,4.62,602802.0
07/27/1992,16:00,4.58,4.69,4.58,4.62,1174002.0
07/28/1992,16:00,4.69,4.69,4.58,4.62,1453602.0
07/29/1992,16:00,4.69,4.80,4.62,4.74,2505600.0
07/30/1992,16:00,4.69,4.80,4.69,4.80,2450802.0
07/31/1992,16:00,4.76,4.80,4.69,4.72,1058802.0
08/03/1992,16:00,4.72,4.76,4.65,4.72,1029600.0
08/04/1992,16:00,4.77,4.77,4.60,4.67,1698000.0
08/05/1992,16:00,4.67,4.70,4.45,4.53,1940802.0
08/06/1992,16:00,4.49,4.53,4.35,4.42,2566002.0
08/07/1992,16:00,4.41,4.56,4.38,4.45,1399602.0
08/10/1992,16:00,4.49,4.53,4.39,4.42,1261200.0
08/11/1992,16:00,4.41,4.49,4.31,4.45,1639200.0
08/12/1992,16:00,4.45,4.56,4.38,4.53,1431600.0
08/13/1992,16:00,4.49,4.60,4.49,4.53,1874802.0
08/14/1992,16:00,4.56,4.66,4.52,4.61,1101600.0
08/17/1992,16:00,4.59,4.66,4.52,4.59,833202.0
08/18/1992,16:00,4.59,4.66,4.56,4.59,1626000.0
08/19/1992,16:00,4.67,4.67,4.49,4.49,3552402.0
08/20/1992,16:00,4.53,4.56,4.49,4.53,946800.0
08/21/1992,16:00,4.56,4.56,4.17,4.22,9048402.0
08/24/1992,16:00,4.20,4.22,3.99,4.03,7921602.0
08/25/1992,16:00,4.06,4.10,3.92,4.03,5565600.0
08/26/1992,16:00,4.06,4.31,4.03,4.24,3447600.0
08/27/1992,16:00,4.27,4.38,4.24,4.27,6248802.0
08/28/1992,16:00,4.28,4.42,4.28,4.40,4777602.0
08/31/1992,16:00,4.59,4.59,4.41,4.45,6193602.0
09/01/1992,16:00,4.49,4.53,4.45,4.51,3859200.0
09/02/1992,16:00,4.52,4.61,4.48,4.59,3807600.0
09/03/1992,16:00,4.64,4.81,4.60,4.74,6169602.0
09/04/1992,16:00,4.74,4.74,4.67,4.71,4528800.0
09/08/1992,16:00,4.71,4.81,4.64,4.74,2725200.0
09/09/1992,16:00,4.74,4.74,4.63,4.71,2737200.0
09/10/1992,16:00,4.74,4.81,4.70,4.81,2866800.0
09/11/1992,16:00,4.82,4.92,4.78,4.92,3255600.0
09/14/1992,16:00,4.99,5.02,4.95,4.99,4231602.0
09/15/1992,16:00,4.96,4.97,4.78,4.90,2441202.0
09/16/1992,16:00,4.85,4.92,4.78,4.85,2272800.0
09/17/1992,16:00,4.92,4.96,4.85,4.88,2504802.0
09/18/1992,16:00,4.89,4.94,4.85,4.92,2251200.0
09/21/1992,16:00,4.92,4.92,4.81,4.85,2689200.0
09/22/1992,16:00,4.85,4.88,4.71,4.71,1298802.0
09/23/1992,16:00,4.67,4.88,4.63,4.87,2893200.0
09/24/1992,16:00,4.88,4.92,4.78,4.88,3601602.0
09/25/1992,16:00,4.92,4.92,4.65,4.81,4642002.0
09/28/1992,16:00,4.74,4.77,4.67,4.69,2185200.0
09/29/1992,16:00,4.71,4.71,4.56,4.71,1508802.0
09/30/1992,16:00,4.70,4.70,4.63,4.63,1598400.0
10/01/1992,16:00,4.66,4.66,4.52,4.59,2542800.0
10/02/1992,16:00,4.60,4.60,4.49,4.53,1591602.0
10/05/1992,16:00,4.52,4.52,4.34,4.45,5026002.0
10/06/1992,16:00,4.49,4.49,4.38,4.38,1585200.0
10/07/1992,16:00,4.42,4.42,4.35,4.42,2471202.0
10/08/1992,16:00,4.42,4.42,4.31,4.35,2927202.0
10/09/1992,16:00,4.38,4.38,4.31,4.38,1186002.0
10/12/1992,16:00,4.39,4.46,4.31,4.40,4118400.0
10/13/1992,16:00,4.45,4.49,4.41,4.47,2856402.0
10/14/1992,16:00,4.46,4.63,4.42,4.56,3198000.0
10/15/1992,16:00,4.67,5.02,4.63,4.99,9926802.0
10/16/1992,16:00,5.03,5.07,4.92,4.92,3829602.0
10/19/1992,16:00,4.95,5.02,4.92,4.97,2517600.0
10/20/1992,16:00,4.99,5.03,4.85,4.85,2578800.0
10/21/1992,16:00,4.84,4.88,4.74,4.81,2256402.0
10/22/1992,16:00,4.82,4.96,4.74,4.92,3632400.0
10/23/1992,16:00,4.97,5.02,4.92,5.01,2464800.0
10/26/1992,16:00,4.95,5.03,4.95,5.03,836802.0
10/27/1992,16:00,5.03,5.03,4.85,4.92,1779600.0
10/28/1992,16:00,4.88,5.17,4.85,5.17,4865202.0
10/29/1992,16:00,5.17,5.38,5.17,5.21,5564802.0
10/30/1992,16:00,5.17,5.20,5.06,5.17,2284002.0
11/02/1992,16:00,5.17,5.21,5.10,5.21,1897602.0
11/03/1992,16:00,5.13,5.20,5.10,5.19,2464800.0
11/04/1992,16:00,5.18,5.22,5.11,5.15,2824002.0
11/05/1992,16:00,5.18,5.18,5.11,5.15,1588002.0
11/06/1992,16:00,5.14,5.21,5.14,5.18,2504400.0
11/09/1992,16:00,5.18,5.26,5.11,5.15,3070800.0
11/10/1992,16:00,5.11,5.18,5.00,5.13,2392800.0
11/11/1992,16:00,5.15,5.36,5.15,5.31,7095600.0
11/12/1992,16:00,5.40,5.40,5.29,5.33,3931200.0
11/13/1992,16:00,5.36,5.40,5.22,5.33,4336800.0
11/16/1992,16:00,5.36,5.50,5.31,5.45,3891600.0
11/17/1992,16:00,5.43,5.65,5.29,5.29,4718802.0
11/18/1992,16:00,5.36,5.51,5.18,5.47,3709602.0
11/19/1992,16:00,5.46,5.61,5.43,5.54,3258000.0
11/20/1992,16:00,5.50,5.68,5.50,5.57,4607202.0
11/23/1992,16:00,5.50,5.57,5.46,5.55,1967202.0
11/24/1992,16:00,5.58,5.65,5.54,5.61,1456800.0
11/25/1992,16:00,5.54,5.68,5.54,5.61,1489602.0
11/27/1992,16:00,5.68,5.72,5.61,5.65,1122000.0
11/30/1992,16:00,5.65,5.72,5.58,5.61,1927602.0
12/01/1992,16:00,5.61,5.65,5.44,5.51,1875600.0
12/02/1992,16:00,5.51,5.54,5.40,5.47,1501200.0
12/03/1992,16:00,5.54,5.68,5.47,5.61,2882400.0
12/04/1992,16:00,5.61,5.83,5.61,5.79,4054002.0
12/07/1992,16:00,5.75,5.86,5.75,5.86,1276800.0
12/08/1992,16:00,5.86,5.97,5.82,5.89,2494002.0
12/09/1992,16:00,5.86,5.97,5.76,5.83,2198400.0
12/10/1992,16:00,5.79,5.79,5.58,5.59,2179200.0
12/11/1992,16:00,5.61,5.72,5.57,5.72,1284402.0
12/14/1992,16:00,5.71,5.86,5.68,5.86,3077202.0
12/15/1992,16:00,5.79,5.93,5.79,5.79,1980000.0
12/16/1992,16:00,5.86,5.90,5.79,5.79,1460802.0
12/17/1992,16:00,5.83,6.01,5.83,5.97,3013200.0
12/18/1992,16:00,6.04,6.18,6.04,6.07,3630000.0
12/21/1992,16:00,6.08,6.08,5.94,6.03,1981602.0
12/22/1992,16:00,6.00,6.07,5.93,6.04,1051200.0
12/23/1992,16:00,5.97,6.08,5.86,5.97,4807602.0
12/24/1992,16:00,5.90,6.04,5.90,5.97,518802.0
12/28/1992,16:00,5.97,6.04,5.97,6.01,778002.0
12/29/1992,16:00,5.97,6.04,5.90,5.97,811200.0
12/30/1992,16:00,5.89,6.07,5.89,6.04,2368002.0
12/31/1992,16:00,6.01,6.12,6.01,6.01,1657602.0
01/04/1993,16:00,6.04,6.04,5.86,5.86,3132402.0
01/05/1993,16:00,5.90,5.90,5.65,5.69,3145200.0
01/06/1993,16:00,5.68,5.72,5.43,5.45,4870002.0
01/07/1993,16:00,5.43,5.54,5.32,5.41,3481200.0
01/08/1993,16:00,5.39,5.47,5.22,5.39,2860800.0
01/11/1993,16:00,5.46,5.59,5.36,5.54,1466400.0
01/12/1993,16:00,5.50,5.71,5.28,5.36,3191202.0
01/13/1993,16:00,5.33,5.40,5.18,5.31,2017200.0
01/14/1993,16:00,5.29,5.32,5.22,5.25,1360800.0
01/15/1993,16:00,5.29,5.58,5.26,5.47,4575600.0
01/18/1993,16:00,5.47,5.47,5.26,5.33,1705200.0
01/19/1993,16:00,5.25,5.33,5.04,5.11,3376800.0
01/20/1993,16:00,5.07,5.25,5.07,5.18,2362002.0
01/21/1993,16:00,5.25,5.36,5.22,5.29,2911602.0
01/22/1993,16:00,5.29,5.36,5.25,5.27,2303202.0
01/25/1993,16:00,5.26,5.36,5.26,5.31,1327602.0
01/26/1993,16:00,5.36,5.36,5.08,5.13,2612400.0
01/27/1993,16:00,5.14,5.14,5.04,5.06,2096400.0
01/28/1993,16:00,5.04,5.19,5.04,5.17,1407600.0
01/29/1993,16:00,5.18,5.36,5.14,5.36,2541600.0
02/01/1993,16:00,5.32,5.36,5.11,5.25,3595602.0
02/02/1993,16:00,5.25,5.29,5.11,5.27,2333202.0
02/03/1993,16:00,5.22,5.39,5.22,5.39,2361600.0
02/04/1993,16:00,5.38,5.45,5.20,5.20,2180400.0
02/05/1993,16:00,5.16,5.20,5.02,5.02,2279202.0
02/08/1993,16:00,5.05,5.09,4.91,4.98,4364400.0
02/09/1993,16:00,5.06,5.27,4.98,5.27,5168802.0
02/10/1993,16:00,5.30,5.45,5.30,5.36,6290400.0
02/11/1993,16:00,5.41,5.52,5.30,5.38,2979600.0
02/12/1993,16:00,5.38,5.41,5.34,5.38,2221200.0
02/16/1993,16:00,5.34,5.38,5.02,5.05,4321602.0
02/17/1993,16:00,5.09,5.09,4.98,4.98,2721600.0
02/18/1993,16:00,5.02,5.05,4.66,4.84,4583202.0
02/19/1993,16:00,4.80,4.95,4.52,4.52,9788802.0
02/22/1993,16:00,4.48,4.51,4.16,4.30,10157202.0
02/23/1993,16:00,4.30,4.73,4.30,4.66,3742800.0
02/24/1993,16:00,4.65,4.98,4.65,4.94,3500400.0
02/25/1993,16:00,4.91,5.00,4.73,4.84,2764002.0
02/26/1993,16:00,4.84,4.87,4.77,4.84,1201200.0
03/01/1993,16:00,4.84,4.91,4.81,4.91,1102002.0
03/02/1993,16:00,4.90,5.08,4.83,4.92,2042400.0
03/03/1993,16:00,4.91,5.02,4.77,4.91,2275602.0
03/04/1993,16:00,4.88,4.95,4.77,4.88,1649202.0
03/05/1993,16:00,4.84,4.91,4.73,4.88,2318400.0
03/08/1993,16:00,4.84,4.91,4.84,4.91,428802.0
03/09/1993,16:00,4.87,4.96,4.80,4.82,2128002.0
03/10/1993,16:00,4.80,4.91,4.77,4.88,1489200.0
03/11/1993,16:00,4.95,5.05,4.88,4.88,2048400.0
03/12/1993,16:00,4.87,4.94,4.83,4.94,1467600.0
03/15/1993,16:00,4.95,4.95,4.84,4.88,1132800.0
03/16/1993,16:00,4.91,4.91,4.44,4.58,2721600.0
03/17/1993,16:00,4.16,4.55,4.12,4.34,12271200.0
03/18/1993,16:00,4.30,4.37,4.26,4.30,3720000.0
03/19/1993,16:00,4.40,4.44,4.26,4.26,2958000.0
03/22/1993,16:00,4.30,4.37,4.16,4.37,4333200.0
03/23/1993,16:00,4.51,4.66,4.48,4.48,2383200.0
03/24/1993,16:00,4.44,4.47,4.33,4.40,2841600.0
03/25/1993,16:00,4.41,4.51,4.30,4.46,1966002.0
03/26/1993,16:00,4.44,4.52,4.30,4.35,1242402.0
03/29/1993,16:00,4.37,4.44,4.26,4.40,2002800.0
03/30/1993,16:00,4.41,4.62,4.37,4.62,1615602.0
03/31/1993,16:00,4.80,4.98,4.76,4.76,4608402.0
04/01/1993,16:00,4.80,4.80,4.59,4.66,2103600.0
04/02/1993,16:00,4.55,4.59,4.44,4.48,1466400.0
04/05/1993,16:00,4.52,4.73,4.44,4.70,1435602.0
04/06/1993,16:00,4.76,4.80,4.58,4.60,1540800.0
04/07/1993,16:00,4.55,4.59,4.37,4.48,2680800.0
04/08/1993,16:00,4.33,4.33,4.12,4.22,4759200.0
04/12/1993,16:00,4.27,4.59,4.23,4.55,2359200.0
04/13/1993,16:00,4.47,4.55,3.90,4.06,12290400.0
04/14/1993,16:00,4.23,4.26,4.05,4.12,11109600.0
04/15/1993,16:00,4.19,4.26,4.12,4.26,3088800.0
04/16/1993,16:00,4.23,4.45,4.23,4.37,2268000.0
04/19/1993,16:00,4.44,4.47,4.33,4.40,3062400.0
04/20/1993,16:00,4.41,4.48,4.34,4.48,2937600.0
04/21/1993,16:00,4.47,4.62,4.47,4.58,2341200.0
04/22/1993,16:00,4.44,4.55,4.37,4.50,5526402.0
04/23/1993,16:00,4.51,4.55,4.44,4.48,2654400.0
04/26/1993,16:00,4.48,4.55,4.44,4.52,2078400.0
04/27/1993,16:00,4.48,4.70,4.44,4.70,2026002.0
04/28/1993,16:00,4.66,4.77,4.59,4.73,2114400.0
04/29/1993,16:00,4.70,4.77,4.66,4.70,1187202.0
04/30/1993,16:00,4.69,4.80,4.62,4.66,1098000.0
05/03/1993,16:00,4.65,4.76,4.58,4.74,1916400.0
05/04/1993,16:00,4.78,5.04,4.78,4.97,2286000.0
05/05/1993,16:00,4.97,5.15,4.93,5.08,2339202.0
05/06/1993,16:00,5.08,5.19,5.04,5.04,2544402.0
05/07/1993,16:00,5.04,5.08,4.93,4.97,1849200.0
05/10/1993,16:00,4.93,5.08,4.89,4.97,2080800.0
05/11/1993,16:00,4.89,4.97,4.82,4.89,554802.0
05/12/1993,16:00,4.86,4.95,4.78,4.93,918000.0
05/13/1993,16:00,4.89,4.97,4.82,4.91,1344402.0
05/14/1993,16:00,4.89,4.93,4.75,4.82,1130802.0
05/17/1993,16:00,4.75,4.82,4.65,4.82,636000.0
05/18/1993,16:00,4.78,4.89,4.78,4.86,1001202.0
05/19/1993,16:00,4.82,5.00,4.82,5.00,977202.0
05/20/1993,16:00,5.04,5.08,4.97,5.04,1633200.0
05/21/1993,16:00,4.97,5.11,4.97,5.11,1040400.0
05/24/1993,16:00,5.08,5.15,5.04,5.11,619200.0
05/25/1993,16:00,5.08,5.15,4.89,4.97,1431600.0
05/26/1993,16:00,5.00,5.11,4.93,5.04,3593202.0
05/27/1993,16:00,5.04,5.11,5.00,5.00,757200.0
05/28/1993,16:00,5.00,5.08,4.93,4.93,1778400.0
06/01/1993,16:00,4.93,5.04,4.93,5.02,1447602.0
06/02/1993,16:00,5.00,5.04,4.93,5.00,2621202.0
06/03/1993,16:00,4.93,5.00,4.93,5.00,787200.0
06/04/1993,16:00,4.97,5.00,4.93,4.97,494802.0
06/07/1993,16:00,4.93,5.00,4.82,4.82,2617200.0
06/08/1993,16:00,4.86,5.04,4.82,4.93,1692402.0
06/09/1993,16:00,4.93,5.04,4.93,5.04,1075602.0
06/10/1993,16:00,5.04,5.04,4.93,4.97,984402.0
06/11/1993,16:00,5.04,5.08,4.97,5.04,565602.0
06/14/1993,16:00,5.08,5.33,5.04,5.28,4400802.0
06/15/1993,16:00,5.33,5.37,5.04,5.04,3038400.0
06/16/1993,16:00,5.08,5.15,5.04,5.11,1399200.0
06/17/1993,16:00,5.04,5.37,5.04,5.30,3793200.0
06/18/1993,16:00,5.33,5.37,5.19,5.22,2724402.0
06/21/1993,16:00,5.26,5.30,5.19,5.30,1609200.0
06/22/1993,16:00,5.26,5.30,5.19,5.26,991200.0
06/23/1993,16:00,5.19,5.26,5.15,5.19,932802.0
06/24/1993,16:00,5.19,5.26,5.19,5.24,478800.0
06/25/1993,16:00,5.26,5.30,5.19,5.26,1500402.0
06/28/1993,16:00,5.30,5.30,5.19,5.26,900000.0
06/29/1993,16:00,5.30,5.39,5.19,5.37,2084400.0
06/30/1993,16:00,5.37,5.70,5.37,5.48,8063202.0
07/01/1993,16:00,5.55,5.55,5.44,5.48,1206402.0
07/02/1993,16:00,5.48,5.55,5.44,5.48,543600.0
07/06/1993,16:00,5.51,5.55,5.22,5.28,2698800.0
07/07/1993,16:00,5.22,5.26,5.19,5.26,805602.0
07/08/1993,16:00,5.22,5.33,5.22,5.33,1894800.0
07/09/1993,16:00,5.26,5.48,5.26,5.40,1698000.0
07/12/1993,16:00,5.44,5.62,5.44,5.55,2356800.0
07/13/1993,16:00,5.51,5.70,5.51,5.70,2693202.0
07/14/1993,16:00,5.62,5.77,5.59,5.70,3296802.0
07/15/1993,16:00,5.59,5.66,5.48,5.55,1256400.0
07/16/1993,16:00,5.48,5.51,5.22,5.26,2850000.0
07/19/1993,16:00,5.22,5.22,5.08,5.08,1589202.0
07/20/1993,16:00,5.08,5.19,5.00,5.08,2356800.0
07/21/1993,16:00,5.08,5.15,5.04,5.11,1230402.0
07/22/1993,16:00,5.11,5.19,5.08,5.15,1155600.0
07/23/1993,16:00,5.15,5.33,5.11,5.26,966402.0
07/26/1993,16:00,5.26,5.57,5.26,5.55,4306800.0
07/27/1993,16:00,5.59,5.59,5.37,5.40,2251602.0
07/28/1993,16:00,5.44,5.44,5.33,5.39,938802.0
07/29/1993,16:00,5.33,5.48,5.33,5.48,1409202.0
07/30/1993,16:00,5.48,5.51,5.40,5.48,1935600.0
08/02/1993,16:00,5.44,5.62,5.44,5.57,1820802.0
08/03/1993,16:00,5.55,5.59,5.40,5.48,1001202.0
08/04/1993,16:00,5.42,5.49,5.31,5.31,800400.0
08/05/1993,16:00,5.38,5.46,5.31,5.42,1011600.0
08/06/1993,16:00,5.38,5.42,5.24,5.26,1639200.0
08/09/1993,16:00,5.24,5.27,5.16,5.16,1120800.0
08/10/1993,16:00,5.16,5.20,5.05,5.05,1308402.0
08/11/1993,16:00,5.02,5.13,4.98,5.05,2085600.0
08/12/1993,16:00,5.05,5.27,5.05,5.26,1436400.0
08/13/1993,16:00,5.27,5.42,5.24,5.24,2430402.0
08/16/1993,16:00,5.24,5.31,5.13,5.27,1327602.0
08/17/1993,16:00,5.24,5.31,5.09,5.13,2289600.0
08/18/1993,16:00,5.16,5.27,5.16,5.20,1376802.0
08/19/1993,16:00,5.13,5.31,5.13,5.27,651600.0
08/20/1993,16:00,5.27,5.27,5.16,5.16,693600.0
08/23/1993,16:00,5.16,5.24,5.13,5.18,1463202.0
08/24/1993,16:00,4.94,5.04,4.69,4.91,13104000.0
08/25/1993,16:00,4.87,4.98,4.72,4.78,6655602.0
08/26/1993,16:00,4.76,4.80,4.69,4.72,3698400.0
08/27/1993,16:00,4.72,4.83,4.72,4.80,2600400.0
08/30/1993,16:00,4.80,4.80,4.69,4.69,910002.0
08/31/1993,16:00,4.71,4.83,4.61,4.78,2622402.0
09/01/1993,16:00,4.83,4.87,4.65,4.65,2089200.0
09/02/1993,16:00,4.72,4.80,4.61,4.61,3451602.0
09/03/1993,16:00,4.50,4.54,4.25,4.32,15217200.0
09/07/1993,16:00,4.28,4.32,4.14,4.28,7188402.0
09/08/1993,16:00,4.25,4.25,4.17,4.21,6292800.0
09/09/1993,16:00,4.21,4.25,4.06,4.06,2700402.0
09/10/1993,16:00,4.17,4.17,4.01,4.06,5363202.0
09/13/1993,16:00,4.03,4.06,3.99,3.99,1956000.0
09/14/1993,16:00,3.95,4.28,3.73,4.28,12178800.0
09/15/1993,16:00,4.21,4.25,4.06,4.14,3432402.0
09/16/1993,16:00,4.14,4.14,4.03,4.14,1430400.0
09/17/1993,16:00,4.03,4.06,3.92,3.99,2682000.0
09/20/1993,16:00,4.03,4.14,3.99,4.10,2793600.0
09/21/1993,16:00,4.10,4.10,3.92,3.95,2692800.0
09/22/1993,16:00,3.95,4.03,3.92,3.97,2874402.0
09/23/1993,16:00,3.92,3.99,3.92,3.95,2875200.0
09/24/1993,16:00,3.99,3.99,3.92,3.99,3187602.0
09/27/1993,16:00,3.99,3.99,3.92,3.99,2444400.0
09/28/1993,16:00,4.03,4.32,3.95,4.32,3496002.0
09/29/1993,16:00,4.32,4.54,4.25,4.50,2573202.0
09/30/1993,16:00,4.50,4.50,4.14,4.25,4154400.0
10/01/1993,16:00,4.28,4.36,4.17,4.36,1080402.0
10/04/1993,16:00,4.28,4.36,4.14,4.21,2474802.0
10/05/1993,16:00,4.25,4.28,4.06,4.17,2128002.0
10/06/1993,16:00,4.17,4.32,4.14,4.21,1567200.0
10/07/1993,16:00,4.28,4.28,4.10,4.10,1749600.0
10/08/1993,16:00,4.10,4.17,4.06,4.06,756402.0
10/11/1993,16:00,4.14,4.21,4.06,4.14,1369602.0
10/12/1993,16:00,4.14,4.14,4.06,4.06,1514400.0
10/13/1993,16:00,4.14,4.14,4.06,4.14,3108000.0
10/14/1993,16:00,4.14,4.21,3.95,4.17,4098402.0
10/15/1993,16:00,4.21,4.25,4.14,4.14,956802.0
10/18/1993,16:00,4.21,4.21,4.06,4.14,826800.0
10/19/1993,16:00,4.06,4.14,3.99,4.06,1505202.0
10/20/1993,16:00,4.03,4.10,4.03,4.10,890400.0
10/21/1993,16:00,4.06,4.10,3.84,3.90,9416400.0
10/22/1993,16:00,3.88,3.92,3.70,3.73,7888800.0
10/25/1993,16:00,3.77,3.84,3.70,3.77,12321600.0
10/26/1993,16:00,3.73,3.81,3.66,3.81,8049600.0
10/27/1993,16:00,3.84,4.03,3.81,3.95,5983602.0
10/28/1993,16:00,3.99,4.21,3.92,4.10,5824800.0
10/29/1993,16:00,4.10,4.17,4.06,4.10,3309600.0
11/01/1993,16:00,4.14,4.17,4.10,4.15,2516802.0
11/02/1993,16:00,4.21,4.21,4.10,4.17,2840400.0
11/03/1993,16:00,4.10,4.21,3.95,4.17,2686002.0
11/04/1993,16:00,4.23,4.34,4.11,4.11,2522802.0
11/05/1993,16:00,4.15,4.23,4.04,4.15,1581600.0
11/08/1993,16:00,4.23,4.23,4.08,4.15,1860402.0
11/09/1993,16:00,4.15,4.15,4.04,4.11,1888800.0
11/10/1993,16:00,4.11,4.15,4.04,4.15,1645602.0
11/11/1993,16:00,4.11,4.23,4.11,4.23,1685202.0
11/12/1993,16:00,4.26,4.26,4.15,4.26,1288800.0
11/15/1993,16:00,4.26,4.26,4.11,4.23,1514400.0
11/16/1993,16:00,4.11,4.23,4.08,4.11,2566002.0
11/17/1993,16:00,4.15,4.19,4.08,4.15,1461600.0
11/18/1993,16:00,4.15,4.15,4.00,4.02,3252000.0
11/19/1993,16:00,3.97,4.04,3.93,3.99,2377200.0
11/22/1993,16:00,3.97,4.00,3.89,4.00,1356402.0
11/23/1993,16:00,4.04,4.08,3.97,4.00,1198002.0
11/24/1993,16:00,4.08,4.08,3.93,4.00,1829202.0
11/26/1993,16:00,4.00,4.08,3.93,4.04,592002.0
11/29/1993,16:00,4.08,4.15,4.00,4.10,3808002.0
11/30/1993,16:00,4.11,4.15,4.04,4.08,2646402.0
12/01/1993,16:00,4.15,4.19,4.08,4.11,2163600.0
12/02/1993,16:00,4.19,4.23,4.11,4.23,1164402.0
12/03/1993,16:00,4.23,4.23,4.11,4.17,1814400.0
12/06/1993,16:00,4.19,4.23,4.08,4.21,1739202.0
12/07/1993,16:00,4.24,4.30,4.00,4.08,3317202.0
12/08/1993,16:00,4.04,4.11,3.97,4.02,2022000.0
12/09/1993,16:00,4.04,4.04,3.89,3.95,1430802.0
12/10/1993,16:00,4.00,4.11,3.86,4.11,3931602.0
12/13/1993,16:00,4.04,4.23,4.00,4.08,2559600.0
12/14/1993,16:00,4.11,4.11,4.04,4.04,1504002.0
12/15/1993,16:00,4.08,4.11,4.00,4.04,4903200.0
12/16/1993,16:00,4.04,4.11,4.00,4.00,1451202.0
12/17/1993,16:00,4.08,4.13,4.00,4.08,1016802.0
12/20/1993,16:00,4.08,4.11,3.93,3.93,1788402.0
12/21/1993,16:00,3.89,4.00,3.82,3.97,2521602.0
12/22/1993,16:00,3.93,3.97,3.82,3.86,3006402.0
12/23/1993,16:00,3.89,3.89,3.78,3.86,3090402.0
12/27/1993,16:00,3.78,3.89,3.78,3.86,1798002.0
12/28/1993,16:00,3.82,3.89,3.82,3.82,1355202.0
12/29/1993,16:00,3.82,3.89,3.82,3.86,2058000.0
12/30/1993,16:00,3.89,3.89,3.82,3.88,1284402.0
12/31/1993,16:00,3.82,3.89,3.82,3.89,1840800.0
01/03/1994,16:00,3.89,3.97,3.82,3.89,2039202.0
01/04/1994,16:00,3.89,4.08,3.89,4.04,2930802.0
01/05/1994,16:00,4.04,4.11,4.00,4.04,1672800.0
01/06/1994,16:00,4.08,4.08,4.00,4.04,3006000.0
01/07/1994,16:00,4.08,4.15,4.04,4.15,3798402.0
01/10/1994,16:00,4.15,4.19,4.04,4.11,2010402.0
01/11/1994,16:00,4.08,4.11,3.93,3.97,3117600.0
01/12/1994,16:00,3.97,4.00,3.93,3.97,841602.0
01/13/1994,16:00,3.97,4.08,3.93,4.08,716802.0
01/14/1994,16:00,4.04,4.11,4.04,4.08,1610802.0
01/17/1994,16:00,4.15,4.19,4.08,4.13,1982802.0
01/18/1994,16:00,4.15,4.41,4.11,4.41,4872000.0
01/19/1994,16:00,4.41,4.48,4.23,4.28,3617202.0
01/20/1994,16:00,4.23,4.37,4.23,4.34,2072802.0
01/21/1994,16:00,4.34,4.34,4.23,4.24,1502802.0
01/24/1994,16:00,4.23,4.30,4.19,4.19,1141602.0
01/25/1994,16:00,4.26,4.26,4.19,4.19,1238400.0
01/26/1994,16:00,4.26,4.37,4.19,4.23,2003202.0
01/27/1994,16:00,4.26,4.26,4.08,4.13,4676400.0
01/28/1994,16:00,4.11,4.19,4.08,4.15,2026002.0
01/31/1994,16:00,4.11,4.34,4.11,4.30,2688402.0
02/01/1994,16:00,4.30,4.34,4.23,4.28,2050002.0
02/02/1994,16:00,4.23,4.30,4.19,4.30,1746000.0
02/03/1994,16:00,4.30,4.34,4.23,4.30,1748400.0
02/04/1994,16:00,4.28,4.35,4.20,4.20,2593200.0
02/07/1994,16:00,4.17,4.24,4.09,4.13,3781602.0
02/08/1994,16:00,3.98,4.17,3.94,4.06,3741600.0
02/09/1994,16:00,4.13,4.15,4.06,4.13,2485200.0
02/10/1994,16:00,4.17,4.17,4.06,4.09,1810002.0
02/11/1994,16:00,4.09,4.17,4.06,4.06,892002.0
02/14/1994,16:00,4.09,4.17,4.00,4.06,3955200.0
02/15/1994,16:00,4.02,4.13,4.02,4.06,1484400.0
02/16/1994,16:00,4.13,4.13,4.02,4.02,1770402.0
02/17/1994,16:00,4.09,4.09,3.87,3.91,3838800.0
02/18/1994,16:00,3.91,4.09,3.91,4.09,1258800.0
02/22/1994,16:00,4.04,4.09,3.94,3.96,1320000.0
02/23/1994,16:00,3.94,4.02,3.94,3.98,1272402.0
02/24/1994,16:00,3.94,4.02,3.94,3.98,969600.0
02/25/1994,16:00,4.02,4.13,3.94,4.11,1516800.0
02/28/1994,16:00,4.17,4.24,4.13,4.20,2700000.0
03/01/1994,16:00,4.17,4.24,4.09,4.13,1781202.0
03/02/1994,16:00,4.06,4.17,4.02,4.11,1367202.0
03/03/1994,16:00,4.13,4.17,4.09,4.09,1110402.0
03/04/1994,16:00,4.09,4.17,4.09,4.17,756402.0
03/07/1994,16:00,4.09,4.17,4.09,4.09,1302402.0
03/08/1994,16:00,4.09,4.17,4.06,4.06,676800.0
03/09/1994,16:00,4.06,4.17,4.06,4.13,733200.0
03/10/1994,16:00,4.09,4.17,4.09,4.11,836400.0
03/11/1994,16:00,4.09,4.17,4.09,4.17,770802.0
03/14/1994,16:00,4.13,4.20,4.13,4.13,331200.0
03/15/1994,16:00,4.13,4.20,4.09,4.09,380400.0
03/16/1994,16:00,4.20,4.35,4.20,4.35,2661600.0
03/17/1994,16:00,4.31,4.39,4.31,4.31,2095200.0
03/18/1994,16:00,4.35,4.35,4.24,4.31,1267602.0
03/21/1994,16:00,4.24,4.31,4.13,4.20,1230000.0
03/22/1994,16:00,4.20,4.24,4.13,4.24,1400802.0
03/23/1994,16:00,4.20,4.24,4.17,4.18,506802.0
03/24/1994,16:00,4.20,4.20,4.09,4.17,697602.0
03/25/1994,16:00,4.09,4.17,4.06,4.06,1168800.0
03/28/1994,16:00,4.06,4.13,3.91,4.02,2120802.0
03/29/1994,16:00,4.02,4.09,3.87,4.04,2010402.0
03/30/1994,16:00,4.06,4.09,3.91,3.98,2534802.0
03/31/1994,16:00,3.94,4.09,3.87,4.09,2867202.0
04/04/1994,16:00,4.02,4.02,3.91,3.93,3114402.0
04/05/1994,16:00,3.94,4.02,3.83,3.94,2759202.0
04/06/1994,16:00,3.94,3.98,3.87,3.87,2376000.0
04/07/1994,16:00,3.87,3.91,3.80,3.83,1264002.0
04/08/1994,16:00,3.80,3.87,3.80,3.83,1354002.0
04/11/1994,16:00,3.87,3.87,3.80,3.83,2629200.0
04/12/1994,16:00,3.87,3.87,3.80,3.87,1252800.0
04/13/1994,16:00,3.80,3.89,3.72,3.80,1408800.0
04/14/1994,16:00,3.80,3.80,3.69,3.80,861600.0
04/15/1994,16:00,3.72,3.83,3.72,3.83,2064000.0
04/18/1994,16:00,3.72,3.83,3.72,3.74,851202.0
04/19/1994,16:00,3.72,3.80,3.65,3.65,2360802.0
04/20/1994,16:00,3.65,3.80,3.65,3.78,1963200.0
04/21/1994,16:00,3.72,3.83,3.72,3.83,1608000.0
04/22/1994,16:00,3.76,3.87,3.76,3.80,1858002.0
04/25/1994,16:00,3.76,3.87,3.76,3.80,558402.0
04/26/1994,16:00,3.80,3.87,3.76,3.80,499602.0
04/28/1994,16:00,3.87,3.87,3.76,3.76,1422000.0
04/29/1994,16:00,3.83,3.83,3.76,3.80,1060800.0
05/02/1994,16:00,3.83,4.02,3.76,4.02,2857602.0
05/03/1994,16:00,3.98,4.06,3.87,3.87,1828002.0
05/04/1994,16:00,3.92,4.00,3.89,3.89,420402.0
05/05/1994,16:00,3.96,4.00,3.89,4.00,1497600.0
05/06/1994,16:00,3.96,4.00,3.85,3.92,910002.0
05/09/1994,16:00,3.96,4.07,3.92,4.07,1999200.0
05/10/1994,16:00,4.07,4.15,4.03,4.15,1663602.0
05/11/1994,16:00,4.11,4.18,4.07,4.07,998400.0
05/12/1994,16:00,4.15,4.15,4.03,4.07,1367202.0
05/13/1994,16:00,4.03,4.11,4.03,4.11,271602.0
05/16/1994,16:00,4.03,4.11,4.03,4.03,634002.0
05/17/1994,16:00,4.11,4.11,4.03,4.11,823200.0
05/18/1994,16:00,4.11,4.15,4.03,4.07,2096400.0
05/19/1994,16:00,4.11,4.11,3.92,4.00,1300002.0
05/20/1994,16:00,4.00,4.00,3.92,3.96,1027602.0
05/23/1994,16:00,3.96,4.03,3.96,4.01,625200.0
05/24/1994,16:00,3.96,4.07,3.96,4.07,1334400.0
05/25/1994,16:00,4.07,4.07,4.00,4.00,1639200.0
05/26/1994,16:00,4.07,4.11,4.00,4.03,1436400.0
05/27/1994,16:00,4.03,4.11,4.03,4.03,1346802.0
05/31/1994,16:00,4.03,4.03,3.92,3.96,1264002.0
06/01/1994,16:00,3.96,4.07,3.96,4.00,866400.0
06/02/1994,16:00,4.07,4.11,4.00,4.11,3763200.0
06/03/1994,16:00,4.07,4.33,4.03,4.33,3644802.0
06/06/1994,16:00,4.29,4.44,4.26,4.33,4224402.0
06/07/1994,16:00,4.29,4.44,4.15,4.22,2834802.0
06/08/1994,16:00,4.18,4.26,4.15,4.15,619200.0
06/09/1994,16:00,4.15,4.26,4.15,4.26,728802.0
06/10/1994,16:00,4.22,4.29,4.22,4.29,687600.0
06/13/1994,16:00,4.22,4.33,4.22,4.26,2014800.0
06/14/1994,16:00,4.26,4.37,4.26,4.37,3132000.0
06/15/1994,16:00,4.29,4.37,4.29,4.29,1277202.0
06/16/1994,16:00,4.26,4.33,4.18,4.29,1898400.0
06/17/1994,16:00,4.29,4.29,4.11,4.11,2730000.0
06/20/1994,16:00,4.07,4.15,4.07,4.15,845202.0
06/21/1994,16:00,4.07,4.18,4.07,4.15,1421202.0
06/22/1994,16:00,4.15,4.22,4.15,4.18,1717602.0
06/23/1994,16:00,4.15,4.22,4.15,4.22,1674402.0
06/24/1994,16:00,4.15,4.26,4.15,4.15,1380402.0
06/27/1994,16:00,4.26,4.26,4.15,4.22,1123200.0
06/28/1994,16:00,4.40,4.59,4.37,4.55,15741600.0
06/29/1994,16:00,4.59,4.81,4.55,4.74,11705202.0
06/30/1994,16:00,4.74,4.81,4.74,4.81,4760400.0
07/01/1994,16:00,4.77,4.85,4.70,4.85,6781602.0
07/05/1994,16:00,4.81,4.85,4.77,4.85,2089200.0
07/06/1994,16:00,4.77,4.85,4.70,4.70,1763202.0
07/07/1994,16:00,4.70,4.77,4.70,4.74,2164002.0
07/08/1994,16:00,4.74,4.74,4.59,4.64,2065602.0
07/11/1994,16:00,4.59,4.70,4.59,4.70,860400.0
07/12/1994,16:00,4.63,4.81,4.63,4.79,2465202.0
07/13/1994,16:00,4.77,4.85,4.74,4.74,2077200.0
07/14/1994,16:00,4.74,4.81,4.70,4.70,1699602.0
07/15/1994,16:00,4.70,4.77,4.70,4.74,1406400.0
07/18/1994,16:00,4.70,4.77,4.66,4.74,2089200.0
07/19/1994,16:00,4.66,4.74,4.66,4.74,1047600.0
07/20/1994,16:00,4.66,4.70,4.63,4.63,960402.0
07/21/1994,16:00,4.59,4.66,4.52,4.66,1219200.0
07/22/1994,16:00,4.59,4.66,4.59,4.66,514800.0
07/25/1994,16:00,4.63,4.66,4.59,4.66,1093602.0
07/26/1994,16:00,4.63,4.74,4.63,4.72,1657200.0
07/27/1994,16:00,4.74,4.74,4.66,4.68,476400.0
07/28/1994,16:00,4.66,4.74,4.66,4.68,1152402.0
07/29/1994,16:00,4.66,4.70,4.66,4.70,824400.0
08/01/1994,16:00,4.66,4.74,4.63,4.66,927600.0
08/02/1994,16:00,4.63,4.70,4.63,4.70,1089600.0
08/03/1994,16:00,4.63,4.70,4.59,4.59,652002.0
08/04/1994,16:00,4.68,4.68,4.60,4.60,1204800.0
08/05/1994,16:00,4.68,4.72,4.60,4.68,1261602.0
08/08/1994,16:00,4.64,4.72,4.46,4.49,2238000.0
08/09/1994,16:00,4.60,4.75,4.53,4.72,3188400.0
08/10/1994,16:00,4.75,4.75,4.68,4.68,307602.0
08/11/1994,16:00,4.68,4.75,4.57,4.57,1887600.0
08/12/1994,16:00,4.57,4.68,4.53,4.60,928800.0
08/15/1994,16:00,4.60,4.68,4.57,4.64,1192800.0
08/16/1994,16:00,4.57,4.79,4.57,4.75,2540802.0
08/17/1994,16:00,4.79,5.01,4.72,4.98,7184802.0
08/18/1994,16:00,5.01,5.01,4.86,4.94,5209200.0
08/19/1994,16:00,4.94,4.94,4.83,4.92,5472000.0
08/22/1994,16:00,4.93,4.94,4.83,4.86,1570800.0
08/23/1994,16:00,4.86,5.20,4.86,5.01,5872002.0
08/24/1994,16:00,5.01,5.11,5.01,5.09,3407202.0
08/25/1994,16:00,5.05,5.12,5.01,5.05,3429600.0
08/26/1994,16:00,5.05,5.12,5.01,5.05,1453602.0
08/29/1994,16:00,5.05,5.31,5.05,5.27,3511602.0
08/30/1994,16:00,5.27,5.27,5.12,5.20,3073200.0
08/31/1994,16:00,5.24,5.24,5.12,5.12,1248402.0
09/01/1994,16:00,5.12,5.16,5.09,5.14,2691600.0
09/02/1994,16:00,5.09,5.16,4.98,5.01,1812402.0
09/06/1994,16:00,5.01,5.05,4.98,5.05,2198400.0
09/07/1994,16:00,4.98,5.24,4.98,5.20,2556402.0
09/08/1994,16:00,5.20,5.27,5.16,5.24,3839202.0
09/09/1994,16:00,5.16,5.39,5.12,5.31,3579600.0
09/12/1994,16:00,5.31,5.39,5.12,5.12,1084002.0
09/13/1994,16:00,5.16,5.24,5.01,5.07,2134002.0
09/14/1994,16:00,5.05,5.09,4.90,4.98,1266402.0
09/15/1994,16:00,5.01,5.12,4.94,5.12,1780800.0
09/16/1994,16:00,5.09,5.12,5.01,5.09,1246800.0
09/19/1994,16:00,5.09,5.16,5.01,5.14,1461600.0
09/20/1994,16:00,5.12,5.12,5.05,5.09,1252800.0
09/21/1994,16:00,5.09,5.12,4.94,5.05,2946402.0
09/22/1994,16:00,5.05,5.12,5.05,5.05,985200.0
09/23/1994,16:00,5.05,5.09,4.90,5.05,3040800.0
09/26/1994,16:00,5.09,5.20,5.01,5.16,1868802.0
09/27/1994,16:00,5.20,5.35,5.16,5.31,2976000.0
09/28/1994,16:00,5.27,5.39,5.24,5.27,2059602.0
09/29/1994,16:00,5.24,5.27,5.20,5.26,1967202.0
09/30/1994,16:00,5.24,5.35,5.20,5.32,2040000.0
10/03/1994,16:00,5.27,5.39,5.27,5.27,1699602.0
10/04/1994,16:00,5.27,5.31,5.01,5.11,3658002.0
10/05/1994,16:00,5.05,5.12,5.01,5.05,1819602.0
10/06/1994,16:00,5.09,5.16,5.01,5.09,1420002.0
10/07/1994,16:00,5.12,5.31,5.12,5.31,1333200.0
10/10/1994,16:00,5.24,5.31,5.20,5.27,763602.0
10/11/1994,16:00,5.24,5.39,5.11,5.12,3117600.0
10/12/1994,16:00,5.09,5.16,5.09,5.14,1676802.0
10/13/1994,16:00,5.20,5.31,5.16,5.16,4148802.0
10/14/1994,16:00,5.16,5.31,5.16,5.20,3558000.0
10/17/1994,16:00,5.16,5.20,5.12,5.12,523602.0
10/18/1994,16:00,5.09,5.20,5.09,5.16,1374402.0
10/19/1994,16:00,5.12,5.35,5.12,5.35,3068802.0
10/20/1994,16:00,5.27,5.35,5.27,5.27,2683200.0
10/21/1994,16:00,5.27,5.35,5.27,5.29,1021200.0
10/24/1994,16:00,5.27,5.31,5.27,5.27,1177602.0
10/25/1994,16:00,5.27,5.31,5.20,5.27,2097600.0
10/26/1994,16:00,5.20,5.31,5.20,5.31,919200.0
10/27/1994,16:00,5.31,5.50,5.24,5.50,3908400.0
10/28/1994,16:00,5.46,5.61,5.46,5.61,3558402.0
10/31/1994,16:00,5.57,5.61,5.53,5.53,1606800.0
11/01/1994,16:00,5.46,5.68,5.46,5.53,4449600.0
11/02/1994,16:00,5.63,5.83,5.61,5.69,5918400.0
11/03/1994,16:00,5.68,5.72,5.57,5.57,2438802.0
11/04/1994,16:00,5.61,5.61,5.46,5.50,976002.0
11/07/1994,16:00,5.50,5.57,5.46,5.50,1522800.0
11/08/1994,16:00,5.50,5.72,5.50,5.68,2635200.0
11/09/1994,16:00,5.68,5.87,5.68,5.83,6997200.0
11/10/1994,16:00,5.79,5.94,5.79,5.87,3706002.0
11/11/1994,16:00,5.87,5.94,5.87,5.87,3396402.0
11/14/1994,16:00,5.83,5.94,5.83,5.87,1225200.0
11/15/1994,16:00,5.94,6.09,5.91,5.98,3829602.0
11/16/1994,16:00,5.98,6.02,5.87,5.94,1786002.0
11/17/1994,16:00,5.98,6.09,5.98,6.02,3195600.0
11/18/1994,16:00,6.02,6.02,5.87,5.89,1549200.0
11/21/1994,16:00,5.87,5.94,5.72,5.72,1092000.0
11/22/1994,16:00,5.61,5.83,5.53,5.76,3852402.0
11/23/1994,16:00,5.76,5.91,5.72,5.81,3069600.0
11/25/1994,16:00,5.91,5.91,5.83,5.91,421602.0
11/28/1994,16:00,5.83,5.94,5.83,5.87,3363600.0
11/29/1994,16:00,5.91,6.05,5.91,6.02,1528002.0
11/30/1994,16:00,6.02,6.02,5.87,5.92,1047600.0
12/01/1994,16:00,5.87,5.94,5.83,5.83,1891602.0
12/02/1994,16:00,5.83,5.91,5.76,5.83,2038800.0
12/05/1994,16:00,5.83,5.98,5.83,5.92,682800.0
12/06/1994,16:00,5.87,5.98,5.87,5.92,1375200.0
12/07/1994,16:00,5.91,5.98,5.83,5.87,434802.0
12/08/1994,16:00,5.83,5.91,5.68,5.68,850800.0
12/09/1994,16:00,5.68,5.72,5.61,5.68,1222002.0
12/12/1994,16:00,5.61,5.72,5.61,5.72,966000.0
12/13/1994,16:00,5.65,5.76,5.65,5.70,1453602.0
12/14/1994,16:00,5.68,5.79,5.68,5.76,2158800.0
12/15/1994,16:00,5.72,5.79,5.68,5.79,713202.0
12/16/1994,16:00,5.79,5.98,5.76,5.87,2918400.0
12/19/1994,16:00,5.91,5.94,5.79,5.87,1758402.0
12/20/1994,16:00,5.83,5.94,5.83,5.91,926802.0
12/21/1994,16:00,5.91,6.02,5.87,5.87,1929600.0
12/22/1994,16:00,5.87,5.94,5.76,5.79,754002.0
12/23/1994,16:00,5.76,5.79,5.76,5.76,138000.0
12/27/1994,16:00,5.76,6.02,5.76,5.94,1412802.0
12/28/1994,16:00,5.94,6.05,5.94,6.05,1624002.0
12/29/1994,16:00,6.02,6.02,5.91,5.98,733602.0
12/30/1994,16:00,5.98,5.98,5.83,5.91,700002.0
01/03/1995,16:00,5.83,5.87,5.72,5.76,1350000.0
01/04/1995,16:00,5.83,5.87,5.72,5.74,673602.0
01/05/1995,16:00,5.83,5.83,5.53,5.61,3090402.0
01/06/1995,16:00,5.61,5.68,5.33,5.42,2934000.0
01/09/1995,16:00,5.61,5.72,5.50,5.61,5762400.0
01/10/1995,16:00,5.65,5.68,5.53,5.53,1990800.0
01/11/1995,16:00,5.53,5.68,5.53,5.61,1044402.0
01/12/1995,16:00,5.61,5.68,5.61,5.66,1000800.0
01/13/1995,16:00,5.68,5.68,5.57,5.65,926802.0
01/16/1995,16:00,5.61,5.65,5.42,5.42,2467602.0
01/17/1995,16:00,5.53,5.65,5.42,5.50,2064402.0
01/18/1995,16:00,5.42,5.76,5.42,5.74,3882000.0
01/19/1995,16:00,5.76,5.87,5.68,5.83,2515602.0
01/20/1995,16:00,5.85,5.87,5.65,5.68,2626002.0
01/23/1995,16:00,5.65,5.68,5.50,5.52,2535600.0
01/24/1995,16:00,5.50,5.57,5.39,5.46,2719602.0
01/25/1995,16:00,5.46,5.68,5.42,5.68,1869600.0
01/26/1995,16:00,5.65,5.76,5.61,5.65,1004802.0
01/27/1995,16:00,5.65,5.79,5.61,5.72,1487202.0
01/30/1995,16:00,5.72,5.76,5.61,5.61,1195602.0
01/31/1995,16:00,5.61,5.72,5.57,5.65,3038802.0
02/01/1995,16:00,5.65,5.72,5.61,5.61,667200.0
02/02/1995,16:00,5.61,5.68,5.57,5.61,1256400.0
02/03/1995,16:00,5.61,5.68,5.57,5.65,1033200.0
02/06/1995,16:00,5.57,5.68,5.53,5.68,1334400.0
02/07/1995,16:00,5.65,5.68,5.61,5.66,1054002.0
02/08/1995,16:00,5.65,5.68,5.61,5.65,1178802.0
02/09/1995,16:00,5.65,5.83,5.65,5.68,2765202.0
02/10/1995,16:00,5.65,5.72,5.65,5.66,9598002.0
02/13/1995,16:00,5.65,5.72,5.65,5.65,2020800.0
02/14/1995,16:00,5.72,5.72,5.61,5.65,3621600.0
02/15/1995,16:00,5.68,5.76,5.61,5.76,2329200.0
02/16/1995,16:00,5.68,5.76,5.65,5.70,820002.0
02/17/1995,16:00,5.68,5.68,5.57,5.65,2102802.0
02/21/1995,16:00,5.61,5.68,5.53,5.60,2227602.0
02/22/1995,16:00,5.53,5.65,5.53,5.63,1274802.0
02/23/1995,16:00,5.57,5.68,5.57,5.68,1059600.0
02/24/1995,16:00,5.61,5.68,5.57,5.57,1834002.0
02/27/1995,16:00,5.53,5.61,5.35,5.39,1468002.0
02/28/1995,16:00,5.46,5.46,5.39,5.39,1604400.0
03/01/1995,16:00,5.39,5.61,5.39,5.53,2711202.0
03/02/1995,16:00,5.50,5.68,5.50,5.65,2168802.0
03/03/1995,16:00,5.65,5.68,5.57,5.65,1254402.0
03/06/1995,16:00,5.57,5.65,5.57,5.61,980400.0
03/07/1995,16:00,5.61,5.61,5.27,5.27,3445602.0
03/08/1995,16:00,5.35,5.57,5.31,5.53,3454002.0
03/09/1995,16:00,5.53,5.61,5.50,5.57,1494000.0
03/10/1995,16:00,5.53,5.65,5.53,5.65,1672002.0
03/13/1995,16:00,5.65,5.79,5.65,5.68,2658402.0
03/14/1995,16:00,5.76,5.98,5.68,5.91,3792402.0
03/15/1995,16:00,5.98,6.13,5.91,6.07,4594002.0
03/16/1995,16:00,6.13,6.24,6.05,6.19,3027600.0
03/17/1995,16:00,6.19,6.20,6.05,6.17,1885200.0
03/20/1995,16:00,6.09,6.17,5.98,6.00,979200.0
03/21/1995,16:00,6.04,6.13,5.94,6.09,2611200.0
03/22/1995,16:00,6.02,6.13,6.02,6.05,1027602.0
03/23/1995,16:00,6.02,6.20,6.02,6.20,1440402.0
03/24/1995,16:00,6.15,6.31,6.15,6.22,2766000.0
03/27/1995,16:00,6.20,6.31,6.20,6.31,1382400.0
03/28/1995,16:00,6.28,6.35,6.20,6.35,1514802.0
03/29/1995,16:00,6.31,6.43,6.31,6.35,2100000.0
03/30/1995,16:00,6.41,6.43,6.35,6.43,5188800.0
03/31/1995,16:00,6.35,6.43,6.28,6.43,2154000.0
04/03/1995,16:00,6.35,6.43,6.31,6.39,1625202.0
04/04/1995,16:00,6.31,6.43,6.31,6.35,2773200.0
04/05/1995,16:00,6.35,6.43,6.35,6.41,2625600.0
04/06/1995,16:00,6.35,6.41,6.35,6.35,1214802.0
04/07/1995,16:00,6.35,6.43,6.31,6.41,1935600.0
04/10/1995,16:00,6.39,6.45,6.35,6.43,2227602.0
04/11/1995,16:00,6.41,6.43,6.37,6.41,667602.0
04/12/1995,16:00,6.37,6.50,6.37,6.48,2414802.0
04/13/1995,16:00,6.46,6.56,6.46,6.56,2762802.0
04/17/1995,16:00,6.52,6.56,6.50,6.50,1030800.0
04/18/1995,16:00,6.48,6.50,6.45,6.45,2473602.0
04/19/1995,16:00,6.46,6.48,6.05,6.30,6019602.0
04/20/1995,16:00,6.30,6.30,6.04,6.11,5293602.0
04/21/1995,16:00,6.09,6.59,6.09,6.54,8034000.0
04/24/1995,16:00,6.54,6.69,6.46,6.46,3326802.0
04/25/1995,16:00,6.46,6.72,6.46,6.69,5020800.0
04/26/1995,16:00,6.72,6.72,6.61,6.65,2190402.0
04/27/1995,16:00,6.61,6.65,6.46,6.46,1289202.0
04/28/1995,16:00,6.46,6.50,6.39,6.39,1454400.0
05/01/1995,16:00,6.39,6.50,6.39,6.45,2233602.0
05/02/1995,16:00,6.45,6.48,6.37,6.45,1699602.0
05/03/1995,16:00,6.48,6.61,6.46,6.52,3256002.0
05/04/1995,16:00,6.50,6.69,6.48,6.61,3596400.0
05/05/1995,16:00,6.61,6.65,6.39,6.39,1456002.0
05/08/1995,16:00,6.39,6.72,6.33,6.69,4318800.0
05/09/1995,16:00,6.69,6.80,6.61,6.67,4886400.0
05/10/1995,16:00,6.65,6.69,6.39,6.39,3140400.0
05/11/1995,16:00,6.43,6.46,6.39,6.43,1432800.0
05/12/1995,16:00,6.39,6.51,6.35,6.45,1777602.0
05/15/1995,16:00,6.45,6.46,6.31,6.35,4123602.0
05/16/1995,16:00,6.35,6.39,6.34,6.39,721200.0
05/17/1995,16:00,6.35,6.41,6.35,6.41,632802.0
05/18/1995,16:00,6.37,6.71,6.37,6.56,6874800.0
05/19/1995,16:00,6.56,6.72,6.56,6.67,4197600.0
05/22/1995,16:00,6.65,6.71,6.57,6.71,1877202.0
05/23/1995,16:00,6.71,6.93,6.69,6.85,3810000.0
05/24/1995,16:00,6.87,7.00,6.76,6.76,3318402.0
05/25/1995,16:00,6.78,6.95,6.67,6.93,2543202.0
05/26/1995,16:00,6.89,6.91,6.67,6.71,2233602.0
05/30/1995,16:00,6.67,6.69,6.48,6.54,2032002.0
05/31/1995,16:00,6.57,6.76,6.54,6.72,3792000.0
06/01/1995,16:00,6.71,6.76,6.65,6.67,1534002.0
06/02/1995,16:00,6.65,6.67,6.57,6.59,2428800.0
06/05/1995,16:00,6.57,6.61,6.52,6.59,1213200.0
06/06/1995,16:00,6.57,6.71,6.57,6.61,2460402.0
06/07/1995,16:00,6.61,6.83,6.59,6.82,2764800.0
06/08/1995,16:00,6.83,6.89,6.71,6.74,1367202.0
06/09/1995,16:00,6.71,6.76,6.67,6.71,1376802.0
06/12/1995,16:00,6.74,6.89,6.72,6.85,6011202.0
06/13/1995,16:00,6.89,6.98,6.87,6.98,6866400.0
06/14/1995,16:00,6.97,7.00,6.95,6.97,3733200.0
06/15/1995,16:00,6.98,7.02,6.95,6.98,2264400.0
06/16/1995,16:00,7.04,7.08,7.00,7.08,4120800.0
06/19/1995,16:00,7.08,7.80,7.06,7.71,15937200.0
06/20/1995,16:00,7.71,7.71,7.60,7.63,3825600.0
06/21/1995,16:00,7.60,7.63,7.56,7.60,2270400.0
06/22/1995,16:00,7.60,7.65,7.60,7.65,1781202.0
06/23/1995,16:00,7.65,7.88,7.65,7.82,6449202.0
06/26/1995,16:00,7.84,7.95,7.80,7.86,3806400.0
06/27/1995,16:00,7.84,7.84,7.49,7.52,5898000.0
06/28/1995,16:00,7.52,7.75,7.52,7.67,9251202.0
06/29/1995,16:00,7.63,7.65,7.50,7.55,4217202.0
06/30/1995,16:00,7.56,7.62,7.43,7.45,3788802.0
07/03/1995,16:00,7.43,7.60,7.39,7.56,1453200.0
07/05/1995,16:00,7.60,7.76,7.50,7.50,4177602.0
07/06/1995,16:00,7.52,7.54,7.49,7.49,2608002.0
07/07/1995,16:00,7.52,7.54,7.45,7.45,3164802.0
07/10/1995,16:00,7.47,7.47,7.26,7.32,3504000.0
07/11/1995,16:00,7.30,7.39,7.26,7.36,3052800.0
07/12/1995,16:00,7.36,7.52,7.32,7.46,4003200.0
07/13/1995,16:00,7.47,7.47,7.41,7.41,1549200.0
07/14/1995,16:00,7.41,7.57,7.41,7.56,2568402.0
07/17/1995,16:00,7.58,8.01,7.56,8.01,9166002.0
07/18/1995,16:00,7.97,8.17,7.84,7.88,8530002.0
07/19/1995,16:00,7.82,7.93,7.65,7.65,3772002.0
07/20/1995,16:00,7.73,8.14,7.71,8.02,5224002.0
07/21/1995,16:00,8.06,8.08,7.60,7.62,6794802.0
07/24/1995,16:00,7.62,8.06,7.58,8.02,8682402.0
07/25/1995,16:00,8.01,8.06,7.86,7.88,2298000.0
07/26/1995,16:00,7.88,8.14,7.80,8.10,6438000.0
07/27/1995,16:00,8.12,8.36,7.93,8.28,6319200.0
07/28/1995,16:00,8.28,8.32,8.12,8.19,2840802.0
07/31/1995,16:00,8.19,8.21,8.01,8.14,2473602.0
08/01/1995,16:00,8.16,8.16,8.02,8.06,2490000.0
08/02/1995,16:00,8.06,8.14,7.99,8.01,3195600.0
08/03/1995,16:00,7.97,8.23,7.95,8.17,2906802.0
08/04/1995,16:00,8.23,8.45,8.21,8.43,3639600.0
08/07/1995,16:00,8.42,8.54,8.38,8.49,1830402.0
08/08/1995,16:00,8.49,8.53,8.17,8.23,2420802.0
08/09/1995,16:00,8.25,8.47,8.21,8.47,3571200.0
08/10/1995,16:00,8.47,8.66,8.43,8.47,5004000.0
08/11/1995,16:00,8.45,8.47,8.38,8.45,1064802.0
08/14/1995,16:00,8.40,8.64,8.39,8.62,2023200.0
08/15/1995,16:00,8.62,8.86,8.60,8.86,5657202.0
08/16/1995,16:00,8.86,8.97,8.75,8.97,3877200.0
08/17/1995,16:00,8.94,8.95,8.75,8.80,4086000.0
08/18/1995,16:00,8.79,8.84,8.51,8.51,2326002.0
08/21/1995,16:00,8.53,8.64,8.43,8.45,2587200.0
08/22/1995,16:00,8.43,8.56,8.23,8.30,5995602.0
08/23/1995,16:00,8.32,8.53,8.23,8.47,3871200.0
08/24/1995,16:00,8.47,8.88,8.45,8.77,7572000.0
08/25/1995,16:00,8.77,8.86,8.53,8.75,4417602.0
08/28/1995,16:00,8.77,8.79,8.60,8.64,1783200.0
08/29/1995,16:00,8.60,8.71,8.53,8.71,2864400.0
08/30/1995,16:00,8.69,8.73,8.62,8.66,2122002.0
08/31/1995,16:00,8.64,8.88,8.64,8.86,1634400.0
09/01/1995,16:00,8.88,8.92,8.86,8.87,2108802.0
09/05/1995,16:00,8.86,8.90,8.71,8.77,1403202.0
09/06/1995,16:00,8.75,8.84,8.62,8.66,3935202.0
09/07/1995,16:00,8.49,8.88,8.40,8.76,6378402.0
09/08/1995,16:00,8.75,8.88,8.75,8.81,1967202.0
09/11/1995,16:00,8.82,8.86,8.75,8.75,2083602.0
09/12/1995,16:00,8.92,9.31,8.86,9.20,11484402.0
09/13/1995,16:00,9.20,9.23,9.10,9.12,3604002.0
09/14/1995,16:00,9.10,9.51,9.10,9.38,5680002.0
09/15/1995,16:00,9.40,9.42,9.03,9.03,4111200.0
09/18/1995,16:00,8.99,9.34,8.97,9.31,3140802.0
09/19/1995,16:00,9.36,9.44,9.16,9.25,3863202.0
09/20/1995,16:00,9.23,9.40,9.23,9.39,2892000.0
09/21/1995,16:00,9.40,9.40,9.05,9.05,2982402.0
09/22/1995,16:00,9.03,9.34,8.94,9.29,3291600.0
09/25/1995,16:00,9.29,9.34,9.11,9.21,1727202.0
09/26/1995,16:00,9.16,9.20,9.10,9.10,581202.0
09/27/1995,16:00,9.03,9.08,8.92,9.08,2032002.0
09/28/1995,16:00,9.10,9.44,9.03,9.36,4014000.0
09/29/1995,16:00,9.34,9.47,9.31,9.40,1750002.0
10/02/1995,16:00,9.40,9.42,9.08,9.08,1578000.0
10/03/1995,16:00,9.10,9.25,8.97,9.23,3858000.0
10/04/1995,16:00,9.20,9.36,9.08,9.10,2744400.0
10/05/1995,16:00,9.08,9.10,8.77,8.90,2651202.0
10/06/1995,16:00,8.92,9.29,8.86,9.06,4867602.0
10/09/1995,16:00,8.99,9.05,8.71,8.79,3427200.0
10/10/1995,16:00,8.71,9.03,8.66,8.99,3476400.0
10/11/1995,16:00,9.05,9.08,8.97,9.01,1004802.0
10/12/1995,16:00,8.99,9.27,8.99,9.27,2923200.0
10/13/1995,16:00,9.27,9.31,9.08,9.21,2548002.0
10/16/1995,16:00,9.23,9.40,9.18,9.37,2168802.0
10/17/1995,16:00,9.40,9.47,9.29,9.38,2866002.0
10/18/1995,16:00,9.38,9.49,9.38,9.44,2420802.0
10/19/1995,16:00,9.47,9.47,8.94,8.97,7086000.0
10/20/1995,16:00,8.99,9.01,8.81,8.88,4699602.0
10/23/1995,16:00,8.86,8.90,8.64,8.68,3887202.0
10/24/1995,16:00,8.68,8.71,8.40,8.62,6488802.0
10/25/1995,16:00,8.58,8.86,8.58,8.77,3292800.0
10/26/1995,16:00,8.81,8.88,8.30,8.38,6826002.0
10/27/1995,16:00,8.40,8.47,8.19,8.30,4065600.0
10/30/1995,16:00,8.34,8.71,8.32,8.53,4124802.0
10/31/1995,16:00,8.53,8.53,7.84,7.91,15775200.0
11/01/1995,16:00,8.19,8.27,7.99,8.08,12028800.0
11/02/1995,16:00,8.10,8.14,7.80,7.84,4668000.0
11/03/1995,16:00,7.86,8.12,7.78,8.12,8716800.0
11/06/1995,16:00,8.14,8.73,8.12,8.69,10200402.0
11/07/1995,16:00,8.69,8.95,8.60,8.71,6814800.0
11/08/1995,16:00,8.75,8.82,8.71,8.79,3173202.0
11/09/1995,16:00,8.77,9.29,8.77,9.20,7435200.0
11/10/1995,16:00,9.16,9.21,8.94,8.96,4460802.0
11/13/1995,16:00,8.99,9.21,8.79,9.08,3670002.0
11/14/1995,16:00,9.07,9.08,8.66,8.71,3450402.0
11/15/1995,16:00,8.75,8.75,8.62,8.66,2969202.0
11/16/1995,16:00,8.62,8.68,8.38,8.64,4245600.0
11/17/1995,16:00,8.64,8.64,8.14,8.22,2480000.0
11/20/1995,16:00,8.22,8.28,7.86,7.86,2839600.0
11/21/1995,16:00,7.83,7.97,7.75,7.86,4059200.0
11/22/1995,16:00,7.86,7.94,7.44,7.52,2598400.0
11/24/1995,16:00,7.50,7.58,7.24,7.38,1693200.0
11/27/1995,16:00,7.38,7.80,7.33,7.77,6834400.0
11/28/1995,16:00,7.97,8.50,7.86,8.28,7122000.0
11/29/1995,16:00,8.33,8.33,8.11,8.19,2690000.0
11/30/1995,16:00,8.25,9.17,8.17,8.81,14170400.0
12/01/1995,16:00,8.78,8.78,8.43,8.64,3764000.0
12/04/1995,16:00,8.69,8.69,8.50,8.61,2816400.0
12/05/1995,16:00,8.56,9.11,8.56,9.00,3612400.0
12/06/1995,16:00,9.03,9.03,8.67,8.93,2339200.0
12/07/1995,16:00,8.92,8.95,8.75,8.93,1440800.0
12/08/1995,16:00,8.92,8.95,8.69,8.81,2034000.0
12/11/1995,16:00,8.83,8.83,8.47,8.67,2154400.0
12/12/1995,16:00,8.58,8.64,8.50,8.50,1202400.0
12/13/1995,16:00,8.50,8.81,8.47,8.81,1538000.0
12/14/1995,16:00,8.78,8.81,8.47,8.50,3214400.0
12/15/1995,16:00,8.61,9.00,8.61,8.97,5721200.0
12/18/1995,16:00,8.97,8.97,8.61,8.81,3606800.0
12/19/1995,16:00,8.86,8.86,8.67,8.72,2010400.0
12/20/1995,16:00,8.72,8.72,8.61,8.65,2439200.0
12/21/1995,16:00,8.67,9.31,8.64,9.00,3936800.0
12/22/1995,16:00,9.11,9.34,9.00,9.08,3551600.0
12/26/1995,16:00,9.03,9.11,8.78,8.90,2346400.0
12/27/1995,16:00,8.92,9.36,8.89,9.14,2429600.0
12/28/1995,16:00,9.14,9.39,8.95,9.28,2936400.0
12/29/1995,16:00,9.34,9.64,9.34,9.59,2238800.0
01/02/1996,16:00,9.59,10.09,9.53,9.75,4467200.0
01/03/1996,16:00,9.75,10.01,9.70,9.84,3239200.0
01/04/1996,16:00,9.92,10.06,9.56,9.59,2515600.0
01/05/1996,16:00,9.47,9.89,9.39,9.50,3561200.0
01/08/1996,16:00,9.45,9.50,9.29,9.29,429600.0
01/09/1996,16:00,9.34,9.53,9.11,9.36,3796000.0
01/10/1996,16:00,9.34,9.42,8.89,8.97,4273200.0
01/11/1996,16:00,8.97,9.28,8.97,9.28,2874400.0
01/12/1996,16:00,9.31,9.45,8.75,9.03,5562400.0
01/15/1996,16:00,9.03,9.34,9.03,9.20,2021600.0
01/16/1996,16:00,9.20,9.28,8.86,9.10,2560800.0
01/17/1996,16:00,9.06,9.45,9.03,9.45,5400000.0
01/18/1996,16:00,9.45,10.25,9.45,10.20,13264800.0
01/19/1996,16:00,10.17,10.20,9.84,9.89,6759200.0
01/22/1996,16:00,9.92,9.92,9.78,9.84,2646400.0
01/23/1996,16:00,9.78,9.84,9.75,9.84,1279200.0
01/24/1996,16:00,9.89,10.09,9.81,9.86,3585600.0
01/25/1996,16:00,9.86,10.12,9.81,10.09,4043600.0
01/26/1996,16:00,10.03,10.14,9.81,9.95,3454400.0
01/29/1996,16:00,9.89,9.95,9.86,9.86,893600.0
01/30/1996,16:00,9.81,9.81,9.47,9.53,4540800.0
01/31/1996,16:00,9.53,9.84,9.31,9.84,6306400.0
02/01/1996,16:00,9.86,9.86,9.64,9.78,1961600.0
02/02/1996,16:00,9.81,9.81,9.59,9.67,1712400.0
02/05/1996,16:00,9.64,9.67,9.45,9.53,1850800.0
02/06/1996,16:00,9.56,9.84,9.53,9.77,3882400.0
02/07/1996,16:00,9.75,9.89,9.59,9.67,2318400.0
02/08/1996,16:00,9.70,9.81,9.59,9.70,4953200.0
02/09/1996,16:00,9.64,9.70,9.11,9.28,4854000.0
02/12/1996,16:00,9.31,9.39,9.14,9.26,4570400.0
02/13/1996,16:00,9.22,9.45,9.11,9.14,3880800.0
02/14/1996,16:00,9.22,9.25,8.97,9.00,2869600.0
02/15/1996,16:00,8.97,9.14,8.83,9.03,3865200.0
02/16/1996,16:00,9.03,9.03,8.78,8.78,2430000.0
02/20/1996,16:00,8.72,8.78,8.22,8.28,4600000.0
02/21/1996,16:00,8.50,8.97,8.30,8.95,9362000.0
02/22/1996,16:00,9.11,9.11,8.83,8.92,3791200.0
02/23/1996,16:00,8.86,8.92,8.39,8.75,6158800.0
02/26/1996,16:00,8.78,8.83,8.44,8.47,4286400.0
02/27/1996,16:00,8.50,8.53,8.11,8.14,5829200.0
02/28/1996,16:00,8.25,8.64,8.22,8.36,7400000.0
02/29/1996,16:00,8.33,8.58,8.25,8.41,5489200.0
03/01/1996,16:00,8.41,8.95,8.39,8.92,9088800.0
03/04/1996,16:00,8.97,9.06,8.75,8.83,3747200.0
03/05/1996,16:00,8.83,8.89,8.72,8.86,3512800.0
03/06/1996,16:00,8.86,9.25,8.86,9.20,5322400.0
03/07/1996,16:00,9.20,9.47,9.20,9.25,3350400.0
03/08/1996,16:00,9.11,9.36,8.97,9.08,3902000.0
03/11/1996,16:00,9.06,9.14,8.75,8.92,6331200.0
03/12/1996,16:00,8.95,8.95,8.64,8.72,2617200.0
03/13/1996,16:00,8.72,8.81,8.58,8.67,3095200.0
03/14/1996,16:00,8.67,8.69,8.44,8.61,3266400.0
03/15/1996,16:00,8.58,8.86,8.44,8.64,2959600.0
03/18/1996,16:00,8.64,8.64,8.47,8.50,2466400.0
03/19/1996,16:00,8.53,8.53,8.17,8.22,4794000.0
03/20/1996,16:00,8.25,8.69,8.22,8.69,6676800.0
03/21/1996,16:00,8.83,8.95,8.58,8.89,4247200.0
03/22/1996,16:00,9.00,9.03,8.67,8.86,1614800.0
03/25/1996,16:00,8.86,8.86,8.56,8.56,2288800.0
03/26/1996,16:00,8.50,8.78,8.47,8.53,3055200.0
03/27/1996,16:00,8.47,8.56,8.28,8.47,3190800.0
03/28/1996,16:00,8.41,8.56,8.17,8.41,3648400.0
03/29/1996,16:00,8.44,8.53,8.25,8.32,4632800.0
04/01/1996,16:00,8.41,8.44,8.28,8.30,2191600.0
04/02/1996,16:00,8.36,8.81,8.30,8.67,3200400.0
04/03/1996,16:00,8.67,8.72,8.39,8.44,2894000.0
04/04/1996,16:00,8.41,8.61,8.41,8.50,1744800.0
04/08/1996,16:00,8.39,8.39,7.94,8.17,5737200.0
04/09/1996,16:00,8.47,8.67,8.39,8.44,7261200.0
04/10/1996,16:00,8.44,8.50,8.19,8.28,7237600.0
04/11/1996,16:00,8.33,8.36,8.00,8.08,5468400.0
04/12/1996,16:00,8.11,8.39,8.11,8.19,3026400.0
04/15/1996,16:00,8.28,8.56,8.14,8.43,3454000.0
04/16/1996,16:00,8.67,8.69,8.14,8.17,5320000.0
04/17/1996,16:00,8.17,8.61,8.14,8.56,4646400.0
04/18/1996,16:00,8.33,8.33,7.86,8.00,15863200.0
04/19/1996,16:00,8.00,8.22,7.97,8.05,6320800.0
04/22/1996,16:00,8.02,8.11,7.89,8.00,5412800.0
04/23/1996,16:00,8.05,8.05,7.94,7.94,3038000.0
04/24/1996,16:00,7.94,7.97,7.72,7.77,3725600.0
04/25/1996,16:00,7.77,7.91,7.72,7.90,4980000.0
04/26/1996,16:00,7.91,8.17,7.86,8.14,6937200.0
04/29/1996,16:00,8.11,8.36,8.11,8.25,4109600.0
04/30/1996,16:00,8.25,8.25,8.05,8.14,2103200.0
05/01/1996,16:00,8.14,8.22,8.11,8.15,1424400.0
05/02/1996,16:00,8.14,8.19,8.02,8.11,2750400.0
05/03/1996,16:00,8.17,8.22,8.08,8.17,2026400.0
05/06/1996,16:00,8.19,8.39,8.14,8.30,2459200.0
05/07/1996,16:00,8.41,8.44,8.28,8.28,2152000.0
05/08/1996,16:00,8.30,8.30,8.19,8.25,2251600.0
05/09/1996,16:00,8.19,8.41,8.14,8.30,2204000.0
05/10/1996,16:00,8.25,8.30,8.19,8.28,4378000.0
05/13/1996,16:00,8.25,8.36,8.25,8.33,1464000.0
05/14/1996,16:00,8.36,8.39,8.30,8.39,2466400.0
05/15/1996,16:00,8.41,8.47,8.36,8.41,2780400.0
05/16/1996,16:00,8.39,8.39,8.30,8.33,1773600.0
05/17/1996,16:00,8.36,8.39,8.28,8.33,1449600.0
05/20/1996,16:00,8.33,8.75,8.33,8.67,6295200.0
05/21/1996,16:00,8.67,8.72,8.47,8.50,2959200.0
05/22/1996,16:00,8.53,8.69,8.47,8.67,3166000.0
05/23/1996,16:00,8.67,8.72,8.61,8.72,2400400.0
05/24/1996,16:00,8.67,8.72,8.64,8.64,1562000.0
05/28/1996,16:00,8.61,8.69,8.50,8.56,2349600.0
05/29/1996,16:00,8.61,8.61,8.41,8.47,1975200.0
05/30/1996,16:00,8.47,8.61,8.39,8.61,2823600.0
05/31/1996,16:00,8.56,8.58,8.41,8.47,2584000.0
06/03/1996,16:00,8.44,8.50,8.14,8.25,2682400.0
06/04/1996,16:00,8.28,8.30,7.91,8.25,4076400.0
06/05/1996,16:00,8.19,8.25,7.86,7.97,5053600.0
06/06/1996,16:00,7.97,8.08,7.94,7.97,4750400.0
06/07/1996,16:00,7.89,7.94,7.80,7.83,3176000.0
06/10/1996,16:00,7.86,7.89,7.80,7.83,1785600.0
06/11/1996,16:00,7.80,7.83,7.58,7.75,9886400.0
06/12/1996,16:00,7.75,7.97,7.66,7.94,2320400.0
06/13/1996,16:00,8.00,8.05,7.77,7.94,3132000.0
06/14/1996,16:00,7.97,8.00,7.77,7.83,2013200.0
06/17/1996,16:00,7.83,7.89,7.66,7.66,1842800.0
06/18/1996,16:00,7.72,7.80,7.61,7.69,1939200.0
06/19/1996,16:00,7.75,7.86,7.69,7.83,2276000.0
06/20/1996,16:00,7.80,7.91,7.66,7.69,2501200.0
06/21/1996,16:00,7.77,7.86,7.75,7.83,2852400.0
06/24/1996,16:00,7.80,7.89,7.77,7.83,1788000.0
06/25/1996,16:00,7.77,7.86,7.69,7.75,1018400.0
06/26/1996,16:00,7.72,7.83,7.63,7.75,1641600.0
06/27/1996,16:00,7.75,7.83,7.52,7.62,2546400.0
06/28/1996,16:00,7.63,7.75,7.41,7.47,1868400.0
07/01/1996,16:00,7.47,7.80,7.41,7.77,2462800.0
07/02/1996,16:00,7.75,7.77,7.52,7.61,2479200.0
07/03/1996,16:00,7.58,7.63,7.52,7.52,977600.0
07/05/1996,16:00,7.52,7.52,7.44,7.44,370400.0
07/08/1996,16:00,7.44,7.47,7.24,7.33,3890800.0
07/09/1996,16:00,7.47,7.52,7.36,7.47,4221200.0
07/10/1996,16:00,7.50,7.52,7.33,7.37,2556400.0
07/11/1996,16:00,7.36,7.44,7.19,7.37,3356400.0
07/12/1996,16:00,7.36,7.41,7.24,7.33,3118000.0
07/15/1996,16:00,7.27,7.38,7.22,7.29,1885200.0
07/16/1996,16:00,7.27,7.38,6.60,6.91,7706400.0
07/17/1996,16:00,6.91,6.99,6.74,6.90,3916800.0
07/18/1996,16:00,6.85,7.52,6.85,7.41,11386800.0
07/19/1996,16:00,7.36,7.77,7.33,7.61,7916800.0
07/22/1996,16:00,7.58,7.77,7.41,7.63,4628000.0
07/23/1996,16:00,7.63,7.94,7.38,7.44,5261600.0
07/24/1996,16:00,7.24,7.72,7.22,7.58,4942400.0
07/25/1996,16:00,7.55,7.58,7.33,7.41,3420800.0
07/26/1996,16:00,7.41,7.50,7.19,7.24,3154400.0
07/29/1996,16:00,7.24,7.50,7.19,7.22,2311600.0
07/30/1996,16:00,7.24,7.83,7.19,7.77,3647600.0
07/31/1996,16:00,7.83,7.97,7.44,7.50,5942400.0
08/01/1996,16:00,7.52,7.52,7.36,7.47,2899200.0
08/02/1996,16:00,7.52,7.72,7.38,7.58,3820400.0
08/05/1996,16:00,7.58,7.77,7.44,7.63,2281200.0
08/06/1996,16:00,7.63,7.69,7.58,7.66,2219600.0
08/07/1996,16:00,7.72,7.75,7.61,7.72,2801600.0
08/08/1996,16:00,7.69,7.75,7.66,7.72,923600.0
08/09/1996,16:00,7.72,7.89,7.66,7.80,1452800.0
08/12/1996,16:00,7.75,7.86,7.61,7.77,1789600.0
08/13/1996,16:00,7.72,7.77,7.66,7.72,1491200.0
08/14/1996,16:00,7.72,7.77,7.44,7.66,1771200.0
08/15/1996,16:00,7.66,7.77,7.66,7.69,683200.0
08/16/1996,16:00,7.72,7.91,7.69,7.77,1726800.0
08/19/1996,16:00,7.77,7.77,7.63,7.66,1440400.0
08/20/1996,16:00,7.69,7.72,7.61,7.66,1284400.0
08/21/1996,16:00,7.63,7.69,7.63,7.66,1297200.0
08/22/1996,16:00,7.63,7.83,7.63,7.83,2208000.0
08/23/1996,16:00,7.83,7.83,7.61,7.61,1345600.0
08/26/1996,16:00,7.66,7.66,7.61,7.61,278000.0
08/27/1996,16:00,7.66,8.07,7.61,8.05,2823600.0
08/28/1996,16:00,8.02,8.05,7.91,8.00,2463200.0
08/29/1996,16:00,7.91,8.02,7.89,7.91,1225600.0
08/30/1996,16:00,7.91,8.28,7.91,8.00,3157200.0
09/03/1996,16:00,8.02,8.22,7.89,8.19,4253200.0
09/04/1996,16:00,8.17,8.19,7.94,8.02,1360800.0
09/05/1996,16:00,8.00,8.11,7.94,7.94,916000.0
09/06/1996,16:00,8.05,8.25,8.02,8.08,1834000.0
09/09/1996,16:00,8.14,8.36,8.08,8.30,1902400.0
09/10/1996,16:00,8.33,8.78,8.30,8.75,4741600.0
09/11/1996,16:00,8.72,8.86,8.50,8.56,3711600.0
09/12/1996,16:00,8.56,8.69,8.50,8.56,1356400.0
09/13/1996,16:00,8.56,8.75,8.44,8.47,2668400.0
09/16/1996,16:00,8.47,9.00,8.44,8.89,7395600.0
09/17/1996,16:00,8.92,8.97,8.58,8.67,3436400.0
09/18/1996,16:00,8.64,8.75,8.61,8.69,1308000.0
09/19/1996,16:00,8.64,8.81,8.58,8.67,1418400.0
09/20/1996,16:00,8.69,8.92,8.64,8.89,2881600.0
09/23/1996,16:00,8.92,8.92,8.81,8.89,1915200.0
09/24/1996,16:00,8.83,9.03,8.83,8.95,1739200.0
09/25/1996,16:00,8.95,9.22,8.92,9.17,3889200.0
09/26/1996,16:00,9.17,9.22,9.06,9.08,2074000.0
09/27/1996,16:00,9.08,9.25,9.06,9.08,1414800.0
09/30/1996,16:00,9.06,9.17,8.97,9.00,1244400.0
10/01/1996,16:00,9.03,9.56,8.97,9.47,7122000.0
10/02/1996,16:00,9.45,9.45,8.97,9.39,7567200.0
10/03/1996,16:00,9.36,9.45,9.25,9.35,1959600.0
10/04/1996,16:00,9.34,9.64,9.31,9.61,2699600.0
10/07/1996,16:00,9.59,9.61,9.25,9.31,1930000.0
10/08/1996,16:00,9.31,9.34,8.92,8.97,3110400.0
10/09/1996,16:00,9.00,9.03,8.83,8.95,1859600.0
10/10/1996,16:00,8.83,8.92,8.72,8.81,1327200.0
10/11/1996,16:00,8.81,8.86,8.57,8.72,3778400.0
10/14/1996,16:00,8.67,8.97,8.67,8.83,4590000.0
10/15/1996,16:00,8.89,9.00,8.81,8.95,2723200.0
10/16/1996,16:00,8.89,8.95,8.75,8.92,1784000.0
10/17/1996,16:00,8.86,8.92,8.64,8.72,2524400.0
10/18/1996,16:00,8.72,8.92,8.61,8.89,2745600.0
10/21/1996,16:00,8.89,9.11,8.64,8.64,2747200.0
10/22/1996,16:00,8.64,8.69,8.53,8.61,1874400.0
10/23/1996,16:00,8.08,8.61,7.80,8.33,17939600.0
10/24/1996,16:00,8.39,9.45,8.33,9.25,17233200.0
10/25/1996,16:00,9.28,9.42,8.92,9.06,12974800.0
10/28/1996,16:00,9.03,9.25,8.95,8.97,3758000.0
10/29/1996,16:00,8.95,9.08,8.69,8.78,4283600.0
10/30/1996,16:00,8.75,8.92,8.64,8.72,4871600.0
10/31/1996,16:00,8.72,8.83,8.67,8.81,5618000.0
11/01/1996,16:00,8.75,9.11,8.75,9.00,5592400.0
11/04/1996,16:00,9.00,9.22,8.83,8.95,3832400.0
11/05/1996,16:00,8.89,9.03,8.78,8.83,1895600.0
11/06/1996,16:00,8.83,9.08,8.78,9.00,2577200.0
11/07/1996,16:00,8.97,9.06,8.86,8.89,3726400.0
11/08/1996,16:00,8.89,9.17,8.86,9.06,4586400.0
11/11/1996,16:00,9.03,9.22,8.89,9.20,4518000.0
11/12/1996,16:00,9.20,9.25,9.06,9.11,2878400.0
11/13/1996,16:00,9.08,9.11,8.93,8.97,1300400.0
11/14/1996,16:00,8.92,8.97,8.92,8.97,1612400.0
11/15/1996,16:00,9.03,9.08,8.92,8.95,1693600.0
11/18/1996,16:00,8.95,9.00,8.83,8.89,2224800.0
11/19/1996,16:00,8.86,8.92,8.75,8.86,1066000.0
11/20/1996,16:00,8.86,8.86,8.36,8.58,5090800.0
11/21/1996,16:00,8.64,8.86,8.53,8.61,4906400.0
11/22/1996,16:00,8.67,8.72,8.53,8.72,1881600.0
11/25/1996,16:00,8.69,8.97,8.58,8.92,3043200.0
11/26/1996,16:00,8.92,9.42,8.83,9.42,6033200.0
11/27/1996,16:00,9.45,9.53,9.00,9.20,12668400.0
11/29/1996,16:00,9.22,9.42,9.17,9.31,3018000.0
12/02/1996,16:00,9.47,9.53,9.45,9.50,2016000.0
12/03/1996,16:00,9.53,9.64,9.47,9.53,2484000.0
12/04/1996,16:00,9.50,9.56,9.45,9.50,1991600.0
12/05/1996,16:00,9.50,9.59,9.47,9.53,1829600.0
12/06/1996,16:00,9.36,9.45,9.34,9.42,1394000.0
12/09/1996,16:00,9.42,9.47,9.39,9.47,650800.0
12/10/1996,16:00,9.47,9.50,9.36,9.36,911200.0
12/11/1996,16:00,9.25,9.28,9.14,9.17,1902400.0
12/12/1996,16:00,9.20,9.25,9.06,9.06,940000.0
12/13/1996,16:00,8.92,8.97,8.86,8.92,1009200.0
12/16/1996,16:00,8.92,8.95,8.78,8.81,1014400.0
12/17/1996,16:00,8.75,8.83,8.69,8.83,2174400.0
12/18/1996,16:00,8.81,9.03,8.81,9.03,2162800.0
12/19/1996,16:00,9.14,9.28,9.14,9.28,1450000.0
12/20/1996,16:00,9.45,9.45,9.25,9.36,1263200.0
12/23/1996,16:00,9.34,9.36,9.20,9.31,342000.0
12/24/1996,16:00,9.28,9.28,9.25,9.25,100800.0
12/26/1996,16:00,9.28,9.34,9.28,9.31,378800.0
12/27/1996,16:00,9.34,9.34,9.31,9.34,364400.0
12/30/1996,16:00,9.36,9.39,9.25,9.28,502400.0
12/31/1996,16:00,9.39,9.50,9.31,9.45,758800.0
01/02/1997,16:00,9.42,9.47,9.11,9.14,559600.0
01/03/1997,16:00,9.20,9.25,9.20,9.25,924000.0
01/06/1997,16:00,9.25,9.31,9.25,9.31,511600.0
01/07/1997,16:00,9.28,9.31,9.17,9.25,903200.0
01/08/1997,16:00,9.34,9.45,9.14,9.25,1020800.0
01/09/1997,16:00,9.20,9.34,9.20,9.34,1354000.0
01/10/1997,16:00,9.22,9.25,9.14,9.17,1804800.0
01/13/1997,16:00,9.17,9.20,8.92,8.95,2236000.0
01/14/1997,16:00,9.00,9.00,8.58,8.67,4406800.0
01/15/1997,16:00,8.44,8.44,8.14,8.25,15874000.0
01/16/1997,16:00,8.22,8.25,8.00,8.22,14208000.0
01/17/1997,16:00,8.14,8.25,8.11,8.19,11152000.0
01/20/1997,16:00,8.19,8.44,8.17,8.36,3872400.0
01/21/1997,16:00,8.33,8.67,8.22,8.61,4378000.0
01/22/1997,16:00,8.64,8.64,8.47,8.47,1966400.0
01/23/1997,16:00,8.44,8.58,8.33,8.47,2166400.0
01/24/1997,16:00,8.50,8.50,8.30,8.30,4578800.0
01/27/1997,16:00,8.28,8.28,6.94,8.28,2006400.0
01/28/1997,16:00,8.33,8.58,8.30,8.33,2893200.0
01/29/1997,16:00,8.30,8.33,8.11,8.17,1979200.0
01/30/1997,16:00,8.11,8.41,8.05,8.28,4540000.0
01/31/1997,16:00,8.33,8.44,8.25,8.41,2869600.0
02/03/1997,16:00,8.44,8.47,8.36,8.39,1750800.0
02/04/1997,16:00,8.39,8.39,8.30,8.36,678000.0
02/05/1997,16:00,8.19,8.30,8.08,8.14,1738000.0
02/06/1997,16:00,8.14,8.36,8.11,8.25,2212000.0
02/07/1997,16:00,8.30,8.36,8.22,8.33,1084800.0
02/10/1997,16:00,8.25,8.30,8.14,8.14,1868000.0
02/11/1997,16:00,8.08,8.14,8.02,8.05,1901600.0
02/12/1997,16:00,8.02,8.11,8.02,8.08,1297200.0
02/13/1997,16:00,8.14,8.58,8.08,8.53,2589200.0
02/14/1997,16:00,8.58,8.69,8.53,8.61,2228400.0
02/18/1997,16:00,8.72,8.75,8.64,8.75,1309200.0
02/19/1997,16:00,8.69,8.69,8.58,8.58,1070800.0
02/20/1997,16:00,8.58,8.61,8.47,8.56,1203600.0
02/21/1997,16:00,8.61,8.78,8.58,8.78,1885200.0
02/24/1997,16:00,8.72,9.00,8.72,8.86,2523200.0
02/25/1997,16:00,8.83,8.89,8.69,8.72,1689600.0
02/26/1997,16:00,8.72,9.06,8.69,9.06,2748400.0
02/27/1997,16:00,8.97,9.00,8.75,8.95,956400.0
02/28/1997,16:00,8.92,8.95,8.81,8.81,1291200.0
03/03/1997,16:00,8.69,8.72,8.61,8.67,860400.0
03/04/1997,16:00,8.61,8.64,8.25,8.36,2348400.0
03/05/1997,16:00,8.36,8.61,8.30,8.61,2158800.0
03/06/1997,16:00,8.61,8.61,8.39,8.41,1233200.0
03/07/1997,16:00,8.44,8.56,8.41,8.50,1674800.0
03/10/1997,16:00,8.50,8.58,8.47,8.50,654400.0
03/11/1997,16:00,8.50,8.53,8.33,8.44,3784400.0
03/12/1997,16:00,8.22,8.28,7.97,8.11,5149600.0
03/13/1997,16:00,7.97,8.11,7.83,7.86,6188800.0
03/14/1997,16:00,7.86,7.89,7.69,7.80,4242800.0
03/17/1997,16:00,7.63,7.75,7.61,7.63,2180400.0
03/18/1997,16:00,7.50,7.63,7.27,7.52,5520800.0
03/19/1997,16:00,7.52,7.55,7.36,7.52,1581200.0
03/20/1997,16:00,7.52,7.55,7.44,7.50,1933600.0
03/21/1997,16:00,7.52,7.55,7.36,7.41,4030400.0
03/24/1997,16:00,7.44,7.52,7.44,7.50,1602400.0
03/25/1997,16:00,7.55,7.69,7.52,7.58,3663600.0
03/26/1997,16:00,7.72,7.83,7.69,7.75,3269200.0
03/27/1997,16:00,7.75,7.77,7.66,7.72,1995600.0
03/31/1997,16:00,7.75,8.00,7.44,7.44,3185200.0
04/01/1997,16:00,7.44,7.63,7.38,7.58,2356000.0
04/02/1997,16:00,7.58,7.61,7.50,7.55,1264800.0
04/03/1997,16:00,7.52,7.58,7.50,7.58,859200.0
04/04/1997,16:00,7.50,7.63,7.50,7.63,1078000.0
04/07/1997,16:00,7.69,7.77,7.66,7.69,756400.0
04/08/1997,16:00,7.66,7.75,7.58,7.72,517600.0
04/09/1997,16:00,7.75,7.75,7.55,7.58,898800.0
04/10/1997,16:00,7.58,7.58,7.47,7.55,588800.0
04/11/1997,16:00,7.38,7.50,7.30,7.30,1939200.0
04/14/1997,16:00,7.30,7.36,7.22,7.36,1191600.0
04/15/1997,16:00,7.44,7.44,7.30,7.44,3308800.0
04/16/1997,16:00,7.38,7.44,7.27,7.41,1813200.0
04/17/1997,16:00,7.16,7.24,6.85,6.91,7636400.0
04/18/1997,16:00,6.91,6.91,6.69,6.80,4141600.0
04/21/1997,16:00,6.74,6.77,6.52,6.57,1700400.0
04/22/1997,16:00,6.57,6.60,6.41,6.49,3267200.0
04/23/1997,16:00,6.63,6.83,6.63,6.74,2876400.0
04/24/1997,16:00,6.91,6.99,6.83,6.91,1783200.0
04/25/1997,16:00,6.91,6.94,6.72,6.74,838000.0
04/28/1997,16:00,6.74,6.74,6.69,6.69,956000.0
04/29/1997,16:00,6.77,6.94,6.72,6.94,1113600.0
04/30/1997,16:00,6.91,7.24,6.91,7.24,1004400.0
05/01/1997,16:00,7.24,7.33,7.13,7.33,2271200.0
05/02/1997,16:00,7.33,7.58,7.24,7.58,1656000.0
05/05/1997,16:00,7.75,7.91,7.69,7.89,1998400.0
05/06/1997,16:00,7.89,8.00,7.75,7.75,1798400.0
05/07/1997,16:00,7.69,7.75,7.66,7.75,1063600.0
05/08/1997,16:00,7.69,7.75,7.63,7.66,606400.0
05/09/1997,16:00,7.86,7.86,7.80,7.83,1020800.0
05/12/1997,16:00,7.86,7.94,7.86,7.91,1362800.0
05/13/1997,16:00,7.80,7.94,7.77,7.83,1833600.0
05/14/1997,16:00,7.86,8.11,7.86,8.08,1554800.0
05/15/1997,16:00,8.08,8.19,7.91,8.02,1713600.0
05/16/1997,16:00,7.97,8.00,7.83,8.00,2220800.0
05/19/1997,16:00,7.83,7.91,7.69,7.80,2722400.0
05/20/1997,16:00,7.69,7.75,7.55,7.69,2170000.0
05/21/1997,16:00,7.72,7.94,7.72,7.86,3578800.0
05/22/1997,16:00,7.89,7.89,7.69,7.69,2265600.0
05/23/1997,16:00,7.75,7.86,7.72,7.75,2269200.0
05/27/1997,16:00,7.75,7.77,7.61,7.72,1814800.0
05/28/1997,16:00,7.69,7.75,7.63,7.66,806000.0
05/29/1997,16:00,7.69,7.77,7.66,7.69,1140000.0
05/30/1997,16:00,7.66,7.69,7.55,7.55,2442800.0
06/02/1997,16:00,7.58,7.69,7.50,7.69,1552000.0
06/03/1997,16:00,7.66,7.69,7.52,7.55,2280400.0
06/04/1997,16:00,7.52,7.66,7.50,7.66,1785600.0
06/05/1997,16:00,7.69,7.91,7.69,7.91,3112800.0
06/06/1997,16:00,7.91,7.97,7.80,7.91,1065600.0
06/09/1997,16:00,7.94,8.05,7.83,8.02,1808800.0
06/10/1997,16:00,8.05,8.17,8.00,8.14,1425200.0
06/11/1997,16:00,8.11,8.17,7.97,8.11,2441200.0
06/12/1997,16:00,8.08,8.14,8.02,8.08,963200.0
06/13/1997,16:00,8.08,8.19,8.02,8.19,1877600.0
06/16/1997,16:00,8.17,8.22,8.14,8.19,901600.0
06/17/1997,16:00,8.19,8.47,8.17,8.41,1854000.0
06/18/1997,16:00,8.41,8.64,8.36,8.61,3226000.0
06/19/1997,16:00,8.58,8.89,8.56,8.81,1494000.0
06/20/1997,16:00,8.72,8.86,8.69,8.86,2433600.0
06/23/1997,16:00,8.81,8.89,8.75,8.81,1892000.0
06/24/1997,16:00,8.75,8.81,8.64,8.67,2050000.0
06/25/1997,16:00,8.72,8.86,8.67,8.69,2654400.0
06/26/1997,16:00,8.69,8.92,8.69,8.86,700800.0
06/27/1997,16:00,8.86,9.03,8.75,8.78,1700000.0
06/30/1997,16:00,8.81,8.83,8.58,8.69,1216800.0
07/01/1997,16:00,8.75,8.92,8.72,8.78,3537600.0
07/02/1997,16:00,8.78,8.81,8.69,8.72,2192400.0
07/03/1997,16:00,8.83,8.83,8.69,8.75,761200.0
07/07/1997,16:00,8.75,8.75,8.61,8.64,731200.0
07/08/1997,16:00,8.64,8.78,8.64,8.67,1051600.0
07/09/1997,16:00,8.67,8.72,8.56,8.58,1560000.0
07/10/1997,16:00,8.56,8.61,8.47,8.58,1824800.0
07/11/1997,16:00,8.56,8.64,8.53,8.58,2387600.0
07/14/1997,16:00,8.64,8.72,8.61,8.67,691600.0
07/15/1997,16:00,8.64,8.69,8.58,8.64,1232800.0
07/16/1997,16:00,8.81,9.06,8.75,8.97,3902000.0
07/17/1997,16:00,8.92,8.97,8.92,8.95,5174000.0
07/18/1997,16:00,8.78,8.78,8.69,8.75,1314400.0
07/21/1997,16:00,8.83,8.95,8.81,8.92,1978800.0
07/22/1997,16:00,9.17,9.45,9.03,9.39,2933600.0
07/23/1997,16:00,9.42,9.47,9.31,9.45,3126400.0
07/24/1997,16:00,9.56,9.57,9.31,9.36,4036400.0
07/25/1997,16:00,9.42,9.45,9.08,9.14,2222000.0
07/28/1997,16:00,9.22,9.25,9.17,9.20,2297200.0
07/29/1997,16:00,9.08,9.11,9.00,9.06,1176800.0
07/30/1997,16:00,9.08,9.14,9.00,9.11,769200.0
07/31/1997,16:00,9.14,9.17,9.06,9.10,639600.0
08/01/1997,16:00,9.14,9.45,9.13,9.43,1636400.0
08/04/1997,16:00,9.45,9.50,9.20,9.25,1427200.0
08/05/1997,16:00,9.25,9.28,9.14,9.25,1780400.0
08/06/1997,16:00,9.25,9.39,9.22,9.36,1196400.0
08/07/1997,16:00,9.36,9.42,9.14,9.14,545600.0
08/08/1997,16:00,9.14,9.17,9.03,9.08,1295200.0
08/11/1997,16:00,9.08,9.08,9.00,9.06,604400.0
08/12/1997,16:00,9.11,9.22,9.08,9.14,780800.0
08/13/1997,16:00,9.22,9.25,8.92,8.92,1266400.0
08/14/1997,16:00,8.78,8.89,8.58,8.67,2826800.0
08/15/1997,16:00,8.67,8.81,8.64,8.69,1361200.0
08/18/1997,16:00,8.69,8.72,8.53,8.67,866000.0
08/19/1997,16:00,8.72,8.92,8.69,8.89,1278400.0
08/20/1997,16:00,8.86,8.89,8.78,8.78,1174000.0
08/21/1997,16:00,8.81,8.92,8.69,8.78,1563200.0
08/22/1997,16:00,8.61,8.69,8.56,8.69,1562800.0
08/25/1997,16:00,8.69,8.86,8.58,8.61,599600.0
08/26/1997,16:00,8.50,8.61,8.41,8.47,1336000.0
08/27/1997,16:00,8.56,8.61,8.47,8.61,1537200.0
08/28/1997,16:00,8.61,8.67,8.47,8.56,666000.0
08/29/1997,16:00,8.50,8.56,8.47,8.50,629200.0
09/02/1997,16:00,8.47,8.61,8.47,8.61,1122000.0
09/03/1997,16:00,8.67,8.81,8.58,8.69,916800.0
09/04/1997,16:00,8.69,8.75,8.64,8.75,475600.0
09/05/1997,16:00,8.69,8.81,8.41,8.58,3508400.0
09/08/1997,16:00,8.58,8.72,8.58,8.58,1003600.0
09/09/1997,16:00,8.56,8.67,8.11,8.11,1091200.0
09/10/1997,16:00,8.14,8.36,8.14,8.14,3270800.0
09/11/1997,16:00,8.17,8.19,7.94,8.02,2012000.0
09/12/1997,16:00,8.00,8.02,7.80,7.89,2166000.0
09/15/1997,16:00,7.86,7.91,7.55,7.69,2288400.0
09/16/1997,16:00,7.69,7.72,7.50,7.66,4090400.0
09/17/1997,16:00,7.69,7.69,7.41,7.58,2412000.0
09/18/1997,16:00,7.13,7.63,7.11,7.47,11854400.0
09/19/1997,16:00,7.72,8.14,7.61,8.14,7801600.0
09/22/1997,16:00,8.19,8.33,8.02,8.05,4066800.0
09/23/1997,16:00,8.02,8.08,7.75,7.83,2901600.0
09/24/1997,16:00,7.83,7.89,7.63,7.66,3983200.0
09/25/1997,16:00,7.63,7.75,7.58,7.69,1817200.0
09/26/1997,16:00,7.75,7.89,7.69,7.83,1805600.0
09/29/1997,16:00,7.80,7.83,7.63,7.77,1571600.0
09/30/1997,16:00,7.80,7.83,7.69,7.83,1601200.0
10/01/1997,16:00,7.86,7.94,7.72,7.77,1748800.0
10/02/1997,16:00,7.75,7.77,7.63,7.69,1182000.0
10/03/1997,16:00,7.75,7.80,7.55,7.61,1644800.0
10/06/1997,16:00,7.55,7.55,7.41,7.41,2246000.0
10/07/1997,16:00,7.41,7.44,7.22,7.24,3297600.0
10/08/1997,16:00,7.30,7.33,7.19,7.22,2046800.0
10/09/1997,16:00,7.11,7.19,7.11,7.13,1672400.0
10/10/1997,16:00,7.16,7.44,7.13,7.44,7002400.0
10/13/1997,16:00,7.44,7.50,7.22,7.30,1732400.0
10/14/1997,16:00,7.27,7.58,7.22,7.47,5198000.0
10/15/1997,16:00,7.58,7.58,7.47,7.52,2417600.0
10/16/1997,16:00,7.52,7.69,7.44,7.52,2238800.0
10/17/1997,16:00,7.50,7.52,7.44,7.50,1854400.0
10/20/1997,16:00,7.52,7.66,7.47,7.63,1346400.0
10/21/1997,16:00,7.66,7.66,7.55,7.58,1621600.0
10/22/1997,16:00,7.50,7.58,7.44,7.52,1978000.0
10/23/1997,16:00,7.47,7.55,7.36,7.38,1569200.0
10/24/1997,16:00,7.47,7.47,7.05,7.08,1946000.0
10/27/1997,16:00,7.02,7.12,6.30,6.56,1999600.0
10/28/1997,16:00,6.46,6.90,6.35,6.84,3809600.0
10/29/1997,16:00,6.74,6.78,6.49,6.60,4802000.0
10/30/1997,16:00,6.51,6.85,6.46,6.67,1404800.0
10/31/1997,16:00,6.73,6.76,6.49,6.76,1761200.0
11/03/1997,16:00,6.76,6.88,6.76,6.78,1118400.0
11/04/1997,16:00,6.78,6.78,6.67,6.70,2702400.0
11/05/1997,16:00,6.95,7.16,6.85,6.94,1657200.0
11/06/1997,16:00,7.02,7.03,6.85,6.88,1274800.0
11/07/1997,16:00,6.74,6.78,6.63,6.78,1613200.0
11/10/1997,16:00,6.90,6.97,6.85,6.91,1086800.0
11/11/1997,16:00,6.88,7.02,6.88,7.02,1010400.0
11/12/1997,16:00,6.91,6.97,6.81,6.84,1145200.0
11/13/1997,16:00,6.81,6.97,6.76,6.84,632000.0
11/14/1997,16:00,6.84,6.97,6.81,6.91,697200.0
11/17/1997,16:00,6.92,7.08,6.91,6.92,1923600.0
11/18/1997,16:00,6.94,6.94,6.80,6.85,2445200.0
11/19/1997,16:00,6.85,6.91,6.83,6.85,1066800.0
11/20/1997,16:00,6.87,6.94,6.83,6.91,2503600.0
11/21/1997,16:00,6.92,6.98,6.84,6.85,2797200.0
11/24/1997,16:00,6.83,6.83,6.57,6.69,1805600.0
11/25/1997,16:00,6.69,6.74,6.51,6.60,2272800.0
11/26/1997,16:00,6.66,6.67,6.49,6.52,1318800.0
11/28/1997,16:00,6.57,6.66,6.56,6.60,369600.0
12/01/1997,16:00,6.66,6.69,6.53,6.57,1133200.0
12/02/1997,16:00,6.62,6.63,6.51,6.51,955600.0
12/03/1997,16:00,6.56,6.73,6.53,6.70,1471600.0
12/04/1997,16:00,6.69,6.72,6.57,6.64,1225600.0
12/05/1997,16:00,6.63,6.77,6.60,6.77,2801600.0
12/08/1997,16:00,6.74,6.76,6.62,6.62,1564000.0
12/09/1997,16:00,6.67,6.77,6.62,6.66,1134400.0
12/10/1997,16:00,6.57,6.62,6.53,6.55,1226400.0
12/11/1997,16:00,6.49,6.55,6.38,6.46,1882800.0
12/12/1997,16:00,6.45,6.48,6.28,6.30,1171200.0
12/15/1997,16:00,6.24,6.27,6.02,6.03,2051200.0
12/16/1997,16:00,6.05,6.21,6.03,6.06,2759600.0
12/17/1997,16:00,6.13,6.46,6.13,6.45,2362000.0
12/18/1997,16:00,6.49,6.63,6.46,6.63,3336800.0
12/19/1997,16:00,6.60,6.64,6.46,6.59,2722800.0
12/22/1997,16:00,6.60,6.83,6.60,6.83,1531200.0
12/23/1997,16:00,6.80,7.08,6.76,6.99,1942000.0
12/24/1997,16:00,6.99,6.99,6.80,6.83,1366000.0
12/26/1997,16:00,6.77,6.81,6.70,6.78,427200.0
12/29/1997,16:00,6.77,6.88,6.55,6.67,1482800.0
12/30/1997,16:00,6.73,6.85,6.69,6.76,1327600.0
12/31/1997,16:00,6.77,6.91,6.76,6.80,1468000.0
01/02/1998,16:00,6.81,7.30,6.80,7.24,1701200.0
01/05/1998,16:00,7.13,7.19,6.90,6.99,2210800.0
01/06/1998,16:00,6.99,6.99,6.91,6.92,808000.0
01/07/1998,16:00,6.91,7.08,6.84,7.05,2767600.0
01/08/1998,16:00,7.08,7.09,6.90,7.03,1394000.0
01/09/1998,16:00,7.01,7.01,6.69,6.74,1290400.0
01/12/1998,16:00,6.48,6.67,6.48,6.59,1322800.0
01/13/1998,16:00,6.60,6.78,6.59,6.73,1547200.0
01/14/1998,16:00,6.78,7.16,6.60,7.02,3060400.0
01/15/1998,16:00,7.01,7.05,6.88,6.90,2712400.0
01/16/1998,16:00,6.97,6.97,6.85,6.88,2050000.0
01/20/1998,16:00,6.94,6.98,6.88,6.91,2436000.0
01/21/1998,16:00,6.92,7.13,6.92,7.05,1530400.0
01/22/1998,16:00,6.99,7.08,6.87,7.06,681600.0
01/23/1998,16:00,7.08,7.31,7.08,7.26,1297600.0
01/26/1998,16:00,7.31,7.33,7.16,7.16,1038400.0
01/27/1998,16:00,7.16,7.29,7.16,7.24,890800.0
01/28/1998,16:00,7.30,7.33,7.22,7.33,457200.0
01/29/1998,16:00,7.34,7.54,7.31,7.31,1240400.0
01/30/1998,16:00,7.27,7.41,7.15,7.24,659600.0
02/02/1998,16:00,7.30,7.69,7.30,7.65,1927200.0
02/03/1998,16:00,7.66,7.91,7.62,7.90,2369600.0
02/04/1998,16:00,7.91,8.05,7.83,7.84,2319600.0
02/05/1998,16:00,7.90,7.90,7.66,7.72,1070800.0
02/06/1998,16:00,7.66,7.86,7.66,7.77,717200.0
02/09/1998,16:00,7.79,7.79,7.48,7.57,1879200.0
02/10/1998,16:00,7.63,8.01,7.63,7.70,3468000.0
02/11/1998,16:00,7.70,7.86,7.69,7.73,1240400.0
02/12/1998,16:00,8.02,8.30,7.87,8.29,9996000.0
02/13/1998,16:00,8.28,8.47,8.11,8.11,6039600.0
02/17/1998,16:00,8.04,8.15,8.04,8.09,1500400.0
02/18/1998,16:00,8.12,8.23,8.05,8.12,1097600.0
02/19/1998,16:00,8.02,8.02,7.91,7.97,1338400.0
02/20/1998,16:00,8.04,8.04,7.91,7.96,924000.0
02/23/1998,16:00,8.04,8.08,8.00,8.07,1135200.0
02/24/1998,16:00,8.04,8.08,8.00,8.05,702400.0
02/25/1998,16:00,8.08,8.18,8.04,8.12,948400.0
02/26/1998,16:00,8.08,8.09,7.98,8.08,545600.0
02/27/1998,16:00,8.08,8.17,8.07,8.14,1063200.0
03/02/1998,16:00,8.11,8.17,8.08,8.14,1638000.0
03/03/1998,16:00,8.11,8.15,8.05,8.11,860800.0
03/04/1998,16:00,8.08,8.12,8.00,8.00,726400.0
03/05/1998,16:00,7.94,7.96,7.83,7.84,820000.0
03/06/1998,16:00,7.81,8.02,7.81,7.96,1068800.0
03/09/1998,16:00,7.93,8.08,7.90,8.02,1467200.0
03/10/1998,16:00,8.04,8.09,8.00,8.04,1495600.0
03/11/1998,16:00,8.02,8.08,7.94,8.00,2228400.0
03/12/1998,16:00,8.00,8.02,7.81,7.83,1466800.0
03/13/1998,16:00,7.89,8.39,7.87,8.35,2771200.0
03/16/1998,16:00,8.30,8.35,8.17,8.23,982400.0
03/17/1998,16:00,8.22,8.23,8.09,8.09,904000.0
03/18/1998,16:00,8.14,8.17,8.08,8.11,952000.0
03/19/1998,16:00,8.11,8.11,7.98,8.00,1132000.0
03/20/1998,16:00,7.97,8.00,7.86,7.91,1040400.0
03/23/1998,16:00,7.94,8.14,7.89,7.91,909600.0
03/24/1998,16:00,8.01,8.19,8.01,8.15,1178000.0
03/25/1998,16:00,8.22,8.41,8.15,8.15,2130400.0
03/26/1998,16:00,8.25,8.29,8.00,8.01,1386800.0
03/27/1998,16:00,8.02,8.09,7.69,7.76,1174000.0
03/30/1998,16:00,7.77,7.89,7.58,7.63,1061600.0
03/31/1998,16:00,7.65,7.75,7.44,7.45,1834000.0
04/01/1998,16:00,7.52,7.68,7.51,7.66,3930000.0
04/02/1998,16:00,7.68,7.76,7.63,7.73,1607200.0
04/03/1998,16:00,7.72,7.87,7.72,7.83,1416800.0
04/06/1998,16:00,7.83,7.84,7.70,7.80,1859600.0
04/07/1998,16:00,7.75,7.93,7.75,7.89,1577200.0
04/08/1998,16:00,7.94,7.97,7.89,7.93,1432400.0
04/09/1998,16:00,7.93,8.09,7.89,7.93,865600.0
04/13/1998,16:00,8.00,8.00,7.90,7.93,1456800.0
04/14/1998,16:00,7.91,8.00,7.89,7.93,1834400.0
04/15/1998,16:00,7.90,7.96,7.89,7.89,1375200.0
04/16/1998,16:00,7.86,7.91,7.69,7.75,1733600.0
04/17/1998,16:00,7.75,7.75,7.69,7.75,1388000.0
04/20/1998,16:00,7.72,7.89,7.70,7.86,1235200.0
04/21/1998,16:00,7.83,7.96,7.77,7.94,1223200.0
04/22/1998,16:00,7.97,8.07,7.90,7.94,1424800.0
04/23/1998,16:00,7.90,7.90,7.54,7.69,1649600.0
04/24/1998,16:00,7.63,7.63,7.45,7.54,1979200.0
04/27/1998,16:00,7.37,7.51,7.37,7.40,993200.0
04/28/1998,16:00,7.52,7.77,7.50,7.72,1745200.0
04/29/1998,16:00,7.63,7.73,7.59,7.72,982400.0
04/30/1998,16:00,7.79,7.91,7.72,7.90,1395200.0
05/01/1998,16:00,8.39,8.39,8.21,8.30,2126000.0
05/04/1998,16:00,8.29,8.41,8.19,8.40,1590800.0
05/05/1998,16:00,8.39,8.58,8.37,8.58,1832000.0
05/06/1998,16:00,8.58,8.61,8.40,8.58,1795200.0
05/07/1998,16:00,8.58,8.61,8.47,8.48,2346000.0
05/08/1998,16:00,8.48,8.68,8.48,8.65,968800.0
05/11/1998,16:00,8.61,8.67,8.47,8.47,1346800.0
05/12/1998,16:00,8.47,8.68,8.47,8.61,1127600.0
05/13/1998,16:00,8.62,8.81,8.62,8.79,2318000.0
05/14/1998,16:00,8.79,8.85,8.65,8.78,4240400.0
05/15/1998,16:00,8.75,8.75,8.60,8.68,1385200.0
05/18/1998,16:00,8.68,8.69,8.46,8.46,1226000.0
05/19/1998,16:00,8.48,8.56,8.47,8.51,1342800.0
05/20/1998,16:00,8.48,8.54,8.27,8.27,2351200.0
05/21/1998,16:00,8.33,8.36,8.30,8.35,1171600.0
05/22/1998,16:00,8.33,8.40,8.29,8.33,453200.0
05/26/1998,16:00,8.41,8.41,8.15,8.15,862800.0
05/27/1998,16:00,8.08,8.18,7.96,8.00,1496400.0
05/28/1998,16:00,8.00,8.11,7.96,8.07,1642800.0
05/29/1998,16:00,8.05,8.12,7.94,7.97,1192000.0
06/01/1998,16:00,7.97,8.09,7.90,7.97,515600.0
06/02/1998,16:00,7.97,8.00,7.89,7.89,645200.0
06/03/1998,16:00,7.89,7.94,7.84,7.86,559200.0
06/04/1998,16:00,7.89,8.08,7.79,8.02,2438800.0
06/05/1998,16:00,8.04,8.04,7.94,8.02,379600.0
06/08/1998,16:00,8.07,8.18,8.07,8.08,650400.0
06/09/1998,16:00,8.08,8.09,7.96,8.02,648000.0
06/10/1998,16:00,8.11,8.11,7.97,7.98,907200.0
06/11/1998,16:00,7.93,8.00,7.80,7.94,806400.0
06/12/1998,16:00,7.90,7.91,7.77,7.80,745600.0
06/15/1998,16:00,7.80,7.80,7.69,7.73,1146800.0
06/16/1998,16:00,7.72,7.73,7.59,7.65,737600.0
06/17/1998,16:00,7.69,7.75,7.63,7.70,478400.0
06/18/1998,16:00,7.70,7.72,7.65,7.69,513200.0
06/19/1998,16:00,7.65,7.69,7.55,7.57,907600.0
06/22/1998,16:00,7.58,7.77,7.55,7.69,1291200.0
06/23/1998,16:00,7.69,7.76,7.62,7.76,1328000.0
06/24/1998,16:00,7.76,8.05,7.70,7.98,1224800.0
06/25/1998,16:00,7.97,8.05,7.96,8.01,766800.0
06/26/1998,16:00,8.02,8.04,8.00,8.02,973600.0
06/29/1998,16:00,8.25,8.35,8.22,8.28,2291200.0
06/30/1998,16:00,8.33,8.35,8.15,8.21,1437600.0
07/01/1998,16:00,8.19,8.19,7.93,8.00,2225600.0
07/02/1998,16:00,7.91,8.19,7.90,8.09,1318400.0
07/06/1998,16:00,8.08,8.17,8.04,8.15,779600.0
07/07/1998,16:00,8.14,8.14,8.01,8.04,1106800.0
07/08/1998,16:00,8.02,8.17,8.02,8.12,867200.0
07/09/1998,16:00,8.09,8.12,7.98,7.98,424400.0
07/10/1998,16:00,7.98,8.00,7.89,7.97,508000.0
07/13/1998,16:00,7.94,8.05,7.87,7.91,950400.0
07/14/1998,16:00,7.93,7.96,7.80,7.81,1066000.0
07/15/1998,16:00,7.81,8.00,7.81,7.91,484800.0
07/16/1998,16:00,7.75,7.80,7.48,7.65,3858800.0
07/17/1998,16:00,7.59,7.61,7.54,7.57,1669600.0
07/20/1998,16:00,7.55,7.57,7.41,7.41,905600.0
07/21/1998,16:00,7.36,7.36,6.57,6.69,7485600.0
07/22/1998,16:00,6.80,6.88,6.69,6.69,3616800.0
07/23/1998,16:00,6.10,6.52,5.68,5.91,6375600.0
07/24/1998,16:00,5.91,5.93,5.71,5.77,4115600.0
07/27/1998,16:00,5.81,5.93,5.72,5.91,3355600.0
07/28/1998,16:00,5.91,5.95,5.79,5.91,1903200.0
07/29/1998,16:00,5.89,6.39,5.89,6.38,2390400.0
07/30/1998,16:00,6.41,6.91,6.41,6.87,3201600.0
07/31/1998,16:00,6.87,7.08,6.69,6.80,1909200.0
08/03/1998,16:00,6.80,6.80,6.49,6.52,845600.0
08/04/1998,16:00,6.55,6.57,6.20,6.20,1236000.0
08/05/1998,16:00,6.20,6.21,5.92,6.02,2318400.0
08/06/1998,16:00,6.02,6.06,5.93,6.00,1675200.0
08/07/1998,16:00,6.00,6.06,5.89,5.99,2632000.0
08/10/1998,16:00,5.93,6.06,5.85,5.97,2089600.0
08/11/1998,16:00,5.88,5.89,5.68,5.77,1081600.0
08/12/1998,16:00,5.88,5.89,5.53,5.58,1808400.0
08/13/1998,16:00,5.63,5.77,5.56,5.60,866000.0
08/14/1998,16:00,5.63,5.66,5.49,5.52,2441200.0
08/17/1998,16:00,5.49,5.71,5.46,5.58,1277200.0
08/18/1998,16:00,5.60,5.72,5.60,5.68,1322000.0
08/19/1998,16:00,5.71,5.89,5.68,5.88,1697200.0
08/20/1998,16:00,5.82,5.89,5.78,5.81,951600.0
08/21/1998,16:00,5.68,5.70,5.47,5.63,1393600.0
08/24/1998,16:00,5.68,5.70,5.60,5.66,975200.0
08/25/1998,16:00,5.77,5.77,5.46,5.47,1128400.0
08/26/1998,16:00,5.42,5.45,5.25,5.33,1233200.0
08/27/1998,16:00,5.29,5.33,5.03,5.17,1100000.0
08/28/1998,16:00,5.14,5.18,4.82,4.90,3158000.0
08/31/1998,16:00,4.96,5.03,4.73,4.92,2140000.0
09/01/1998,16:00,4.96,5.24,4.82,5.07,1543600.0
09/02/1998,16:00,5.03,5.11,4.62,4.65,1250000.0
09/03/1998,16:00,4.65,4.89,4.47,4.80,933600.0
09/04/1998,16:00,4.86,4.89,4.68,4.89,863200.0
09/08/1998,16:00,5.04,5.08,4.64,4.89,3071200.0
09/09/1998,16:00,4.92,4.92,4.57,4.60,3008000.0
09/10/1998,16:00,4.57,4.57,4.34,4.34,2546400.0
09/11/1998,16:00,4.34,4.51,4.28,4.34,2504800.0
09/14/1998,16:00,4.50,4.65,4.47,4.57,2277600.0
09/15/1998,16:00,4.60,4.62,4.44,4.57,5302400.0
09/16/1998,16:00,4.62,5.29,4.52,5.27,3664400.0
09/17/1998,16:00,5.33,5.54,4.93,5.33,2924400.0
09/18/1998,16:00,5.36,5.43,5.29,5.39,896400.0
09/21/1998,16:00,5.21,5.40,5.07,5.25,1272800.0
09/22/1998,16:00,5.27,5.46,5.25,5.39,1364000.0
09/23/1998,16:00,5.40,5.42,5.35,5.39,1022000.0
09/24/1998,16:00,5.36,5.42,5.27,5.32,884400.0
09/25/1998,16:00,5.29,5.31,5.18,5.24,1464800.0
09/28/1998,16:00,5.24,5.35,5.18,5.33,1252800.0
09/29/1998,16:00,5.38,5.43,5.33,5.36,912400.0
09/30/1998,16:00,5.36,5.38,5.15,5.15,1762400.0
10/01/1998,16:00,5.15,5.21,4.89,4.89,1642400.0
10/02/1998,16:00,4.90,4.94,4.83,4.88,2491600.0
10/05/1998,16:00,4.89,4.90,4.62,4.76,1336000.0
10/06/1998,16:00,4.79,4.86,4.71,4.73,1598400.0
10/07/1998,16:00,4.75,4.78,4.57,4.58,1189600.0
10/08/1998,16:00,4.46,4.57,4.28,4.47,1789600.0
10/09/1998,16:00,4.44,4.67,4.41,4.67,1629200.0
10/12/1998,16:00,4.71,4.73,4.55,4.57,2058800.0
10/13/1998,16:00,4.61,4.65,4.48,4.60,767600.0
10/14/1998,16:00,4.64,4.68,4.48,4.60,945200.0
10/15/1998,16:00,4.57,4.82,4.46,4.68,1864000.0
10/16/1998,16:00,4.85,5.01,4.73,4.93,1027600.0
10/19/1998,16:00,4.99,5.14,4.94,5.04,670000.0
10/20/1998,16:00,5.29,5.31,5.18,5.27,1211200.0
10/21/1998,16:00,5.42,5.79,5.38,5.71,2054400.0
10/22/1998,16:00,5.77,6.38,5.68,6.38,3141200.0
10/23/1998,16:00,6.38,6.41,6.09,6.24,3046800.0
10/26/1998,16:00,6.02,6.30,5.92,6.20,2448000.0
10/27/1998,16:00,6.17,6.25,6.00,6.03,1192000.0
10/28/1998,16:00,6.05,6.05,5.88,5.91,1102400.0
10/29/1998,16:00,5.91,6.34,5.79,6.34,3169600.0
10/30/1998,16:00,6.35,6.45,6.30,6.30,2216000.0
11/02/1998,16:00,6.30,6.39,6.24,6.34,1226800.0
11/03/1998,16:00,6.34,6.34,6.27,6.27,600400.0
11/04/1998,16:00,6.28,6.51,6.27,6.37,993600.0
11/05/1998,16:00,6.37,6.78,6.34,6.77,2335200.0
11/06/1998,16:00,6.78,6.90,6.77,6.90,1551200.0
11/09/1998,16:00,6.87,6.87,6.57,6.73,1863600.0
11/10/1998,16:00,6.60,6.73,6.55,6.70,1319600.0
11/11/1998,16:00,6.67,6.77,6.64,6.69,493200.0
11/12/1998,16:00,6.64,6.66,6.51,6.64,467600.0
11/13/1998,16:00,6.60,6.77,6.55,6.69,842000.0
11/16/1998,16:00,6.85,6.85,6.67,6.74,901600.0
11/17/1998,16:00,6.80,6.80,6.55,6.57,1740000.0
11/18/1998,16:00,6.56,6.69,6.52,6.62,1033600.0
11/19/1998,16:00,6.62,6.64,6.51,6.57,1207200.0
11/20/1998,16:00,6.60,6.62,6.53,6.60,1276000.0
11/23/1998,16:00,6.56,6.59,6.46,6.52,656000.0
11/24/1998,16:00,6.55,6.67,6.49,6.55,839600.0
11/25/1998,16:00,6.52,6.55,6.44,6.55,1642000.0
11/27/1998,16:00,6.57,6.57,6.51,6.53,397200.0
11/30/1998,16:00,6.62,6.63,6.44,6.48,1762800.0
12/01/1998,16:00,6.45,6.73,6.44,6.72,1259600.0
12/02/1998,16:00,6.69,7.11,6.67,7.08,2110400.0
12/03/1998,16:00,7.02,7.03,6.70,6.90,1688000.0
12/04/1998,16:00,6.91,6.97,6.85,6.92,794000.0
12/07/1998,16:00,6.98,6.98,6.73,6.77,502000.0
12/08/1998,16:00,6.72,6.72,6.62,6.66,792000.0
12/09/1998,16:00,6.64,6.78,6.59,6.74,852800.0
12/10/1998,16:00,6.69,6.72,6.62,6.64,823600.0
12/11/1998,16:00,6.64,6.73,6.63,6.72,1046800.0
12/14/1998,16:00,6.72,6.97,6.72,6.83,1480800.0
12/15/1998,16:00,6.81,6.92,6.51,6.59,1415200.0
12/16/1998,16:00,6.60,6.60,6.32,6.46,1118800.0
12/17/1998,16:00,6.52,6.56,6.14,6.35,2098400.0
12/18/1998,16:00,6.32,6.41,6.20,6.21,1701200.0
12/21/1998,16:00,6.27,6.37,5.81,5.82,1872800.0
12/22/1998,16:00,5.92,6.17,5.92,6.02,2062800.0
12/23/1998,16:00,6.02,6.13,5.97,6.09,1112400.0
12/24/1998,16:00,6.05,6.14,6.00,6.05,644400.0
12/28/1998,16:00,6.10,6.30,6.07,6.16,562400.0
12/29/1998,16:00,6.13,6.38,6.05,6.38,888400.0
12/30/1998,16:00,6.32,6.32,6.10,6.13,1390400.0
12/31/1998,16:00,6.18,6.23,6.12,6.21,775600.0
01/04/1999,16:00,6.10,6.18,6.05,6.05,1541200.0
01/05/1999,16:00,6.04,6.17,5.99,6.17,1262400.0
01/06/1999,16:00,6.13,6.45,6.13,6.34,1398800.0
01/07/1999,16:00,6.21,6.31,6.17,6.17,864000.0
01/08/1999,16:00,6.17,6.41,6.17,6.28,506800.0
01/11/1999,16:00,6.21,6.24,6.03,6.03,1199600.0
01/12/1999,16:00,6.07,6.20,5.82,5.82,994000.0
01/13/1999,16:00,5.46,6.14,5.46,6.09,1104400.0
01/14/1999,16:00,6.07,6.16,5.84,5.97,890400.0
01/15/1999,16:00,6.03,6.13,5.93,6.00,838400.0
01/19/1999,16:00,5.95,5.95,5.71,5.78,989600.0
01/20/1999,16:00,5.79,6.14,5.79,5.99,1688800.0
01/21/1999,16:00,5.99,6.07,5.91,5.99,1012400.0
01/22/1999,16:00,5.91,5.93,5.72,5.86,1125200.0
01/25/1999,16:00,5.81,6.02,5.77,5.85,1067200.0
01/26/1999,16:00,5.88,6.00,5.82,5.93,762400.0
01/27/1999,16:00,5.91,5.93,5.79,5.84,1381200.0
01/28/1999,16:00,5.82,5.95,5.79,5.79,965600.0
01/29/1999,16:00,5.79,5.88,5.71,5.81,1908800.0
02/01/1999,16:00,5.79,5.79,5.63,5.66,1766000.0
02/02/1999,16:00,5.60,5.77,5.54,5.56,2268400.0
02/03/1999,16:00,5.57,5.58,5.36,5.36,1652000.0
02/04/1999,16:00,5.29,6.07,5.17,5.81,3338000.0
02/05/1999,16:00,6.55,6.55,6.14,6.23,3402800.0
02/08/1999,16:00,6.24,6.41,6.24,6.34,1678000.0
02/09/1999,16:00,6.32,6.34,6.14,6.25,1891200.0
02/10/1999,16:00,6.20,6.31,6.07,6.30,2022000.0
02/11/1999,16:00,6.16,6.16,5.56,5.92,3958400.0
02/12/1999,16:00,5.79,5.91,5.71,5.85,880000.0
02/16/1999,16:00,5.79,6.00,5.79,6.00,989600.0
02/17/1999,16:00,5.93,5.93,5.81,5.82,2275200.0
02/18/1999,16:00,5.79,5.88,5.72,5.78,1902000.0
02/19/1999,16:00,5.75,5.99,5.74,5.91,734800.0
02/22/1999,16:00,5.86,5.93,5.78,5.92,1132000.0
02/23/1999,16:00,5.86,5.93,5.85,5.89,1059200.0
02/24/1999,16:00,5.91,5.96,5.85,5.86,841600.0
02/25/1999,16:00,5.91,5.91,5.58,5.85,1860400.0
02/26/1999,16:00,5.82,5.82,5.35,5.52,1267600.0
03/01/1999,16:00,5.66,5.66,5.43,5.54,723200.0
03/02/1999,16:00,5.61,5.70,5.39,5.42,1060000.0
03/03/1999,16:00,5.43,5.64,5.36,5.46,942000.0
03/04/1999,16:00,5.46,5.46,5.28,5.36,786800.0
03/05/1999,16:00,5.38,5.46,5.17,5.27,1445200.0
03/08/1999,16:00,5.29,5.45,5.21,5.43,1304000.0
03/09/1999,16:00,5.29,5.33,5.18,5.28,3059600.0
03/10/1999,16:00,5.22,5.25,5.11,5.22,2406000.0
03/11/1999,16:00,5.22,5.49,5.18,5.36,1787200.0
03/12/1999,16:00,5.35,5.46,5.19,5.46,1299200.0
03/15/1999,16:00,5.43,5.52,5.38,5.47,1207200.0
03/16/1999,16:00,5.49,5.79,5.49,5.57,2103200.0
03/17/1999,16:00,5.53,5.54,5.29,5.46,1027200.0
03/18/1999,16:00,5.43,5.72,5.39,5.64,1311200.0
03/19/1999,16:00,5.58,5.71,5.49,5.57,1221600.0
03/22/1999,16:00,5.53,5.71,5.49,5.71,1394800.0
03/23/1999,16:00,5.66,5.67,5.35,5.50,1459200.0
03/24/1999,16:00,5.53,5.53,5.40,5.46,1351600.0
03/25/1999,16:00,5.54,5.54,5.45,5.46,884800.0
03/26/1999,16:00,5.45,5.46,5.32,5.43,610800.0
03/29/1999,16:00,5.38,5.46,5.35,5.42,874000.0
03/30/1999,16:00,5.43,5.58,5.36,5.52,801200.0
03/31/1999,16:00,5.54,5.74,5.40,5.43,986800.0
04/01/1999,16:00,5.42,5.91,5.32,5.82,1774800.0
04/05/1999,16:00,5.84,5.84,5.70,5.75,1510400.0
04/06/1999,16:00,5.77,5.79,5.32,5.40,1560400.0
04/07/1999,16:00,5.38,5.53,5.35,5.43,835600.0
04/08/1999,16:00,5.49,5.54,5.36,5.43,680800.0
04/09/1999,16:00,5.38,5.50,5.35,5.46,897200.0
04/12/1999,16:00,5.47,5.56,5.42,5.56,536400.0
04/13/1999,16:00,5.57,5.89,5.53,5.88,2302800.0
04/14/1999,16:00,5.89,6.06,5.77,5.88,2146000.0
04/15/1999,16:00,5.86,5.88,5.63,5.75,1061600.0
04/16/1999,16:00,5.81,5.91,5.75,5.89,579600.0
04/19/1999,16:00,5.97,5.99,5.71,5.81,919200.0
04/20/1999,16:00,5.82,5.89,5.71,5.85,954400.0
04/21/1999,16:00,5.88,6.02,5.85,5.97,1238000.0
04/22/1999,16:00,5.97,6.31,5.91,6.24,2316800.0
04/23/1999,16:00,6.31,6.72,6.21,6.56,4790800.0
04/26/1999,16:00,6.57,6.85,6.55,6.74,3004000.0
04/27/1999,16:00,6.85,6.95,6.80,6.84,1938800.0
04/28/1999,16:00,6.80,6.90,6.52,6.66,1391200.0
04/29/1999,16:00,6.66,6.70,6.32,6.41,838000.0
04/30/1999,16:00,6.39,6.41,6.13,6.21,790800.0
05/03/1999,16:00,6.27,6.80,6.25,6.80,1703200.0
05/04/1999,16:00,6.78,6.97,6.57,6.94,1364800.0
05/05/1999,16:00,6.99,6.99,6.81,6.98,1060400.0
05/06/1999,16:00,6.91,6.91,6.67,6.88,664400.0
05/07/1999,16:00,6.80,6.90,6.77,6.88,666800.0
05/10/1999,16:00,6.92,6.92,6.67,6.83,716800.0
05/11/1999,16:00,6.77,6.83,6.72,6.81,292000.0
05/12/1999,16:00,6.73,7.05,6.63,6.97,982400.0
05/13/1999,16:00,7.02,7.11,6.97,7.09,691600.0
05/14/1999,16:00,6.91,7.05,6.87,7.02,1212400.0
05/17/1999,16:00,6.99,7.08,6.97,7.08,654000.0
05/18/1999,16:00,7.08,7.17,7.05,7.16,1394400.0
05/19/1999,16:00,7.17,7.27,7.13,7.24,1098400.0
05/20/1999,16:00,7.36,7.90,7.33,7.89,3692400.0
05/21/1999,16:00,7.89,8.04,7.68,8.02,3576000.0
05/24/1999,16:00,7.97,7.97,7.75,7.79,1549600.0
05/25/1999,16:00,7.73,7.75,7.55,7.55,1682400.0
05/26/1999,16:00,7.50,7.50,7.33,7.40,1075600.0
05/27/1999,16:00,7.27,7.31,7.16,7.27,1240000.0
05/28/1999,16:00,7.02,7.58,7.02,7.54,1450400.0
06/01/1999,16:00,7.51,7.51,7.17,7.38,716400.0
06/02/1999,16:00,7.41,7.66,7.27,7.62,1746800.0
06/03/1999,16:00,7.62,7.69,7.57,7.62,1832800.0
06/04/1999,16:00,7.62,7.68,7.57,7.63,567200.0
06/07/1999,16:00,7.83,8.02,7.79,7.96,1872400.0
06/08/1999,16:00,7.96,8.02,7.81,7.98,1523200.0
06/09/1999,16:00,7.98,8.30,7.98,8.17,2194800.0
06/10/1999,16:00,8.08,8.36,7.96,8.30,2548800.0
06/11/1999,16:00,8.26,8.44,8.25,8.40,2018400.0
06/14/1999,16:00,8.39,8.46,8.35,8.41,1296000.0
06/15/1999,16:00,8.44,8.54,8.21,8.28,2253200.0
06/16/1999,16:00,8.36,8.39,8.12,8.32,1110800.0
06/17/1999,16:00,8.29,8.29,8.04,8.08,2495600.0
06/18/1999,16:00,8.08,8.21,8.04,8.18,946400.0
06/21/1999,16:00,8.22,8.22,7.97,8.08,1451200.0
06/22/1999,16:00,8.04,8.12,7.97,7.97,1275200.0
06/23/1999,16:00,7.94,8.18,7.86,8.08,859200.0
06/24/1999,16:00,8.09,8.14,7.94,7.97,1194000.0
06/25/1999,16:00,7.89,7.90,7.55,7.76,1408000.0
06/28/1999,16:00,7.77,7.77,7.59,7.66,475600.0
06/29/1999,16:00,7.63,8.02,7.59,7.90,894800.0
06/30/1999,16:00,7.89,8.00,7.72,7.94,1976400.0
07/01/1999,16:00,7.97,8.08,7.97,8.01,686400.0
07/02/1999,16:00,8.01,8.07,8.00,8.04,852800.0
07/06/1999,16:00,8.09,8.19,7.81,7.86,1758000.0
07/07/1999,16:00,7.86,7.86,7.66,7.80,495200.0
07/08/1999,16:00,7.75,8.05,7.70,8.01,924000.0
07/09/1999,16:00,8.01,8.15,7.87,8.09,597200.0
07/12/1999,16:00,8.07,8.86,8.07,8.62,3811200.0
07/13/1999,16:00,8.61,8.61,8.53,8.56,1414800.0
07/14/1999,16:00,8.56,8.58,8.37,8.50,1344800.0
07/15/1999,16:00,8.58,8.83,8.58,8.69,1517600.0
07/16/1999,16:00,8.68,8.69,8.47,8.51,748800.0
07/19/1999,16:00,8.54,8.60,8.17,8.25,1197600.0
07/20/1999,16:00,8.28,8.47,8.17,8.44,1174800.0
07/21/1999,16:00,8.40,8.44,8.21,8.44,705600.0
07/22/1999,16:00,8.61,8.72,8.48,8.68,1616800.0
07/23/1999,16:00,9.08,9.08,8.82,8.83,6051200.0
07/26/1999,16:00,8.75,9.01,8.72,8.82,2833200.0
07/27/1999,16:00,8.76,8.76,8.50,8.58,2132400.0
07/28/1999,16:00,8.56,8.56,8.36,8.41,870000.0
07/29/1999,16:00,8.37,8.54,8.28,8.53,1403200.0
07/30/1999,16:00,8.53,8.53,8.29,8.29,641200.0
08/02/1999,16:00,8.32,8.53,8.26,8.41,730000.0
08/03/1999,16:00,8.41,8.44,8.22,8.35,1603600.0
08/04/1999,16:00,8.30,8.30,8.14,8.17,1241600.0
08/05/1999,16:00,8.14,8.25,8.08,8.11,614000.0
08/06/1999,16:00,8.00,8.01,7.77,7.86,1083600.0
08/09/1999,16:00,7.97,8.00,7.80,7.83,1048000.0
08/10/1999,16:00,7.91,8.01,7.62,7.93,2722800.0
08/11/1999,16:00,8.02,8.08,7.86,7.91,680800.0
08/12/1999,16:00,7.96,7.98,7.81,7.86,1092400.0
08/13/1999,16:00,7.86,8.12,7.86,8.07,830000.0
08/16/1999,16:00,8.04,8.19,7.89,8.01,734800.0
08/17/1999,16:00,8.01,8.11,7.91,8.08,1032000.0
08/18/1999,16:00,8.11,8.54,8.11,8.46,2340800.0
08/19/1999,16:00,8.46,8.58,8.33,8.54,1016400.0
08/20/1999,16:00,8.51,8.68,8.47,8.54,833200.0
08/23/1999,16:00,8.54,8.54,8.41,8.50,746000.0
08/24/1999,16:00,8.50,8.50,8.32,8.47,608800.0
08/25/1999,16:00,8.46,8.50,8.35,8.47,838800.0
08/26/1999,16:00,8.50,8.50,8.35,8.44,658800.0
08/27/1999,16:00,8.44,8.46,8.26,8.30,523200.0
08/30/1999,16:00,8.19,8.30,8.18,8.28,617200.0
08/31/1999,16:00,8.29,8.29,7.93,8.08,1160000.0
09/01/1999,16:00,8.04,8.12,7.93,8.12,507600.0
09/02/1999,16:00,8.12,8.12,8.00,8.05,348400.0
09/03/1999,16:00,8.11,8.25,8.11,8.23,768000.0
09/07/1999,16:00,8.26,8.46,8.11,8.37,782400.0
09/08/1999,16:00,8.37,8.51,8.22,8.35,965600.0
09/09/1999,16:00,8.29,8.37,8.25,8.32,563600.0
09/10/1999,16:00,6.69,7.13,6.63,6.97,20994800.0
09/13/1999,16:00,7.55,7.80,7.50,7.55,15147200.0
09/14/1999,16:00,7.58,7.66,7.55,7.61,2980800.0
09/15/1999,16:00,7.66,7.69,7.45,7.48,3172000.0
09/16/1999,16:00,7.52,7.52,7.33,7.40,2169600.0
09/17/1999,16:00,7.38,7.52,7.38,7.44,1196800.0
09/20/1999,16:00,7.58,7.61,7.38,7.41,1882800.0
09/21/1999,16:00,7.36,7.41,7.23,7.24,2528400.0
09/22/1999,16:00,7.27,7.33,7.24,7.24,2262400.0
09/23/1999,16:00,7.27,7.27,7.02,7.03,1400000.0
09/24/1999,16:00,7.08,7.12,6.83,7.11,1650000.0
09/27/1999,16:00,7.27,7.27,7.02,7.02,1087600.0
09/28/1999,16:00,6.97,7.02,6.69,6.81,2724000.0
09/29/1999,16:00,6.80,6.95,6.69,6.84,1587200.0
09/30/1999,16:00,6.91,7.03,6.87,7.02,1848400.0
10/01/1999,16:00,6.69,6.76,6.62,6.69,6249200.0
10/04/1999,16:00,6.67,6.67,6.30,6.35,2894800.0
10/05/1999,16:00,6.34,6.34,5.91,6.07,7518800.0
10/06/1999,16:00,5.96,6.20,5.95,6.10,3192400.0
10/07/1999,16:00,6.12,6.44,6.07,6.41,2550000.0
10/08/1999,16:00,6.46,6.66,6.41,6.51,1115200.0
10/11/1999,16:00,6.51,6.64,6.46,6.55,878400.0
10/12/1999,16:00,6.56,6.56,6.18,6.20,1422400.0
10/13/1999,16:00,6.02,6.09,5.96,6.03,1391600.0
10/14/1999,16:00,6.06,6.24,5.79,6.24,2654800.0
10/15/1999,16:00,6.16,6.16,5.86,5.97,1504000.0
10/18/1999,16:00,5.97,6.00,5.88,5.97,1180400.0
10/19/1999,16:00,6.03,6.23,6.03,6.14,1068000.0
10/20/1999,16:00,6.02,6.02,5.61,5.78,4508800.0
10/21/1999,16:00,5.79,5.88,5.60,5.82,2340000.0
10/22/1999,16:00,5.91,5.99,5.88,5.95,1888400.0
10/25/1999,16:00,5.95,5.95,5.75,5.78,987600.0
10/26/1999,16:00,5.81,5.89,5.67,5.82,1386800.0
10/27/1999,16:00,5.81,5.84,5.64,5.79,1523200.0
10/28/1999,16:00,5.88,6.10,5.85,6.00,1540400.0
10/29/1999,16:00,6.06,6.24,6.05,6.10,1608800.0
11/01/1999,16:00,6.14,6.32,6.13,6.21,1228000.0
11/02/1999,16:00,6.24,6.30,6.13,6.16,958400.0
11/03/1999,16:00,6.18,6.24,6.14,6.18,578400.0
11/04/1999,16:00,6.18,6.23,6.13,6.14,691600.0
11/05/1999,16:00,6.18,6.23,6.09,6.14,958000.0
11/08/1999,16:00,6.18,6.31,6.16,6.31,855200.0
11/09/1999,16:00,6.37,6.45,6.03,6.09,1261600.0
11/10/1999,16:00,6.09,6.12,5.89,5.96,1496400.0
11/11/1999,16:00,5.96,6.16,5.91,5.96,1243200.0
11/12/1999,16:00,6.00,6.03,5.91,5.97,1622400.0
11/15/1999,16:00,5.97,6.13,5.96,5.99,1170000.0
11/16/1999,16:00,6.03,6.13,6.03,6.12,1713200.0
11/17/1999,16:00,6.14,6.84,6.13,6.51,2140400.0
11/18/1999,16:00,6.51,6.56,6.37,6.41,934000.0
11/19/1999,16:00,6.42,6.52,6.35,6.38,1589600.0
11/22/1999,16:00,6.41,6.42,6.23,6.27,908800.0
11/23/1999,16:00,6.32,6.32,6.03,6.05,1120400.0
11/24/1999,16:00,6.02,6.18,6.02,6.13,890000.0
11/26/1999,16:00,6.13,6.24,6.00,6.21,550000.0
11/29/1999,16:00,6.13,6.14,5.86,5.88,2368400.0
11/30/1999,16:00,5.91,6.00,5.79,5.92,1417600.0
12/01/1999,16:00,5.88,6.07,5.84,6.07,1536400.0
12/02/1999,16:00,6.05,6.07,6.00,6.05,1290400.0
12/03/1999,16:00,6.02,6.12,5.91,5.93,4187600.0
12/06/1999,16:00,5.93,6.07,5.93,6.02,1169600.0
12/07/1999,16:00,6.00,6.05,5.91,6.02,2027600.0
12/08/1999,16:00,6.02,6.07,5.96,5.97,1329600.0
12/09/1999,16:00,5.97,6.07,5.97,6.00,1375200.0
12/10/1999,16:00,6.00,6.06,5.97,5.99,1015600.0
12/13/1999,16:00,5.97,5.99,5.95,5.97,1793200.0
12/14/1999,16:00,5.97,6.06,5.79,5.86,3489200.0
12/15/1999,16:00,5.86,6.14,5.81,6.09,3587600.0
12/16/1999,16:00,6.13,6.14,5.89,5.99,2211600.0
12/17/1999,16:00,6.02,6.04,5.85,5.96,3935200.0
12/20/1999,16:00,5.96,6.00,5.91,5.99,2084400.0
12/21/1999,16:00,5.99,6.00,5.91,5.97,999600.0
12/22/1999,16:00,6.02,6.64,5.99,6.55,2572000.0
12/23/1999,16:00,6.57,7.01,6.32,6.35,4169600.0
12/27/1999,16:00,6.52,6.60,6.25,6.37,2211200.0
12/28/1999,16:00,6.35,6.45,6.28,6.34,1178000.0
12/29/1999,16:00,6.35,6.55,6.28,6.53,1147200.0
12/30/1999,16:00,6.57,6.80,6.55,6.80,1931600.0
12/31/1999,16:00,6.80,6.91,6.76,6.84,1224000.0
01/03/2000,16:00,6.85,6.95,6.60,6.71,2332800.0
01/04/2000,16:00,6.72,6.72,6.57,6.59,908000.0
01/05/2000,16:00,6.59,6.63,6.49,6.55,1441200.0
01/06/2000,16:00,6.57,6.57,6.45,6.51,1766400.0
01/07/2000,16:00,6.51,6.53,6.38,6.46,2417600.0
01/10/2000,16:00,6.52,6.67,6.30,6.45,1704800.0
01/11/2000,16:00,6.42,6.56,6.41,6.42,2055200.0
01/12/2000,16:00,6.35,6.59,6.35,6.44,1262000.0
01/13/2000,16:00,6.51,6.97,6.49,6.77,2886800.0
01/14/2000,16:00,6.83,6.88,6.66,6.84,1772800.0
01/18/2000,16:00,6.69,6.74,6.57,6.69,1145200.0
01/19/2000,16:00,6.72,6.80,6.53,6.62,1427600.0
01/20/2000,16:00,6.62,6.63,6.34,6.41,1616800.0
01/21/2000,16:00,6.41,6.45,6.30,6.42,1533200.0
01/24/2000,16:00,6.24,6.25,5.57,5.57,7451600.0
01/25/2000,16:00,5.78,5.84,5.58,5.77,3704000.0
01/26/2000,16:00,5.77,5.79,5.66,5.72,1463200.0
01/27/2000,16:00,5.72,5.85,5.56,5.57,1677600.0
01/28/2000,16:00,5.57,5.57,5.39,5.43,1687600.0
01/31/2000,16:00,5.43,5.54,5.29,5.53,1454800.0
02/01/2000,16:00,5.47,5.53,5.35,5.40,888800.0
02/02/2000,16:00,5.40,5.43,5.28,5.33,1204000.0
02/03/2000,16:00,5.35,5.60,5.35,5.47,1161600.0
02/04/2000,16:00,5.53,5.71,5.53,5.61,1399200.0
02/07/2000,16:00,5.61,5.67,5.43,5.45,833200.0
02/08/2000,16:00,5.45,5.56,5.40,5.47,1005600.0
02/09/2000,16:00,5.47,5.47,5.28,5.33,1587600.0
02/10/2000,16:00,5.35,5.47,5.31,5.39,1684000.0
02/11/2000,16:00,5.39,5.72,5.39,5.67,3726800.0
02/14/2000,16:00,5.72,6.02,5.70,5.72,2586800.0
02/15/2000,16:00,6.13,6.23,5.96,6.12,3220800.0
02/16/2000,16:00,5.99,6.00,5.88,5.92,2260000.0
02/17/2000,16:00,5.88,5.99,5.85,5.89,2151600.0
02/18/2000,16:00,5.82,5.88,5.66,5.82,2547600.0
02/22/2000,16:00,5.81,6.02,5.79,5.93,1551200.0
02/23/2000,16:00,5.85,5.85,5.57,5.78,1458000.0
02/24/2000,16:00,5.63,5.93,5.63,5.88,1495200.0
02/25/2000,16:00,5.88,5.88,5.57,5.66,1329200.0
02/28/2000,16:00,5.58,5.68,5.46,5.53,1708000.0
02/29/2000,16:00,5.57,6.06,5.50,5.79,3070000.0
03/01/2000,16:00,5.85,5.91,5.57,5.66,981600.0
03/02/2000,16:00,5.66,5.66,5.38,5.53,1590800.0
03/03/2000,16:00,5.63,5.88,5.58,5.81,1352400.0
03/06/2000,16:00,5.81,6.12,5.79,6.06,2396800.0
03/07/2000,16:00,6.07,6.13,5.84,5.84,1513200.0
03/08/2000,16:00,5.85,5.88,5.68,5.75,860000.0
03/09/2000,16:00,5.79,6.00,5.72,5.99,1376000.0
03/10/2000,16:00,5.99,5.99,5.61,5.68,1938400.0
03/13/2000,16:00,5.68,5.85,5.52,5.81,1760800.0
03/14/2000,16:00,5.89,5.91,5.57,5.61,1269600.0
03/15/2000,16:00,5.68,6.02,5.57,6.02,2744000.0
03/16/2000,16:00,5.88,6.12,5.79,6.12,1732800.0
03/17/2000,16:00,6.12,6.32,5.89,5.89,1717600.0
03/20/2000,16:00,6.02,6.16,5.93,6.13,1223600.0
03/21/2000,16:00,6.07,6.17,5.75,5.79,1798400.0
03/22/2000,16:00,6.10,6.38,5.99,6.30,2207200.0
03/23/2000,16:00,6.38,6.45,6.21,6.28,1263200.0
03/24/2000,16:00,6.21,6.25,6.03,6.09,1173200.0
03/27/2000,16:00,6.20,6.21,5.91,5.93,1186000.0
03/28/2000,16:00,5.91,6.07,5.91,5.99,1591600.0
03/29/2000,16:00,5.99,6.07,5.82,5.88,1760000.0
03/30/2000,16:00,5.88,6.02,5.70,6.02,1616800.0
03/31/2000,16:00,5.74,5.99,5.71,5.75,1866400.0
04/03/2000,16:00,5.85,5.92,5.79,5.81,2087200.0
04/04/2000,16:00,5.84,5.99,5.68,5.81,2280400.0
04/05/2000,16:00,5.84,6.13,5.75,5.77,1823600.0
04/06/2000,16:00,5.79,5.99,5.75,5.88,2159200.0
04/07/2000,16:00,5.85,6.02,5.79,5.79,896400.0
04/10/2000,16:00,5.96,6.03,5.88,5.95,1011600.0
04/11/2000,16:00,5.92,5.99,5.86,5.95,632400.0
04/12/2000,16:00,6.02,6.18,5.99,6.07,2328800.0
04/13/2000,16:00,6.07,6.24,6.02,6.07,2174000.0
04/14/2000,16:00,5.96,5.96,5.68,5.72,2288400.0
04/17/2000,16:00,5.46,5.56,5.39,5.53,2552400.0
04/18/2000,16:00,5.58,6.46,5.58,6.46,3916000.0
04/19/2000,16:00,6.46,6.69,6.45,6.57,3523200.0
04/20/2000,16:00,6.66,6.73,6.62,6.69,1795200.0
04/24/2000,16:00,6.78,6.78,6.62,6.67,2181600.0
04/25/2000,16:00,6.69,7.12,6.67,7.02,3068800.0
04/26/2000,16:00,6.99,7.02,6.91,6.98,1663600.0
04/27/2000,16:00,6.91,7.02,6.85,7.01,2196000.0
04/28/2000,16:00,6.95,7.02,6.83,6.95,1503200.0
05/01/2000,16:00,6.90,7.13,6.88,7.09,1516400.0
05/02/2000,16:00,7.05,7.26,6.97,7.06,1179200.0
05/03/2000,16:00,7.05,7.08,6.91,6.95,961600.0
05/04/2000,16:00,6.95,7.20,6.90,7.13,2454000.0
05/05/2000,16:00,7.13,7.58,7.13,7.54,4658800.0
05/08/2000,16:00,7.47,7.50,7.36,7.50,1327600.0
05/09/2000,16:00,7.44,7.55,7.41,7.47,2000800.0
05/10/2000,16:00,7.47,7.73,7.47,7.63,4288400.0
05/11/2000,16:00,7.61,7.76,7.58,7.69,2823600.0
05/12/2000,16:00,7.66,8.12,7.61,7.89,5673600.0
05/15/2000,16:00,7.91,8.09,7.90,8.01,2078800.0
05/16/2000,16:00,8.02,8.08,7.93,8.01,1366400.0
05/17/2000,16:00,8.00,8.29,7.94,8.19,1806800.0
05/18/2000,16:00,8.23,8.30,7.96,8.05,1244800.0
05/19/2000,16:00,8.01,8.39,7.66,8.32,2816800.0
05/22/2000,16:00,8.44,8.44,7.80,8.02,2060400.0
05/23/2000,16:00,8.04,8.21,7.83,7.89,1884400.0
05/24/2000,16:00,7.94,8.02,7.90,7.93,1726800.0
05/25/2000,16:00,7.93,8.18,7.93,7.98,1793600.0
05/26/2000,16:00,8.00,8.08,7.89,7.93,1000800.0
05/30/2000,16:00,7.93,8.19,7.93,8.19,1135600.0
05/31/2000,16:00,8.14,8.17,8.07,8.08,1322000.0
06/01/2000,16:00,8.00,8.47,8.00,8.39,2486000.0
06/02/2000,16:00,8.39,8.56,8.33,8.53,1670400.0
06/05/2000,16:00,8.50,8.75,8.44,8.69,1911200.0
06/06/2000,16:00,8.69,8.69,8.36,8.58,2131200.0
06/07/2000,16:00,8.53,8.83,8.29,8.72,3967200.0
06/08/2000,16:00,8.78,8.92,8.50,8.75,2852800.0
06/09/2000,16:00,8.69,9.08,8.68,8.93,2698800.0
06/12/2000,16:00,8.93,9.03,8.89,8.96,2372800.0
06/13/2000,16:00,8.93,9.11,8.87,8.93,3571600.0
06/14/2000,16:00,8.93,9.21,8.93,9.14,3650800.0
06/15/2000,16:00,9.25,9.56,9.17,9.47,4399600.0
06/16/2000,16:00,9.45,9.70,9.39,9.61,3319200.0
06/19/2000,16:00,9.63,9.65,9.25,9.50,2134000.0
06/20/2000,16:00,9.45,9.86,9.39,9.78,2706800.0
06/21/2000,16:00,9.78,9.84,9.56,9.81,2786800.0
06/22/2000,16:00,9.80,9.81,9.59,9.71,2380800.0
06/23/2000,16:00,9.73,9.73,9.24,9.46,2312400.0
06/26/2000,16:00,9.64,9.81,9.50,9.59,1943600.0
06/27/2000,16:00,9.59,9.59,9.45,9.59,1876000.0
06/28/2000,16:00,9.59,9.92,9.59,9.86,2158800.0
06/29/2000,16:00,9.85,10.02,9.78,9.81,4777200.0
06/30/2000,16:00,9.82,10.25,9.73,10.23,5098800.0
07/03/2000,16:00,10.28,10.28,9.84,9.98,851200.0
07/05/2000,16:00,9.88,10.03,9.59,10.03,2135600.0
07/06/2000,16:00,10.03,10.03,9.68,9.77,1384400.0
07/07/2000,16:00,9.73,10.02,9.73,10.01,2266400.0
07/10/2000,16:00,9.98,10.09,9.86,9.92,3116800.0
07/11/2000,16:00,9.91,9.91,9.73,9.80,1375600.0
07/12/2000,16:00,9.74,9.85,9.47,9.67,2127200.0
07/13/2000,16:00,9.59,9.78,9.56,9.75,2173600.0
07/14/2000,16:00,9.70,9.75,9.65,9.74,1483200.0
07/17/2000,16:00,9.78,9.96,9.75,9.82,3445600.0
07/18/2000,16:00,9.82,9.92,9.77,9.84,1050000.0
07/19/2000,16:00,9.81,9.92,9.14,9.20,2208400.0
07/20/2000,16:00,9.25,9.43,8.58,8.76,4059600.0
07/21/2000,16:00,8.78,9.64,8.78,9.50,2940800.0
07/24/2000,16:00,9.52,9.86,9.52,9.69,2458800.0
07/25/2000,16:00,9.78,9.84,9.36,9.42,2662400.0
07/26/2000,16:00,9.36,9.43,9.28,9.34,1397600.0
07/27/2000,16:00,9.31,9.32,8.99,9.03,3032400.0
07/28/2000,16:00,8.97,8.99,8.90,8.93,1587200.0
07/31/2000,16:00,8.92,9.25,8.87,9.20,1581200.0
08/01/2000,16:00,9.08,9.47,9.08,9.46,1912000.0
08/02/2000,16:00,9.46,9.64,9.42,9.56,1352000.0
08/03/2000,16:00,9.61,9.81,9.39,9.75,2351200.0
08/04/2000,16:00,9.71,9.75,9.11,9.42,2713600.0
08/07/2000,16:00,9.42,9.53,9.32,9.49,963600.0
08/08/2000,16:00,9.59,9.67,9.42,9.47,1456000.0
08/09/2000,16:00,9.39,9.39,8.54,8.79,3678000.0
08/10/2000,16:00,8.81,9.01,8.79,8.89,2365600.0
08/11/2000,16:00,8.90,9.06,8.85,8.89,1826400.0
08/14/2000,16:00,8.89,9.20,8.83,9.11,1508000.0
08/15/2000,16:00,9.11,9.11,8.68,8.72,5684800.0
08/16/2000,16:00,8.30,8.46,7.96,8.39,13293200.0
08/17/2000,16:00,8.25,8.76,8.22,8.74,4482800.0
08/18/2000,16:00,8.68,8.97,8.64,8.92,3861200.0
08/21/2000,16:00,8.86,8.95,8.82,8.88,1742400.0
08/22/2000,16:00,8.82,8.82,8.60,8.64,2885200.0
08/23/2000,16:00,8.64,8.64,8.47,8.54,2288800.0
08/24/2000,16:00,8.51,8.76,8.51,8.62,1661600.0
08/25/2000,16:00,8.67,8.71,8.43,8.47,1686800.0
08/28/2000,16:00,8.47,8.62,8.46,8.53,1800000.0
08/29/2000,16:00,8.54,8.72,8.54,8.64,2673200.0
08/30/2000,16:00,8.60,8.69,8.57,8.64,1528400.0
08/31/2000,16:00,8.71,9.11,8.71,8.84,2204400.0
09/01/2000,16:00,8.83,9.42,8.83,9.13,3388800.0
09/05/2000,16:00,9.14,9.14,8.90,9.03,1594400.0
09/06/2000,16:00,9.08,9.11,8.99,9.10,1685200.0
09/07/2000,16:00,9.10,9.50,9.04,9.49,2864000.0
09/08/2000,16:00,9.50,9.59,9.42,9.58,2794400.0
09/11/2000,16:00,9.59,9.68,9.59,9.63,1374000.0
09/12/2000,16:00,9.70,9.81,9.60,9.65,2557200.0
09/13/2000,16:00,9.67,9.73,9.63,9.68,1819200.0
09/14/2000,16:00,9.70,10.23,9.68,9.98,3300800.0
09/15/2000,16:00,9.98,10.40,9.92,10.39,5140400.0
09/18/2000,16:00,10.40,10.76,10.25,10.68,4081600.0
09/19/2000,16:00,10.69,10.85,10.59,10.82,5065600.0
09/20/2000,16:00,10.83,11.04,10.83,10.92,5111600.0
09/21/2000,16:00,10.92,11.36,10.87,11.31,7358400.0
09/22/2000,16:00,11.29,11.51,11.09,11.27,3018000.0
09/25/2000,16:00,11.26,11.41,11.08,11.41,1923200.0
09/26/2000,16:00,11.36,11.45,11.04,11.18,2678000.0
09/27/2000,16:00,11.15,11.19,11.05,11.09,1492000.0
09/28/2000,16:00,11.23,11.37,10.95,11.15,2495600.0
09/29/2000,16:00,11.15,11.37,11.06,11.37,1357200.0
10/02/2000,16:00,11.29,11.30,10.88,11.13,1953600.0
10/03/2000,16:00,11.08,11.43,11.08,11.43,2030800.0
10/04/2000,16:00,11.04,11.23,10.34,11.08,8625200.0
10/05/2000,16:00,11.54,11.80,11.36,11.51,2481600.0
10/06/2000,16:00,11.44,11.44,10.95,11.19,2103200.0
10/09/2000,16:00,11.06,11.23,11.06,11.15,1411200.0
10/10/2000,16:00,11.09,11.45,11.09,11.36,1045600.0
10/11/2000,16:00,11.31,11.34,11.18,11.20,808000.0
10/12/2000,16:00,11.18,11.18,10.70,10.76,2314400.0
10/13/2000,16:00,10.67,10.90,10.62,10.85,1217600.0
10/16/2000,16:00,10.79,11.57,10.77,11.44,4374800.0
10/17/2000,16:00,11.06,11.26,10.92,11.02,2160400.0
10/18/2000,16:00,10.92,11.54,10.84,11.13,5273200.0
10/19/2000,16:00,11.08,11.15,10.73,11.15,2568800.0
10/20/2000,16:00,11.06,11.13,10.95,11.06,1917600.0
10/23/2000,16:00,11.06,11.16,10.98,11.05,2118000.0
10/24/2000,16:00,11.05,11.20,11.01,11.13,2838400.0
10/25/2000,16:00,11.19,11.41,11.09,11.33,5650400.0
10/26/2000,16:00,11.29,11.33,11.16,11.25,1385200.0
10/27/2000,16:00,11.25,11.30,11.10,11.15,1928000.0
10/30/2000,16:00,11.62,11.83,11.48,11.69,6033600.0
10/31/2000,16:00,11.70,12.43,11.70,12.26,7703600.0
11/01/2000,16:00,12.32,12.60,12.04,12.14,4938400.0
11/02/2000,16:00,12.16,12.79,12.15,12.64,4686400.0
11/03/2000,16:00,12.64,12.92,12.60,12.92,3278400.0
11/06/2000,16:00,12.92,12.93,12.63,12.69,4609200.0
11/07/2000,16:00,12.69,12.69,12.44,12.51,2016800.0
11/08/2000,16:00,12.54,12.86,12.54,12.72,932800.0
11/09/2000,16:00,12.72,12.76,12.60,12.69,2392000.0
11/10/2000,16:00,12.68,12.90,12.63,12.69,1448000.0
11/13/2000,16:00,12.69,12.78,12.37,12.57,1602000.0
11/14/2000,16:00,12.57,12.97,12.57,12.90,3830000.0
11/15/2000,16:00,12.90,13.06,12.89,12.97,2426000.0
11/16/2000,16:00,12.94,13.11,12.93,13.00,1467600.0
11/17/2000,16:00,13.04,13.04,12.63,12.78,5464800.0
11/20/2000,16:00,12.72,12.76,12.42,12.47,4258800.0
11/21/2000,16:00,12.44,12.71,12.35,12.68,2595600.0
11/22/2000,16:00,12.60,12.74,12.32,12.35,1282800.0
11/24/2000,16:00,12.35,12.49,12.35,12.46,390400.0
11/27/2000,16:00,12.51,12.61,12.39,12.57,1735200.0
11/28/2000,16:00,12.57,12.85,12.54,12.65,1681200.0
11/29/2000,16:00,12.68,12.86,12.68,12.76,2320800.0
11/30/2000,16:00,12.78,13.36,12.78,13.28,4034000.0
12/01/2000,16:00,13.24,13.36,13.15,13.18,4330400.0
12/04/2000,16:00,13.15,13.18,12.86,12.92,2555200.0
12/05/2000,16:00,12.86,12.97,12.55,12.71,2531200.0
12/06/2000,16:00,12.69,13.03,12.60,12.78,2367200.0
12/07/2000,16:00,12.74,12.76,12.47,12.49,2766000.0
12/08/2000,16:00,12.49,12.79,12.49,12.60,2361200.0
12/11/2000,16:00,12.26,12.40,11.40,12.08,5228000.0
12/12/2000,16:00,12.03,12.14,11.65,11.70,2563200.0
12/13/2000,16:00,11.75,12.14,11.70,11.72,1494800.0
12/14/2000,16:00,11.72,11.85,11.58,11.73,1608000.0
12/15/2000,16:00,11.73,12.03,11.73,11.98,2095200.0
12/18/2000,16:00,11.98,12.30,11.96,12.24,1906400.0
12/19/2000,16:00,12.21,12.40,12.15,12.37,1743600.0
12/20/2000,16:00,12.35,12.46,12.25,12.37,2229600.0
12/21/2000,16:00,12.40,12.71,12.35,12.71,3448800.0
12/22/2000,16:00,12.71,12.92,12.68,12.81,1377200.0
12/26/2000,16:00,12.78,13.36,12.74,13.21,1671200.0
12/27/2000,16:00,13.22,13.66,13.10,13.54,2488400.0
12/28/2000,16:00,13.57,13.94,13.49,13.64,2197200.0
12/29/2000,16:00,13.66,13.80,13.46,13.70,1705600.0
01/02/2001,16:00,13.60,13.74,13.32,13.36,2338000.0
01/03/2001,16:00,13.22,13.54,12.81,13.21,4114000.0
01/04/2001,16:00,13.15,13.17,12.04,12.47,3387600.0
01/05/2001,16:00,12.47,12.63,12.04,12.24,4236400.0
01/08/2001,16:00,12.21,12.35,12.10,12.22,2368400.0
01/09/2001,16:00,12.24,12.67,12.12,12.63,2650000.0
01/10/2001,16:00,12.61,12.63,12.21,12.30,1280000.0
01/11/2001,16:00,12.60,12.85,12.33,12.36,1729600.0
01/12/2001,16:00,12.28,12.55,12.28,12.54,1131200.0
01/16/2001,16:00,12.50,12.68,12.46,12.65,1167200.0
01/17/2001,16:00,12.67,12.90,12.65,12.76,2151600.0
01/18/2001,16:00,12.74,12.99,12.71,12.92,1792400.0
01/19/2001,16:00,12.82,12.89,12.26,12.42,2054800.0
01/22/2001,16:00,12.49,12.64,12.37,12.60,1799200.0
01/23/2001,16:00,12.60,12.93,12.53,12.89,1529200.0
01/24/2001,16:00,12.93,12.93,12.76,12.92,1294000.0
01/25/2001,16:00,12.92,13.15,12.92,13.09,934400.0
01/26/2001,16:00,13.06,13.31,13.06,13.24,1300400.0
01/29/2001,16:00,13.24,13.47,13.24,13.39,2026400.0
01/30/2001,16:00,13.44,13.54,13.31,13.36,2001600.0
01/31/2001,16:00,13.36,13.78,13.36,13.60,4101200.0
02/01/2001,16:00,13.60,14.05,13.60,13.89,2686000.0
02/02/2001,16:00,13.89,14.05,13.80,13.95,2392000.0
02/05/2001,16:00,13.95,14.10,13.95,14.06,2498000.0
02/06/2001,16:00,14.27,14.39,14.06,14.16,3754400.0
02/07/2001,16:00,14.05,14.16,13.82,14.09,5168000.0
02/08/2001,16:00,14.05,14.10,13.67,13.95,4708800.0
02/09/2001,16:00,13.95,13.97,13.71,13.79,3139600.0
02/12/2001,16:00,13.77,14.05,13.71,14.05,2429200.0
02/13/2001,16:00,14.00,14.07,13.87,13.88,1304400.0
02/14/2001,16:00,13.85,13.92,13.72,13.84,2026800.0
02/15/2001,16:00,13.87,13.87,13.29,13.44,3677200.0
02/16/2001,16:00,13.38,13.46,13.25,13.26,2115200.0
02/20/2001,16:00,13.26,13.26,12.93,13.15,3237600.0
02/21/2001,16:00,13.09,13.41,13.09,13.38,4384800.0
02/22/2001,16:00,13.37,13.38,12.82,12.82,2721600.0
02/23/2001,16:00,12.82,12.89,12.33,12.50,4521600.0
02/26/2001,16:00,12.55,12.71,12.53,12.55,3202000.0
02/27/2001,16:00,12.55,12.64,12.36,12.45,1904400.0
02/28/2001,16:00,12.43,12.60,12.37,12.51,2650000.0
03/01/2001,16:00,12.53,12.60,12.45,12.56,2187200.0
03/02/2001,16:00,12.57,12.57,12.38,12.53,1862000.0
03/05/2001,16:00,12.52,12.63,12.45,12.51,934400.0
03/06/2001,16:00,12.56,12.76,12.46,12.49,1834400.0
03/07/2001,16:00,12.49,12.64,12.03,12.06,2620800.0
03/08/2001,16:00,12.06,12.43,12.06,12.20,2890800.0
03/09/2001,16:00,12.24,12.46,12.14,12.19,2259200.0
03/12/2001,16:00,12.19,12.26,11.59,11.59,2191200.0
03/13/2001,16:00,11.54,11.58,11.28,11.34,3209600.0
03/14/2001,16:00,11.37,11.37,11.01,11.12,3316400.0
03/15/2001,16:00,11.18,11.44,11.18,11.28,1307200.0
03/16/2001,16:00,11.10,11.25,10.50,10.52,5049600.0
03/19/2001,16:00,10.52,11.40,10.37,11.29,4754000.0
03/20/2001,16:00,11.15,11.19,10.73,10.76,3268800.0
03/21/2001,16:00,10.70,10.91,10.54,10.57,2517200.0
03/22/2001,16:00,10.57,10.57,9.91,10.48,2793600.0
03/23/2001,16:00,10.70,10.75,10.58,10.74,2192800.0
03/26/2001,16:00,10.74,11.26,10.73,11.17,3078800.0
03/27/2001,16:00,11.15,11.48,11.11,11.39,5861600.0
03/28/2001,16:00,11.35,11.52,11.35,11.50,1358400.0
03/29/2001,16:00,11.50,11.93,11.44,11.85,3829200.0
03/30/2001,16:00,11.84,12.04,11.59,12.01,2299600.0
04/02/2001,16:00,11.93,12.11,11.37,11.43,3426000.0
04/03/2001,16:00,11.59,11.69,11.10,11.26,2718400.0
04/04/2001,16:00,11.18,11.35,11.06,11.28,2146800.0
04/05/2001,16:00,11.21,11.53,11.21,11.48,2451200.0
04/06/2001,16:00,11.50,11.54,11.36,11.37,1443200.0
04/09/2001,16:00,11.39,11.59,11.36,11.42,1562400.0
04/10/2001,16:00,11.66,11.99,11.66,11.99,3820000.0
04/11/2001,16:00,11.97,11.97,11.67,11.73,1553600.0
04/12/2001,16:00,11.75,12.06,11.73,12.06,1446400.0
04/16/2001,16:00,12.04,12.27,12.04,12.15,2604800.0
04/17/2001,16:00,12.15,12.44,12.13,12.44,1480400.0
04/18/2001,16:00,12.71,12.93,12.15,12.62,5352000.0
04/19/2001,16:00,12.71,13.04,12.59,12.66,3453200.0
04/20/2001,16:00,12.60,12.60,12.20,12.38,2370400.0
04/23/2001,16:00,12.38,12.46,12.28,12.35,917200.0
04/24/2001,16:00,12.14,12.31,11.66,12.24,5984400.0
04/25/2001,16:00,12.26,12.49,12.24,12.46,2143600.0
04/26/2001,16:00,12.46,12.48,12.37,12.42,1377600.0
04/27/2001,16:00,12.32,12.59,12.31,12.58,1416400.0
04/30/2001,16:00,12.60,12.93,12.60,12.76,2474800.0
05/01/2001,16:00,12.89,13.00,12.88,12.93,3271600.0
05/02/2001,16:00,13.47,13.49,13.30,13.42,6241200.0
05/03/2001,16:00,13.40,13.40,13.17,13.22,1781600.0
05/04/2001,16:00,13.20,13.57,13.20,13.57,2257600.0
05/07/2001,16:00,13.57,14.38,13.57,14.29,5453200.0
05/08/2001,16:00,14.27,14.31,13.82,14.19,5506400.0
05/09/2001,16:00,13.88,13.88,13.47,13.70,2798800.0
05/10/2001,16:00,13.71,13.77,13.49,13.71,3141600.0
05/11/2001,16:00,13.76,13.91,13.74,13.90,2051600.0
05/14/2001,16:00,13.90,14.27,13.90,14.10,2280800.0
05/15/2001,16:00,13.99,14.29,13.98,14.21,1559600.0
05/16/2001,16:00,14.21,14.60,14.15,14.54,1468000.0
05/17/2001,16:00,14.54,14.72,14.40,14.70,1588000.0
05/18/2001,16:00,14.67,14.71,14.46,14.70,872800.0
05/21/2001,16:00,14.71,14.71,14.36,14.54,2145200.0
05/22/2001,16:00,14.54,14.57,14.04,14.14,3354400.0
05/23/2001,16:00,13.51,13.68,13.36,13.50,6298400.0
05/24/2001,16:00,13.67,13.82,13.53,13.62,2980400.0
05/25/2001,16:00,13.66,13.66,13.40,13.47,2234000.0
05/29/2001,16:00,13.50,13.61,13.43,13.54,1360000.0
05/30/2001,16:00,13.52,13.71,13.51,13.60,2834000.0
05/31/2001,16:00,13.60,13.75,13.53,13.72,1564800.0
06/01/2001,16:00,13.72,13.77,13.62,13.76,1038800.0
06/04/2001,16:00,13.79,13.89,13.75,13.81,1239200.0
06/05/2001,16:00,13.87,14.17,13.85,14.12,1814800.0
06/06/2001,16:00,14.10,14.27,14.10,14.23,2820400.0
06/07/2001,16:00,14.23,14.23,13.90,13.93,2098000.0
06/08/2001,16:00,13.71,13.79,13.54,13.54,2328800.0
06/11/2001,16:00,13.38,13.55,13.18,13.40,2280800.0
06/12/2001,16:00,13.32,13.43,13.22,13.26,778800.0
06/13/2001,16:00,13.24,13.40,13.22,13.30,851200.0
06/14/2001,16:00,13.30,13.35,13.03,13.05,846800.0
06/15/2001,16:00,13.05,13.18,13.01,13.13,1258000.0
06/18/2001,16:00,13.13,13.14,12.99,13.00,1817200.0
06/19/2001,16:00,13.07,13.43,13.07,13.27,2147200.0
06/20/2001,16:00,13.32,13.77,13.31,13.65,2836400.0
06/21/2001,16:00,13.82,13.92,13.72,13.81,3014400.0
06/22/2001,16:00,13.63,13.86,13.57,13.69,1822000.0
06/25/2001,16:00,13.75,13.85,13.69,13.75,2100400.0
06/26/2001,16:00,13.71,13.85,13.68,13.71,1216800.0
06/27/2001,16:00,13.71,13.82,13.67,13.70,1042800.0
06/28/2001,16:00,13.70,13.91,13.69,13.76,1755600.0
06/29/2001,16:00,13.76,13.78,13.15,13.38,3224800.0
07/02/2001,16:00,13.43,13.69,13.43,13.47,1225200.0
07/03/2001,16:00,13.49,13.51,13.37,13.44,1495200.0
07/05/2001,16:00,13.85,14.05,13.80,14.03,3307200.0
07/06/2001,16:00,14.01,14.01,13.65,13.69,2294000.0
07/09/2001,16:00,13.69,13.89,13.67,13.76,1933200.0
07/10/2001,16:00,13.82,13.94,13.66,13.89,1917200.0
07/11/2001,16:00,13.91,13.95,13.72,13.89,4123600.0
07/12/2001,16:00,13.90,14.49,13.90,14.47,5814000.0
07/13/2001,16:00,14.47,14.88,14.43,14.72,6716000.0
07/16/2001,16:00,14.77,15.14,14.77,14.95,4520000.0
07/17/2001,16:00,14.95,15.02,14.74,14.94,5049200.0
07/18/2001,16:00,15.05,15.61,15.01,15.59,4731600.0
07/19/2001,16:00,15.61,15.94,15.59,15.62,8112800.0
07/20/2001,16:00,15.38,15.53,15.23,15.23,4345600.0
07/23/2001,16:00,15.36,15.49,15.27,15.38,2425200.0
07/24/2001,16:00,15.37,15.38,15.05,15.13,1845600.0
07/25/2001,16:00,15.16,15.61,15.16,15.60,3999200.0
07/26/2001,16:00,15.57,15.67,15.43,15.65,4989600.0
07/27/2001,16:00,15.67,16.05,15.67,15.98,1812800.0
07/30/2001,16:00,15.97,16.07,15.83,16.05,2066400.0
07/31/2001,16:00,15.98,16.01,15.61,15.61,2364400.0
08/01/2001,16:00,15.65,15.65,15.11,15.27,6032000.0
08/02/2001,16:00,15.25,15.27,14.81,14.83,2836400.0
08/03/2001,16:00,14.82,14.82,14.43,14.55,2670400.0
08/06/2001,16:00,14.60,14.80,14.58,14.65,1851600.0
08/07/2001,16:00,14.64,14.70,14.27,14.43,5555200.0
08/08/2001,16:00,14.33,14.41,14.05,14.11,2667600.0
08/09/2001,16:00,14.21,14.29,14.09,14.22,1669600.0
08/10/2001,16:00,14.21,14.83,14.21,14.81,1943600.0
08/13/2001,16:00,14.80,15.14,14.77,15.05,1968800.0
08/14/2001,16:00,15.04,15.06,14.77,14.94,1754400.0
08/15/2001,16:00,14.94,15.28,14.89,15.12,1792400.0
08/16/2001,16:00,15.06,15.07,14.52,14.74,1774400.0
08/17/2001,16:00,14.66,14.78,14.62,14.74,786800.0
08/20/2001,16:00,14.74,14.96,14.74,14.89,1302800.0
08/21/2001,16:00,15.05,15.20,14.89,15.01,1409200.0
08/22/2001,16:00,15.01,15.24,15.01,15.16,1121200.0
08/23/2001,16:00,15.16,15.20,14.99,15.07,1052400.0
08/24/2001,16:00,15.07,15.45,15.07,15.41,2467200.0
08/27/2001,16:00,15.40,15.47,15.21,15.27,2355200.0
08/28/2001,16:00,15.33,15.64,15.33,15.57,3318000.0
08/29/2001,16:00,15.56,15.56,15.27,15.34,1162400.0
08/30/2001,16:00,15.59,15.59,15.27,15.36,1617600.0
08/31/2001,16:00,15.36,15.41,15.26,15.34,1466000.0
09/04/2001,16:00,15.28,15.64,15.24,15.45,2534800.0
09/05/2001,16:00,15.45,15.59,15.36,15.57,1768400.0
09/06/2001,16:00,15.55,15.60,15.38,15.47,2044800.0
09/07/2001,16:00,15.43,15.44,15.09,15.13,2127200.0
09/10/2001,16:00,15.13,15.27,15.00,15.14,2140800.0
09/17/2001,16:00,14.77,15.02,14.65,14.66,1896400.0
09/18/2001,16:00,14.63,14.63,13.94,13.96,2132000.0
09/19/2001,16:00,14.24,14.24,13.15,13.55,4944400.0
09/20/2001,16:00,13.62,13.62,13.38,13.50,1804000.0
09/21/2001,16:00,13.32,13.32,12.88,13.04,2706000.0
09/24/2001,16:00,13.65,13.65,13.38,13.61,3176800.0
09/25/2001,16:00,13.59,13.97,13.58,13.97,2487600.0
09/26/2001,16:00,14.54,14.54,14.11,14.24,4146400.0
09/27/2001,16:00,14.30,15.17,14.30,15.16,4129600.0
09/28/2001,16:00,15.27,15.46,15.11,15.26,3935200.0
10/01/2001,16:00,15.21,15.43,14.93,15.40,2473200.0
10/02/2001,16:00,15.37,15.76,15.21,15.62,3880400.0
10/03/2001,16:00,15.62,15.62,15.37,15.51,3698000.0
10/04/2001,16:00,15.54,15.54,15.24,15.34,2482800.0
10/05/2001,16:00,15.47,15.47,15.05,15.45,1975600.0
10/08/2001,16:00,15.99,15.99,15.31,15.72,2353600.0
10/09/2001,16:00,15.89,15.89,15.59,15.66,1446000.0
10/10/2001,16:00,15.63,15.64,15.38,15.53,2796000.0
10/11/2001,16:00,15.47,15.73,15.38,15.61,2222000.0
10/12/2001,16:00,15.47,15.58,15.33,15.58,1560000.0
10/15/2001,16:00,15.61,15.81,15.56,15.81,4101600.0
10/16/2001,16:00,16.05,16.30,16.01,16.14,8358400.0
10/17/2001,16:00,16.19,16.43,15.80,15.94,5402400.0
10/18/2001,16:00,15.98,16.45,15.96,16.36,3150800.0
10/19/2001,16:00,16.43,16.72,16.38,16.68,3344400.0
10/22/2001,16:00,16.76,16.81,16.32,16.64,3113200.0
10/23/2001,16:00,16.66,16.75,16.41,16.58,2682000.0
10/24/2001,16:00,16.56,16.56,16.28,16.36,1952400.0
10/25/2001,16:00,16.27,16.61,16.20,16.50,1642800.0
10/26/2001,16:00,16.56,16.61,15.90,15.94,4181600.0
10/29/2001,16:00,15.83,15.95,15.55,15.72,4391600.0
10/30/2001,16:00,15.77,15.77,15.07,15.43,2847600.0
10/31/2001,16:00,15.49,15.83,15.34,15.83,3374800.0
11/01/2001,16:00,15.79,16.06,15.42,16.06,2556800.0
11/02/2001,16:00,16.05,16.23,15.96,16.05,1866800.0
11/05/2001,16:00,16.00,16.39,15.98,16.31,2890000.0
11/06/2001,16:00,16.30,16.48,15.82,16.11,3525200.0
11/07/2001,16:00,16.30,16.30,16.10,16.14,1177600.0
11/08/2001,16:00,16.14,16.27,15.94,15.99,4078400.0
11/09/2001,16:00,15.99,16.03,15.83,15.85,2189600.0
11/12/2001,16:00,15.85,16.03,15.64,15.67,2654000.0
11/13/2001,16:00,15.72,15.89,15.50,15.64,2690400.0
11/14/2001,16:00,15.69,15.69,15.32,15.52,1818400.0
11/15/2001,16:00,15.52,15.75,15.40,15.73,2189200.0
11/16/2001,16:00,15.89,15.94,15.67,15.80,1238000.0
11/19/2001,16:00,15.76,15.77,15.02,15.22,4911600.0
11/20/2001,16:00,15.20,15.45,15.05,15.41,3818800.0
11/21/2001,16:00,16.88,16.88,15.41,16.50,15113600.0
11/23/2001,16:00,16.58,16.58,16.28,16.32,2608000.0
11/26/2001,16:00,16.43,16.54,16.37,16.44,4496000.0
11/27/2001,16:00,16.46,16.53,16.37,16.39,2155200.0
11/28/2001,16:00,16.71,16.71,16.34,16.53,2630000.0
11/29/2001,16:00,16.69,16.69,16.34,16.52,2104000.0
11/30/2001,16:00,16.44,16.61,16.36,16.61,2019600.0
12/03/2001,16:00,16.67,16.67,16.46,16.62,1618800.0
12/04/2001,16:00,16.63,16.68,16.52,16.65,2172800.0
12/05/2001,16:00,16.67,16.78,16.66,16.71,2051600.0
12/06/2001,16:00,17.22,17.22,16.69,17.15,3272800.0
12/07/2001,16:00,16.77,16.77,16.17,16.52,5646000.0
12/10/2001,16:00,16.34,16.49,16.21,16.28,1362400.0
12/11/2001,16:00,16.27,16.41,16.25,16.36,2005600.0
12/12/2001,16:00,16.31,16.42,16.25,16.30,1883600.0
12/13/2001,16:00,16.27,16.33,16.11,16.28,1772800.0
12/14/2001,16:00,16.31,16.71,16.24,16.62,1339600.0
12/17/2001,16:00,16.62,17.04,16.61,16.91,2448400.0
12/18/2001,16:00,16.78,16.89,16.44,16.64,2096400.0
12/19/2001,16:00,16.61,16.94,16.50,16.89,1693200.0
12/20/2001,16:00,16.83,17.02,16.78,16.87,1212800.0
12/21/2001,16:00,17.06,17.10,16.77,17.09,1743200.0
12/24/2001,16:00,17.04,17.35,17.01,17.32,616400.0
12/26/2001,16:00,17.35,17.41,17.17,17.20,988400.0
12/27/2001,16:00,17.17,17.21,17.02,17.08,1026800.0
12/28/2001,16:00,17.17,17.19,17.04,17.07,839600.0
12/31/2001,16:00,17.10,17.38,16.89,17.31,1953600.0
01/02/2002,16:00,17.11,17.15,16.61,16.72,2559200.0
01/03/2002,16:00,16.79,16.79,16.39,16.56,3275200.0
01/04/2002,16:00,16.58,16.58,16.22,16.46,2394400.0
01/07/2002,16:00,16.43,16.43,16.20,16.23,1248800.0
01/08/2002,16:00,16.17,16.17,15.94,16.07,3002400.0
01/09/2002,16:00,16.13,16.45,16.13,16.36,4196400.0
01/10/2002,16:00,16.17,16.63,16.17,16.53,2282400.0
01/11/2002,16:00,16.56,16.72,16.48,16.71,1276400.0
01/14/2002,16:00,16.69,16.83,16.65,16.77,1893600.0
01/15/2002,16:00,16.77,16.86,16.46,16.86,1712000.0
01/16/2002,16:00,16.83,17.01,16.80,17.01,2144400.0
01/17/2002,16:00,17.01,17.16,16.88,17.15,1366000.0
01/18/2002,16:00,17.10,17.18,16.68,16.80,4028800.0
01/22/2002,16:00,16.90,17.59,16.90,17.39,3071200.0
01/23/2002,16:00,17.39,17.39,17.12,17.33,2904000.0
01/24/2002,16:00,17.33,17.54,17.22,17.48,3559200.0
01/25/2002,16:00,17.48,17.62,17.44,17.56,1698000.0
01/28/2002,16:00,17.56,17.58,17.35,17.47,2181200.0
01/29/2002,16:00,17.42,17.56,17.36,17.46,2389600.0
01/30/2002,16:00,17.47,17.81,17.47,17.67,3811600.0
01/31/2002,16:00,17.67,17.84,17.62,17.68,4849600.0
02/01/2002,16:00,17.73,17.73,17.25,17.35,5676000.0
02/04/2002,16:00,17.39,17.49,17.30,17.37,3805200.0
02/05/2002,16:00,17.37,17.73,17.37,17.64,3668400.0
02/06/2002,16:00,17.66,17.75,17.51,17.63,1770400.0
02/07/2002,16:00,17.59,17.59,17.00,17.11,2737200.0
02/08/2002,16:00,17.16,17.41,16.99,17.16,2514400.0
02/11/2002,16:00,17.11,17.19,16.97,17.14,1515200.0
02/12/2002,16:00,17.11,17.56,17.08,17.50,3721200.0
02/13/2002,16:00,17.50,17.59,17.40,17.50,2292400.0
02/14/2002,16:00,17.56,17.86,17.54,17.65,3264400.0
02/15/2002,16:00,17.75,17.75,17.55,17.59,1694800.0
02/19/2002,16:00,17.45,17.48,17.14,17.15,1394400.0
02/20/2002,16:00,17.73,17.73,17.17,17.61,3539600.0
02/21/2002,16:00,17.61,17.88,17.61,17.75,2532000.0
02/22/2002,16:00,17.67,18.20,17.53,18.09,4784000.0
02/25/2002,16:00,18.06,18.19,17.62,17.68,4029200.0
02/26/2002,16:00,17.89,17.95,17.69,17.86,4478800.0
02/27/2002,16:00,17.91,17.93,17.39,17.48,3878000.0
02/28/2002,16:00,17.59,17.66,17.45,17.46,1653600.0
03/01/2002,16:00,17.46,17.53,17.36,17.39,3240400.0
03/04/2002,16:00,17.21,17.50,17.21,17.43,4810400.0
03/05/2002,16:00,17.58,17.73,17.07,17.08,3132000.0
03/06/2002,16:00,17.09,17.48,17.09,17.44,3333600.0
03/07/2002,16:00,17.17,17.37,17.13,17.14,2803200.0
03/08/2002,16:00,17.19,17.37,17.19,17.36,2468800.0
03/11/2002,16:00,17.34,17.49,17.10,17.18,2399600.0
03/12/2002,16:00,17.33,17.33,17.06,17.28,1803600.0
03/13/2002,16:00,17.30,17.34,17.10,17.17,2652800.0
03/14/2002,16:00,17.76,17.76,17.19,17.63,2725200.0
03/15/2002,16:00,17.78,18.11,17.78,17.91,3686400.0
03/18/2002,16:00,17.92,18.04,17.78,17.99,3113600.0
03/19/2002,16:00,17.99,18.06,17.82,18.06,2086000.0
03/20/2002,16:00,18.06,18.09,17.57,17.58,2064800.0
03/21/2002,16:00,17.72,17.72,17.55,17.63,1433200.0
03/22/2002,16:00,17.60,17.80,17.45,17.66,2246000.0
03/25/2002,16:00,17.72,17.76,17.50,17.50,1111200.0
03/26/2002,16:00,17.50,17.64,17.00,17.07,6260000.0
03/27/2002,16:00,17.28,17.28,17.08,17.22,3051200.0
03/28/2002,16:00,17.28,17.28,17.12,17.20,2879600.0
04/01/2002,16:00,17.20,17.20,16.78,17.08,3578400.0
04/02/2002,16:00,17.12,17.27,17.08,17.17,1808400.0
04/03/2002,16:00,17.26,17.26,16.94,16.97,2070000.0
04/04/2002,16:00,16.90,17.05,16.89,17.00,2022400.0
04/05/2002,16:00,17.04,17.04,16.59,16.78,2023600.0
04/08/2002,16:00,16.72,16.80,16.49,16.72,2296800.0
04/09/2002,16:00,16.78,17.06,16.73,17.02,2810000.0
04/10/2002,16:00,17.08,17.36,17.07,17.29,4294400.0
04/11/2002,16:00,17.29,17.33,16.86,16.88,1725200.0
04/12/2002,16:00,16.89,16.96,16.50,16.61,3172800.0
04/15/2002,16:00,16.83,16.93,16.57,16.93,2302800.0
04/16/2002,16:00,16.95,17.01,16.65,16.95,4252800.0
04/17/2002,16:00,16.95,17.35,16.95,17.32,6023600.0
04/18/2002,16:00,17.37,17.59,17.31,17.58,3258800.0
04/19/2002,16:00,17.73,18.23,17.73,18.13,5970800.0
04/22/2002,16:00,18.13,18.13,17.91,18.13,3075200.0
04/23/2002,16:00,18.12,18.12,17.86,18.00,3275200.0
04/24/2002,16:00,17.97,18.08,17.93,18.05,2495200.0
04/25/2002,16:00,18.02,18.34,17.88,18.22,2739600.0
04/26/2002,16:00,18.17,18.30,17.95,18.21,1657200.0
04/29/2002,16:00,18.25,18.27,17.87,17.94,1906400.0
04/30/2002,16:00,18.06,18.72,18.01,18.55,2731200.0
05/01/2002,16:00,18.45,18.58,18.28,18.42,2817200.0
05/02/2002,16:00,18.51,18.98,18.51,18.75,6009600.0
05/03/2002,16:00,18.62,18.71,18.32,18.45,2892000.0
05/06/2002,16:00,18.46,18.90,18.38,18.79,3725600.0
05/07/2002,16:00,18.93,19.13,18.69,18.72,6427600.0
05/08/2002,16:00,18.72,18.77,18.40,18.65,3214400.0
05/09/2002,16:00,18.65,18.90,18.52,18.54,1996000.0
05/10/2002,16:00,18.90,18.90,18.63,18.75,3494000.0
05/13/2002,16:00,18.76,18.90,18.59,18.67,2321600.0
05/14/2002,16:00,18.68,18.71,18.18,18.27,5239600.0
05/15/2002,16:00,18.40,18.60,18.34,18.39,2384000.0
05/16/2002,16:00,18.51,18.67,18.32,18.55,2435600.0
05/17/2002,16:00,18.54,18.96,18.50,18.85,2341200.0
05/20/2002,16:00,18.90,18.92,18.61,18.73,1714800.0
05/21/2002,16:00,18.75,18.94,18.62,18.71,1687600.0
05/22/2002,16:00,18.71,18.84,18.70,18.79,1457200.0
05/23/2002,16:00,18.83,18.99,18.74,18.97,1844000.0
05/24/2002,16:00,19.01,19.23,18.84,18.94,1343600.0
05/28/2002,16:00,18.89,18.92,18.70,18.73,1380000.0
05/29/2002,16:00,18.71,18.95,18.71,18.82,992800.0
05/30/2002,16:00,18.81,19.13,18.71,19.07,1814400.0
05/31/2002,16:00,19.08,19.09,18.76,18.82,2083600.0
06/03/2002,16:00,18.87,18.90,18.28,18.38,2495200.0
06/04/2002,16:00,18.43,18.43,17.89,18.03,3373600.0
06/05/2002,16:00,17.98,18.27,17.80,18.24,2326000.0
06/06/2002,16:00,18.27,18.28,17.78,17.95,1683600.0
06/07/2002,16:00,17.73,17.88,17.63,17.82,2496800.0
06/10/2002,16:00,17.87,18.11,17.87,18.09,3256400.0
06/11/2002,16:00,18.17,18.17,17.68,17.68,3033200.0
06/12/2002,16:00,17.29,17.31,16.87,17.19,8960800.0
06/13/2002,16:00,17.17,17.24,17.02,17.17,3306800.0
06/14/2002,16:00,17.06,17.59,16.92,17.49,2248000.0
06/17/2002,16:00,17.72,17.92,17.58,17.88,2060400.0
06/18/2002,16:00,17.83,17.89,17.66,17.74,2721200.0
06/19/2002,16:00,17.74,17.91,17.62,17.75,1776000.0
06/20/2002,16:00,17.75,17.77,17.17,17.29,2300000.0
06/21/2002,16:00,17.17,17.45,16.95,17.06,2270800.0
06/24/2002,16:00,16.89,17.08,16.50,16.90,2920000.0
06/25/2002,16:00,16.95,17.07,16.65,16.73,2619600.0
06/26/2002,16:00,16.33,16.68,16.32,16.54,3038400.0
06/27/2002,16:00,16.56,16.58,16.14,16.38,4419200.0
06/28/2002,16:00,16.44,16.71,16.44,16.47,3238800.0
07/01/2002,16:00,16.53,16.56,15.16,15.30,1783200.0
07/02/2002,16:00,15.43,15.49,14.35,15.37,6436600.0
07/03/2002,16:00,15.34,15.86,15.13,15.79,3764600.0
07/05/2002,16:00,15.79,16.28,15.79,16.25,863600.0
07/08/2002,16:00,16.14,16.34,15.38,15.53,2770400.0
07/09/2002,16:00,15.70,15.73,14.98,14.99,2809000.0
07/10/2002,16:00,14.85,14.89,13.62,13.86,6386400.0
07/11/2002,16:00,13.86,14.67,13.61,14.61,4782000.0
07/12/2002,16:00,14.94,15.27,14.67,15.17,3543000.0
07/15/2002,16:00,15.17,15.25,14.49,15.06,2941800.0
07/16/2002,16:00,15.06,15.74,15.03,15.51,4025400.0
07/17/2002,16:00,16.72,17.10,16.39,16.86,8557200.0
07/18/2002,16:00,16.28,16.28,15.32,15.55,5187800.0
07/19/2002,16:00,15.55,15.70,15.02,15.02,3555000.0
07/22/2002,16:00,14.91,15.00,14.16,14.50,3871600.0
07/23/2002,16:00,14.67,14.82,14.22,14.22,3502400.0
07/24/2002,16:00,13.85,15.83,13.84,15.63,4497000.0
07/25/2002,16:00,15.72,16.50,15.43,16.35,3725000.0
07/26/2002,16:00,16.32,16.32,15.81,15.97,3203600.0
07/29/2002,16:00,15.98,16.56,15.98,16.50,2642000.0
07/30/2002,16:00,16.50,17.18,16.39,16.83,2887400.0
07/31/2002,16:00,16.92,17.06,16.54,16.95,1706800.0
08/01/2002,16:00,16.90,16.94,16.28,16.55,1632600.0
08/02/2002,16:00,16.57,16.74,16.19,16.52,1468000.0
08/05/2002,16:00,16.34,16.43,15.21,15.52,2909600.0
08/06/2002,16:00,15.88,16.02,15.65,15.65,2254200.0
08/07/2002,16:00,15.74,16.17,15.69,16.16,2335600.0
08/08/2002,16:00,16.23,17.14,16.21,16.90,1603000.0
08/09/2002,16:00,16.79,17.37,16.57,17.26,1565200.0
08/12/2002,16:00,17.26,17.49,17.17,17.45,1343200.0
08/13/2002,16:00,17.45,17.57,16.86,16.88,1397000.0
08/14/2002,16:00,16.95,17.33,16.51,17.21,1430600.0
08/15/2002,16:00,17.33,17.67,17.17,17.46,1106800.0
08/16/2002,16:00,17.41,17.42,16.93,16.95,1702600.0
08/19/2002,16:00,17.06,17.18,16.73,17.12,1093000.0
08/20/2002,16:00,17.01,17.08,16.75,16.83,1343400.0
08/21/2002,16:00,16.28,17.20,16.24,17.15,2469600.0
08/22/2002,16:00,17.82,18.28,17.28,17.58,2419600.0
08/23/2002,16:00,17.53,17.61,17.34,17.37,681800.0
08/26/2002,16:00,17.37,17.42,17.06,17.28,1227400.0
08/27/2002,16:00,17.48,17.53,16.94,16.95,951200.0
08/28/2002,16:00,16.94,16.94,16.54,16.58,1468200.0
08/29/2002,16:00,16.30,16.86,16.23,16.61,1761600.0
08/30/2002,16:00,16.61,16.77,16.52,16.59,1028400.0
09/03/2002,16:00,16.50,16.50,16.14,16.27,1485200.0
09/04/2002,16:00,16.37,16.69,16.21,16.61,1172200.0
09/05/2002,16:00,16.54,16.73,16.33,16.60,761600.0
09/06/2002,16:00,16.70,16.83,16.41,16.83,1058000.0
09/09/2002,16:00,16.80,17.28,16.67,17.16,1640800.0
09/10/2002,16:00,17.15,17.39,17.08,17.39,1305800.0
09/11/2002,16:00,17.50,17.53,17.33,17.38,1022600.0
09/12/2002,16:00,17.30,17.39,16.72,16.72,1843200.0
09/13/2002,16:00,16.72,16.72,15.90,16.04,4383800.0
09/16/2002,16:00,16.04,16.48,14.60,15.92,8953600.0
09/17/2002,16:00,15.92,15.92,15.27,15.44,2656800.0
09/18/2002,16:00,15.16,15.69,15.12,15.52,2612400.0
09/19/2002,16:00,15.52,15.90,15.37,15.55,2705400.0
09/20/2002,16:00,15.79,16.18,15.66,16.18,3074800.0
09/23/2002,16:00,16.10,16.39,15.96,16.23,2145000.0
09/24/2002,16:00,16.05,16.13,15.86,15.90,1692200.0
09/25/2002,16:00,16.01,16.36,16.01,16.30,2316000.0
09/26/2002,16:00,16.59,16.63,16.31,16.54,1223600.0
09/27/2002,16:00,16.52,16.90,16.34,16.36,1370600.0
09/30/2002,16:00,16.05,16.14,15.72,15.92,2271600.0
10/01/2002,16:00,15.94,16.29,15.62,16.29,2173400.0
10/02/2002,16:00,16.39,16.72,16.27,16.31,1712000.0
10/03/2002,16:00,16.25,16.81,15.92,15.93,2781000.0
10/04/2002,16:00,16.28,16.28,15.67,15.70,2964000.0
10/07/2002,16:00,15.70,16.28,15.70,15.99,1846800.0
10/08/2002,16:00,15.99,16.41,15.99,16.21,2162600.0
10/09/2002,16:00,16.21,16.48,16.07,16.23,2516000.0
10/10/2002,16:00,16.25,16.83,15.99,16.76,2455600.0
10/11/2002,16:00,16.85,16.95,16.18,16.37,3103000.0
10/14/2002,16:00,16.41,16.84,16.41,16.81,2811800.0
10/15/2002,16:00,17.06,17.24,16.51,16.77,3975000.0
10/16/2002,16:00,17.08,17.08,15.37,16.14,16556800.0
10/17/2002,16:00,16.50,16.63,15.79,15.88,6395400.0
10/18/2002,16:00,15.88,15.96,15.63,15.94,4321000.0
10/21/2002,16:00,15.94,16.23,15.72,16.21,3130200.0
10/22/2002,16:00,16.21,16.21,15.86,16.02,2266000.0
10/23/2002,16:00,16.08,16.60,16.01,16.50,2973000.0
10/24/2002,16:00,16.70,16.72,15.74,15.83,4627800.0
10/25/2002,16:00,15.76,16.49,15.76,16.39,1742800.0
10/28/2002,16:00,16.46,16.52,16.01,16.08,1522200.0
10/29/2002,16:00,15.92,16.06,15.77,16.06,1191800.0
10/30/2002,16:00,15.54,15.88,15.54,15.80,3236000.0
10/31/2002,16:00,15.90,16.02,15.73,15.88,1964000.0
11/01/2002,16:00,15.69,16.33,15.67,16.30,1835200.0
11/04/2002,16:00,16.34,16.50,16.01,16.05,1662400.0
11/05/2002,16:00,16.12,16.34,15.88,16.24,1166000.0
11/06/2002,16:00,16.34,16.51,16.14,16.40,1238200.0
11/07/2002,16:00,16.40,16.40,15.45,15.49,3804600.0
11/08/2002,16:00,15.50,15.54,15.06,15.30,4229000.0
11/11/2002,16:00,15.21,15.55,15.14,15.16,2066200.0
11/12/2002,16:00,15.30,15.38,14.89,15.09,3123600.0
11/13/2002,16:00,15.09,15.12,14.23,14.43,7846000.0
11/14/2002,16:00,14.11,14.37,14.03,14.29,6240800.0
11/15/2002,16:00,13.96,14.43,13.89,14.27,6158400.0
11/18/2002,16:00,14.63,15.54,14.55,15.05,7587000.0
11/19/2002,16:00,15.04,15.38,14.97,15.09,5576200.0
11/20/2002,16:00,15.09,15.36,15.07,15.20,7140400.0
11/21/2002,16:00,15.21,15.25,14.56,14.57,9968400.0
11/22/2002,16:00,14.27,14.47,14.27,14.37,6646800.0
11/25/2002,16:00,14.37,15.83,14.24,15.70,11813200.0
11/26/2002,16:00,15.61,15.70,15.33,15.52,4415800.0
11/27/2002,16:00,15.52,15.72,15.34,15.63,3529400.0
11/29/2002,16:00,15.83,15.88,15.47,15.53,1501000.0
12/02/2002,16:00,15.70,15.72,15.26,15.34,2186600.0
12/03/2002,16:00,14.94,15.08,14.49,15.08,3168200.0
12/04/2002,16:00,15.08,15.25,14.87,15.18,1915000.0
12/05/2002,16:00,15.23,15.23,14.94,15.18,1421800.0
12/06/2002,16:00,15.18,15.65,15.12,15.55,4289800.0
12/09/2002,16:00,15.50,15.74,15.27,15.48,2971200.0
12/10/2002,16:00,15.49,15.49,15.07,15.08,3348400.0
12/11/2002,16:00,15.14,15.83,15.04,15.58,4636800.0
12/12/2002,16:00,15.72,15.72,15.29,15.36,2327800.0
12/13/2002,16:00,15.38,15.38,15.17,15.28,1708400.0
12/16/2002,16:00,15.41,15.59,15.41,15.49,4079600.0
12/17/2002,16:00,15.56,15.84,15.50,15.73,3406400.0
12/18/2002,16:00,15.73,15.75,15.55,15.66,2722200.0
12/19/2002,16:00,15.61,15.85,15.45,15.75,3574200.0
12/20/2002,16:00,15.76,16.18,15.75,16.18,3586000.0
12/23/2002,16:00,16.95,17.84,16.95,17.78,9506400.0
12/24/2002,16:00,17.78,17.91,17.64,17.86,1902000.0
12/26/2002,16:00,17.86,17.99,17.76,17.89,1959800.0
12/27/2002,16:00,17.89,17.89,17.46,17.47,1626400.0
12/30/2002,16:00,18.06,18.06,17.73,17.85,3190600.0
12/31/2002,16:00,17.84,17.84,17.53,17.71,1640400.0
01/02/2003,16:00,17.62,18.31,17.53,18.31,3115400.0
01/03/2003,16:00,18.33,18.73,18.33,18.53,5212400.0
01/06/2003,16:00,18.53,18.53,18.24,18.37,3189000.0
01/07/2003,16:00,18.26,18.40,18.24,18.33,2670400.0
01/08/2003,16:00,18.28,18.49,18.19,18.44,4483400.0
01/09/2003,16:00,18.46,18.84,18.46,18.79,3307800.0
01/10/2003,16:00,18.73,19.00,18.61,18.82,2771000.0
01/13/2003,16:00,18.84,18.84,18.65,18.78,1442400.0
01/14/2003,16:00,18.73,18.81,18.53,18.78,2165200.0
01/15/2003,16:00,18.69,18.73,18.55,18.58,5580200.0
01/16/2003,16:00,18.40,18.40,17.99,18.11,7502800.0
01/17/2003,16:00,18.17,18.33,18.01,18.29,3448600.0
01/21/2003,16:00,18.40,18.62,17.98,17.99,2402800.0
01/22/2003,16:00,17.97,18.12,17.93,18.06,2161200.0
01/23/2003,16:00,18.28,18.31,17.73,17.99,1750400.0
01/24/2003,16:00,18.08,18.22,17.73,17.80,2518200.0
01/27/2003,16:00,17.82,18.03,17.48,17.70,3025200.0
01/28/2003,16:00,17.70,18.73,17.29,18.72,8375400.0
01/29/2003,16:00,17.70,18.73,17.29,18.72,8038600.0
01/30/2003,16:00,19.49,19.49,18.71,18.71,4927000.0
01/31/2003,16:00,18.91,19.61,18.68,19.43,4153800.0
02/03/2003,16:00,19.42,19.71,18.73,18.73,6394800.0
02/04/2003,16:00,18.28,18.36,17.99,18.17,6338200.0
02/05/2003,16:00,18.24,18.73,18.24,18.35,3426400.0
02/06/2003,16:00,18.28,18.71,18.15,18.32,2812200.0
02/07/2003,16:00,18.31,18.46,18.08,18.17,1491600.0
02/10/2003,16:00,18.26,18.44,18.19,18.28,1718600.0
02/11/2003,16:00,18.60,18.61,18.24,18.37,1951800.0
02/12/2003,16:00,18.42,19.09,18.15,18.98,7076400.0
02/13/2003,16:00,18.98,19.15,18.71,19.12,7507200.0
02/14/2003,16:00,19.15,19.45,18.91,19.41,3689800.0
02/18/2003,16:00,19.41,20.09,19.41,20.07,3296600.0
02/19/2003,16:00,20.07,20.07,19.64,19.84,2603000.0
02/20/2003,16:00,19.85,19.92,19.40,19.69,2738800.0
02/21/2003,16:00,19.62,20.22,19.61,19.98,3047000.0
02/24/2003,16:00,20.00,20.00,19.56,19.68,1990600.0
02/25/2003,16:00,19.68,20.25,19.56,20.22,2761200.0
02/26/2003,16:00,20.23,20.33,19.98,20.14,2397200.0
02/27/2003,16:00,20.25,20.35,19.82,20.26,3763800.0
02/28/2003,16:00,20.26,20.41,20.18,20.37,1656000.0
03/03/2003,16:00,20.45,20.58,19.93,20.05,2247200.0
03/04/2003,16:00,20.07,20.52,20.07,20.37,3203800.0
03/05/2003,16:00,20.37,20.68,20.34,20.68,1911800.0
03/06/2003,16:00,20.68,20.80,20.42,20.58,2918000.0
03/07/2003,16:00,20.58,20.64,20.43,20.54,2236400.0
03/10/2003,16:00,20.36,20.39,19.94,20.03,2743000.0
03/11/2003,16:00,20.03,20.33,19.87,20.27,2417600.0
03/12/2003,16:00,20.23,20.31,19.89,20.31,2258800.0
03/13/2003,16:00,20.32,21.06,20.32,21.06,3359600.0
03/14/2003,16:00,20.96,21.30,20.63,20.74,2535400.0
03/17/2003,16:00,20.98,21.94,20.83,21.86,4057000.0
03/18/2003,16:00,21.86,21.86,21.13,21.21,5008400.0
03/19/2003,16:00,21.41,21.50,20.97,21.41,3436400.0
03/20/2003,16:00,21.38,21.83,21.16,21.74,2874400.0
03/21/2003,16:00,21.83,22.07,21.70,21.86,2325000.0
03/24/2003,16:00,21.86,21.86,21.27,21.49,2010400.0
03/25/2003,16:00,21.49,21.97,21.45,21.90,1751800.0
03/26/2003,16:00,21.91,21.91,21.55,21.57,2309200.0
03/27/2003,16:00,21.41,21.57,21.38,21.48,3463600.0
03/28/2003,16:00,21.51,21.90,21.48,21.67,2716800.0
03/31/2003,16:00,21.63,22.02,21.49,21.74,4203200.0
04/01/2003,16:00,21.74,22.12,21.57,22.00,3502200.0
04/02/2003,16:00,22.25,22.47,22.01,22.06,3517000.0
04/03/2003,16:00,22.01,22.27,21.92,21.94,2428800.0
04/04/2003,16:00,22.05,22.11,21.74,21.90,3108000.0
04/07/2003,16:00,22.17,22.50,21.85,21.85,2167200.0
04/08/2003,16:00,21.91,22.21,21.78,22.10,2744800.0
04/09/2003,16:00,22.19,22.61,22.13,22.36,3396400.0
04/10/2003,16:00,22.41,22.46,22.19,22.37,2151600.0
04/11/2003,16:00,22.37,22.51,21.84,22.03,2256600.0
04/14/2003,16:00,21.96,22.02,21.77,22.00,2960000.0
04/15/2003,16:00,22.02,22.29,21.84,22.14,2793600.0
04/16/2003,16:00,22.15,22.15,21.18,21.63,9159000.0
04/17/2003,16:00,21.96,22.41,21.91,22.30,4876600.0
04/21/2003,16:00,22.32,22.53,22.23,22.33,2132800.0
04/22/2003,16:00,22.34,22.68,22.15,22.53,2810000.0
04/23/2003,16:00,22.63,23.12,22.48,23.09,3923400.0
04/24/2003,16:00,23.09,23.28,22.96,22.97,3364400.0
04/25/2003,16:00,22.97,23.33,22.83,23.30,3122000.0
04/28/2003,16:00,23.30,23.74,23.22,23.31,2717400.0
04/29/2003,16:00,23.31,23.39,23.03,23.13,3113800.0
04/30/2003,16:00,23.11,23.52,22.92,23.40,3882000.0
05/01/2003,16:00,23.44,23.45,23.06,23.13,2206200.0
05/02/2003,16:00,23.10,23.46,23.06,23.44,2501400.0
05/05/2003,16:00,23.44,23.54,23.10,23.35,2805000.0
05/06/2003,16:00,23.36,23.63,23.19,23.34,2100600.0
05/07/2003,16:00,23.35,23.44,22.83,23.06,3188800.0
05/08/2003,16:00,23.01,23.14,22.86,23.06,2961200.0
05/09/2003,16:00,23.05,23.36,22.97,23.36,2234400.0
05/12/2003,16:00,24.06,25.11,23.59,24.66,9280800.0
05/13/2003,16:00,24.55,24.76,24.40,24.49,2895600.0
05/14/2003,16:00,24.44,24.45,24.26,24.44,2410800.0
05/15/2003,16:00,24.46,24.60,24.33,24.52,1719000.0
05/16/2003,16:00,24.48,24.62,24.39,24.44,1432600.0
05/19/2003,16:00,24.44,24.45,23.80,23.86,2066400.0
05/20/2003,16:00,23.88,24.10,23.55,23.95,2116200.0
05/21/2003,16:00,23.91,24.23,23.81,24.07,1399000.0
05/22/2003,16:00,24.08,24.75,24.08,24.67,1504000.0
05/23/2003,16:00,24.60,24.82,24.50,24.66,1014200.0
05/27/2003,16:00,24.66,24.86,24.58,24.77,2240800.0
05/28/2003,16:00,24.82,24.84,24.31,24.31,3090400.0
05/29/2003,16:00,24.35,24.61,24.31,24.41,2477000.0
05/30/2003,16:00,24.44,25.15,24.42,25.02,2165400.0
06/02/2003,16:00,25.53,25.82,25.13,25.13,2914400.0
06/03/2003,16:00,25.20,25.41,25.09,25.16,2150400.0
06/04/2003,16:00,25.16,25.73,25.06,25.53,1789800.0
06/05/2003,16:00,25.53,26.45,25.53,26.32,3042400.0
06/06/2003,16:00,26.36,26.67,25.86,25.90,3262600.0
06/09/2003,16:00,25.90,25.90,24.98,25.31,5146200.0
06/10/2003,16:00,25.31,26.09,25.31,26.07,2645400.0
06/11/2003,16:00,26.74,27.56,26.60,27.46,5955600.0
06/12/2003,16:00,27.72,27.78,26.99,27.47,3751800.0
06/13/2003,16:00,27.52,27.70,27.14,27.60,2507600.0
06/16/2003,16:00,27.74,28.26,27.71,28.26,2096200.0
06/17/2003,16:00,28.34,28.37,27.32,27.56,3495400.0
06/18/2003,16:00,27.25,27.28,26.85,27.01,4543800.0
06/19/2003,16:00,26.43,26.71,25.28,25.29,8419600.0
06/20/2003,16:00,25.28,25.40,24.75,25.11,6508600.0
06/23/2003,16:00,25.10,25.35,24.66,25.30,4457600.0
06/24/2003,16:00,25.32,26.05,25.32,25.70,3902200.0
06/25/2003,16:00,25.70,25.80,25.49,25.64,2551000.0
06/26/2003,16:00,25.64,26.24,25.54,26.16,3080800.0
06/27/2003,16:00,26.29,26.49,26.02,26.12,3133000.0
06/30/2003,16:00,26.20,26.36,25.64,25.64,3643600.0
07/01/2003,16:00,25.67,25.76,25.24,25.44,7671800.0
07/02/2003,16:00,25.44,25.47,25.24,25.37,4397600.0
07/03/2003,16:00,25.20,25.52,25.15,25.20,2150600.0
07/07/2003,16:00,25.20,25.20,24.40,24.82,10246800.0
07/08/2003,16:00,24.75,25.00,24.64,24.77,3578200.0
07/09/2003,16:00,24.75,24.77,23.70,23.75,8329000.0
07/10/2003,16:00,23.75,24.42,23.44,24.37,6111800.0
07/11/2003,16:00,24.24,24.26,23.84,24.06,4681000.0
07/14/2003,16:00,24.37,24.82,24.15,24.36,4821400.0
07/15/2003,16:00,24.42,25.04,24.20,24.66,3981600.0
07/16/2003,16:00,23.63,24.53,22.67,22.82,18756000.0
07/17/2003,16:00,22.52,22.96,21.85,22.08,14823600.0
07/18/2003,16:00,22.08,22.40,22.05,22.16,4918200.0
07/21/2003,16:00,22.16,22.16,21.45,21.80,6034000.0
07/22/2003,16:00,21.83,22.66,21.73,22.63,8348800.0
07/23/2003,16:00,22.52,22.59,22.02,22.46,7426000.0
07/24/2003,16:00,22.75,23.64,22.66,23.08,6370800.0
07/25/2003,16:00,23.12,23.74,23.12,23.54,4727600.0
07/28/2003,16:00,23.54,24.20,23.54,23.84,5258400.0
07/29/2003,16:00,23.99,24.34,23.91,24.22,3953600.0
07/30/2003,16:00,24.22,24.48,24.17,24.18,5172400.0
07/31/2003,16:00,24.24,24.30,23.86,23.93,4088000.0
08/01/2003,16:00,23.93,24.27,23.93,24.02,4226400.0
08/04/2003,16:00,24.03,24.28,24.03,24.09,3922000.0
08/05/2003,16:00,24.10,24.68,24.08,24.48,3994200.0
08/06/2003,16:00,24.44,24.44,23.86,23.88,3724600.0
08/07/2003,16:00,23.99,23.99,23.70,23.90,2765800.0
08/08/2003,16:00,24.22,24.91,24.12,24.19,4375000.0
08/11/2003,16:00,24.40,24.78,24.40,24.75,3011000.0
08/12/2003,16:00,24.95,25.31,24.84,25.08,3159800.0
08/13/2003,16:00,25.08,25.08,24.13,24.19,6024200.0
08/14/2003,16:00,24.19,24.41,23.99,24.08,4100400.0
08/15/2003,16:00,24.17,24.28,23.99,24.08,986600.0
08/18/2003,16:00,24.53,24.57,24.23,24.25,1625400.0
08/19/2003,16:00,24.25,24.33,24.01,24.07,1733400.0
08/20/2003,16:00,24.07,24.22,23.88,23.88,1687200.0
08/21/2003,16:00,23.95,24.17,23.80,24.09,1955600.0
08/22/2003,16:00,24.32,24.34,23.87,23.95,1578600.0
08/25/2003,16:00,23.88,24.03,23.77,23.94,1272600.0
08/26/2003,16:00,23.91,23.93,23.74,23.90,1393200.0
08/27/2003,16:00,23.90,23.91,23.08,23.10,6189200.0
08/28/2003,16:00,23.10,23.46,23.10,23.28,2084800.0
08/29/2003,16:00,23.28,23.32,22.94,23.22,2134200.0
09/02/2003,16:00,23.19,23.34,22.92,23.25,3020200.0
09/03/2003,16:00,23.28,23.44,23.17,23.26,4177600.0
09/04/2003,16:00,23.28,23.48,23.21,23.35,3210600.0
09/05/2003,16:00,23.48,23.62,23.39,23.45,2962400.0
09/08/2003,16:00,23.53,24.17,23.52,23.97,4276600.0
09/09/2003,16:00,23.99,24.20,23.73,24.03,2806000.0
09/10/2003,16:00,23.99,24.35,23.99,24.26,2797200.0
09/11/2003,16:00,24.31,24.77,24.31,24.62,3219200.0
09/12/2003,16:00,24.62,24.62,24.08,24.34,3831000.0
09/15/2003,16:00,24.34,24.75,24.01,24.58,3801600.0
09/16/2003,16:00,24.64,25.40,24.61,25.25,3866200.0
09/17/2003,16:00,25.29,25.57,25.09,25.49,3094600.0
09/18/2003,16:00,25.49,26.00,25.47,25.71,2704600.0
09/19/2003,16:00,25.76,26.02,25.66,25.87,3694800.0
09/22/2003,16:00,25.78,25.78,25.54,25.64,2115800.0
09/23/2003,16:00,25.62,25.64,25.23,25.38,2777800.0
09/24/2003,16:00,25.38,25.38,24.77,24.84,3060400.0
09/25/2003,16:00,24.84,24.87,24.42,24.52,2872200.0
09/26/2003,16:00,24.52,24.52,24.05,24.08,3646200.0
09/29/2003,16:00,24.08,24.09,23.73,23.88,3487800.0
09/30/2003,16:00,23.84,24.14,23.81,23.98,2569400.0
10/01/2003,16:00,23.98,24.33,23.81,23.95,3634400.0
10/02/2003,16:00,23.95,24.36,23.93,24.21,2983000.0
10/03/2003,16:00,24.21,24.40,23.85,23.86,3630200.0
10/06/2003,16:00,23.92,23.95,23.46,23.58,2294800.0
10/07/2003,16:00,23.58,23.95,23.41,23.82,4695800.0
10/08/2003,16:00,23.79,24.58,23.73,24.24,3332200.0
10/09/2003,16:00,24.24,24.46,24.24,24.32,2516000.0
10/10/2003,16:00,24.26,24.59,24.11,24.51,2426000.0
10/13/2003,16:00,24.44,24.49,24.20,24.24,1855800.0
10/14/2003,16:00,24.24,24.24,23.82,23.95,4724800.0
10/15/2003,16:00,24.00,26.22,23.86,25.60,20592600.0
10/16/2003,16:00,25.56,25.63,24.98,25.53,6366000.0
10/17/2003,16:00,25.53,25.58,25.27,25.41,2389600.0
10/20/2003,16:00,25.44,25.82,25.31,25.64,2816600.0
10/21/2003,16:00,25.67,25.98,25.45,25.85,2292600.0
10/22/2003,16:00,25.69,26.08,25.60,25.89,3318000.0
10/23/2003,16:00,25.76,25.94,25.10,25.50,2824200.0
10/24/2003,16:00,25.40,25.87,25.27,25.87,2177400.0
10/27/2003,16:00,25.91,26.09,25.37,25.50,2062600.0
10/28/2003,16:00,25.56,26.19,25.56,26.19,1980800.0
10/29/2003,16:00,26.10,26.10,25.43,25.57,3215200.0
10/30/2003,16:00,25.60,25.82,25.12,25.69,2581800.0
10/31/2003,16:00,25.69,26.07,25.66,25.94,2564600.0
11/03/2003,16:00,25.94,26.25,25.80,26.25,3456800.0
11/04/2003,16:00,26.25,26.36,25.85,26.12,2923600.0
11/05/2003,16:00,26.12,26.12,25.75,26.01,2925200.0
11/06/2003,16:00,26.01,26.03,25.67,25.94,1632400.0
11/07/2003,16:00,25.98,25.98,25.42,25.64,4452400.0
11/10/2003,16:00,25.64,25.82,25.18,25.44,3633000.0
11/11/2003,16:00,25.44,26.08,25.44,25.84,3332600.0
11/12/2003,16:00,25.84,26.34,25.71,26.32,2392800.0
11/13/2003,16:00,26.32,26.85,26.20,26.76,3281200.0
11/14/2003,16:00,26.76,27.05,26.66,26.71,1645600.0
11/17/2003,16:00,26.67,26.86,26.59,26.76,2289800.0
11/18/2003,16:00,26.80,26.92,26.41,26.42,2661400.0
11/19/2003,16:00,26.45,26.45,26.05,26.16,2210400.0
11/20/2003,16:00,26.16,26.58,26.04,26.48,1774800.0
11/21/2003,16:00,26.58,26.76,26.57,26.69,1780400.0
11/24/2003,16:00,26.72,27.06,26.72,27.04,2271800.0
11/25/2003,16:00,27.21,27.47,27.03,27.14,2331800.0
11/26/2003,16:00,27.14,27.22,26.83,27.20,1899200.0
11/28/2003,16:00,27.43,28.54,27.43,28.25,3143600.0
12/01/2003,16:00,28.25,28.50,28.00,28.17,3707800.0
12/02/2003,16:00,27.88,28.19,27.77,27.85,2739200.0
12/03/2003,16:00,27.88,27.88,27.49,27.59,2891400.0
12/04/2003,16:00,27.43,27.56,27.25,27.43,1916800.0
12/05/2003,16:00,27.43,28.01,27.38,27.61,2233600.0
12/08/2003,16:00,27.61,27.77,27.46,27.61,1661200.0
12/09/2003,16:00,27.62,27.67,27.05,27.24,2658400.0
12/10/2003,16:00,27.03,27.21,26.80,26.94,2205400.0
12/11/2003,16:00,26.94,27.38,26.91,27.05,2491800.0
12/12/2003,16:00,27.07,27.15,26.76,26.87,2044600.0
12/15/2003,16:00,27.09,27.09,26.44,26.52,2475000.0
12/16/2003,16:00,26.47,26.67,26.43,26.67,2200000.0
12/17/2003,16:00,26.72,27.33,26.69,27.30,3121800.0
12/18/2003,16:00,27.30,27.45,26.93,27.14,3502000.0
12/19/2003,16:00,27.21,27.23,26.73,26.78,2283800.0
12/22/2003,16:00,26.83,27.36,26.71,26.82,3452600.0
12/23/2003,16:00,26.85,26.93,26.63,26.73,1768400.0
12/24/2003,16:00,26.73,26.98,26.66,26.89,456200.0
12/26/2003,16:00,26.87,26.88,26.79,26.83,352000.0
12/29/2003,16:00,26.85,27.17,26.83,27.09,1529000.0
12/30/2003,16:00,27.07,27.32,26.93,27.32,1240600.0
12/31/2003,16:00,27.32,27.37,27.11,27.36,1372600.0
01/02/2004,16:00,27.47,27.56,27.09,27.13,1251600.0
01/05/2004,16:00,27.12,27.23,26.67,26.71,3271400.0
01/06/2004,16:00,27.21,28.54,27.21,28.34,8403200.0
01/07/2004,16:00,28.10,28.17,27.68,28.01,4452600.0
01/08/2004,16:00,28.05,28.32,27.96,28.10,2731200.0
01/09/2004,16:00,28.01,28.36,27.85,28.25,2182400.0
01/12/2004,16:00,28.41,28.70,28.10,28.29,3921800.0
01/13/2004,16:00,28.32,28.50,27.98,28.10,2969400.0
01/14/2004,16:00,28.12,28.39,28.12,28.35,2345600.0
01/15/2004,16:00,28.37,28.61,28.23,28.38,2491000.0
01/16/2004,16:00,28.46,28.84,28.37,28.82,3394800.0
01/20/2004,16:00,28.82,29.19,28.82,29.06,3460000.0
01/21/2004,16:00,29.44,29.86,29.32,29.66,4403600.0
01/22/2004,16:00,29.82,30.02,29.42,29.61,2300000.0
01/23/2004,16:00,29.59,29.59,28.80,28.90,2789600.0
01/26/2004,16:00,28.90,29.19,28.82,29.16,1831000.0
01/27/2004,16:00,29.22,29.46,29.04,29.16,2713200.0
01/28/2004,16:00,31.00,31.42,30.50,30.57,9965600.0
01/29/2004,16:00,30.91,32.18,30.82,32.00,8218000.0
01/30/2004,16:00,31.93,32.09,31.68,32.05,4062000.0
02/02/2004,16:00,32.05,32.31,31.80,32.16,3570000.0
02/03/2004,16:00,32.02,32.18,31.74,32.07,4560800.0
02/04/2004,16:00,32.09,32.33,31.67,31.85,3236800.0
02/05/2004,16:00,30.77,32.80,30.33,32.53,11075600.0
02/06/2004,16:00,32.43,33.59,31.98,33.13,5803600.0
02/09/2004,16:00,33.13,33.50,32.83,33.37,4411600.0
02/10/2004,16:00,33.31,33.72,33.11,33.59,3174400.0
02/11/2004,16:00,33.47,33.65,33.11,33.46,3511000.0
02/12/2004,16:00,33.46,33.83,33.43,33.76,2815400.0
02/13/2004,16:00,33.77,33.94,32.87,33.01,3419800.0
02/17/2004,16:00,33.03,33.24,32.68,33.07,3124400.0
02/18/2004,16:00,33.07,33.07,32.66,32.75,2443000.0
02/19/2004,16:00,32.92,33.17,32.81,32.89,2529400.0
02/20/2004,16:00,32.89,32.92,32.23,32.85,2549200.0
02/23/2004,16:00,32.80,33.07,32.31,32.37,2276200.0
02/24/2004,16:00,31.96,32.33,31.86,32.28,4442000.0
02/25/2004,16:00,32.30,32.71,32.11,32.36,1863000.0
02/26/2004,16:00,32.31,32.76,32.00,32.66,1549800.0
02/27/2004,16:00,32.58,32.59,31.95,32.40,2994600.0
03/01/2004,16:00,32.43,33.38,32.38,33.22,2257400.0
03/02/2004,16:00,33.14,33.49,32.67,32.83,2197000.0
03/03/2004,16:00,32.84,33.48,32.60,33.42,2243800.0
03/04/2004,16:00,33.38,33.56,33.23,33.35,2552000.0
03/05/2004,16:00,33.36,34.90,33.34,34.12,5765200.0
03/08/2004,16:00,34.57,34.75,34.30,34.59,6590400.0
03/09/2004,16:00,35.24,35.25,33.65,34.01,7180800.0
03/10/2004,16:00,34.12,34.29,33.62,33.76,4391200.0
03/11/2004,16:00,33.65,33.66,33.04,33.25,3798000.0
03/12/2004,16:00,33.36,33.56,33.03,33.38,2011800.0
03/15/2004,16:00,33.30,33.36,32.68,32.80,2731600.0
03/16/2004,16:00,32.96,32.96,32.27,32.54,2201000.0
03/17/2004,16:00,32.72,32.89,32.47,32.71,2035000.0
03/18/2004,16:00,32.72,32.72,32.06,32.25,4403000.0
03/19/2004,16:00,32.25,33.33,32.25,32.88,3164800.0
03/22/2004,16:00,32.67,32.74,31.31,31.72,5186600.0
03/23/2004,16:00,31.82,32.19,31.31,31.87,3587400.0
03/24/2004,16:00,31.85,31.87,31.22,31.31,2130400.0
03/25/2004,16:00,31.31,31.55,30.89,31.47,2723400.0
03/26/2004,16:00,31.56,32.11,31.40,31.94,2286200.0
03/29/2004,16:00,31.93,32.33,31.73,32.22,2305000.0
03/30/2004,16:00,32.25,32.30,31.83,32.16,1795600.0
03/31/2004,16:00,32.22,32.35,31.91,32.16,1718000.0
04/01/2004,16:00,32.11,32.11,31.71,31.73,2604600.0
04/02/2004,16:00,31.96,32.40,31.96,32.22,2548200.0
04/05/2004,16:00,32.23,32.92,31.95,32.82,2931400.0
04/06/2004,16:00,32.56,33.63,32.37,33.30,5336200.0
04/07/2004,16:00,33.23,33.27,32.91,33.01,1945200.0
04/08/2004,16:00,33.23,33.29,33.01,33.18,1885400.0
04/12/2004,16:00,33.23,33.53,33.14,33.36,1478600.0
04/13/2004,16:00,33.37,33.37,32.86,32.88,1475400.0
04/14/2004,16:00,32.78,33.30,32.75,33.09,1998600.0
04/15/2004,16:00,33.09,33.44,32.78,33.07,2075200.0
04/16/2004,16:00,33.30,34.20,33.29,34.02,4052600.0
04/19/2004,16:00,34.00,34.34,33.77,33.93,2167000.0
04/20/2004,16:00,34.23,34.23,33.45,33.47,2022800.0
04/21/2004,16:00,34.01,34.48,33.79,34.29,5069200.0
04/22/2004,16:00,34.30,34.88,34.26,34.58,3836800.0
04/23/2004,16:00,34.77,35.12,34.37,34.95,3048800.0
04/26/2004,16:00,34.95,35.16,34.51,34.59,2026800.0
04/27/2004,16:00,34.63,34.97,34.35,34.45,2251200.0
04/28/2004,16:00,34.45,34.46,34.03,34.21,2791400.0
04/29/2004,16:00,34.34,34.52,33.90,34.08,2155200.0
04/30/2004,16:00,34.19,34.24,33.91,34.01,1848000.0
05/03/2004,16:00,34.05,34.06,33.67,33.96,1850800.0
05/04/2004,16:00,33.96,33.99,33.23,33.54,3578000.0
05/05/2004,16:00,33.54,34.17,33.52,34.10,2140000.0
05/06/2004,16:00,34.10,34.50,33.91,34.16,2039200.0
05/07/2004,16:00,34.10,34.23,33.84,33.88,1889400.0
05/10/2004,16:00,33.50,33.61,32.27,32.29,4145400.0
05/11/2004,16:00,32.41,32.98,32.41,32.92,3102200.0
05/12/2004,16:00,32.67,32.70,31.26,31.89,5404800.0
05/13/2004,16:00,32.11,33.38,32.11,33.29,4493200.0
05/14/2004,16:00,33.29,33.63,33.08,33.38,2490000.0
05/17/2004,16:00,33.05,33.16,32.51,32.98,2664800.0
05/18/2004,16:00,33.07,33.14,32.65,32.72,1921400.0
05/19/2004,16:00,33.18,33.57,33.01,33.41,3408200.0
05/20/2004,16:00,33.41,33.59,32.95,33.15,3225000.0
05/21/2004,16:00,33.20,33.61,33.12,33.40,3051200.0
05/24/2004,16:00,33.45,33.49,32.71,32.71,3000600.0
05/25/2004,16:00,32.71,33.50,32.41,33.36,2990400.0
05/26/2004,16:00,33.34,33.45,32.97,33.07,2515000.0
05/27/2004,16:00,33.38,34.23,33.32,34.09,2917000.0
05/28/2004,16:00,34.43,34.46,34.04,34.06,2323800.0
06/01/2004,16:00,34.03,34.18,33.76,33.94,1578800.0
06/02/2004,16:00,34.05,34.12,33.59,33.84,1398600.0
06/03/2004,16:00,33.76,34.44,33.75,34.10,2591600.0
06/04/2004,16:00,34.48,34.60,34.25,34.34,2041000.0
06/07/2004,16:00,34.39,34.72,34.05,34.68,2169400.0
06/08/2004,16:00,34.66,35.01,34.54,34.99,1613200.0
06/09/2004,16:00,34.99,35.24,34.28,34.28,1868000.0
06/10/2004,16:00,34.28,34.34,34.03,34.17,1457000.0
06/14/2004,16:00,34.17,34.34,34.06,34.19,780600.0
06/15/2004,16:00,34.26,34.51,34.05,34.39,1037400.0
06/16/2004,16:00,34.39,34.59,34.20,34.42,1058800.0
06/17/2004,16:00,34.39,34.44,34.06,34.34,1167600.0
06/18/2004,16:00,34.05,34.71,33.94,34.37,1951600.0
06/21/2004,16:00,34.12,34.21,33.75,33.81,1960400.0
06/22/2004,16:00,33.74,33.83,32.73,33.26,4183000.0
06/23/2004,16:00,33.23,33.51,32.79,33.25,2965600.0
06/24/2004,16:00,33.26,33.54,33.11,33.41,2307200.0
06/25/2004,16:00,33.40,33.59,33.22,33.50,1471800.0
06/28/2004,16:00,33.52,33.54,33.08,33.17,1757000.0
06/29/2004,16:00,33.17,33.59,33.03,33.51,1537200.0
06/30/2004,16:00,33.41,34.36,33.04,33.79,3086800.0
07/01/2004,16:00,33.98,33.99,32.96,33.32,3078200.0
07/02/2004,16:00,33.36,33.36,32.91,33.01,1199800.0
07/06/2004,16:00,33.03,33.20,32.76,32.82,1499600.0
07/07/2004,16:00,32.82,32.82,32.38,32.55,1988400.0
07/08/2004,16:00,32.55,32.69,32.21,32.25,1552800.0
07/09/2004,16:00,32.54,32.60,32.26,32.42,1522600.0
07/12/2004,16:00,32.48,32.69,31.84,32.16,1645000.0
07/13/2004,16:00,32.27,32.27,31.83,31.97,1788600.0
07/14/2004,16:00,31.90,32.80,31.85,32.67,3142400.0
07/15/2004,16:00,32.69,32.93,32.45,32.54,2132800.0
07/16/2004,16:00,32.74,32.74,32.03,32.15,2142000.0
07/19/2004,16:00,32.04,32.15,31.60,31.75,1659800.0
07/20/2004,16:00,31.87,31.88,31.00,31.83,4119800.0
07/21/2004,16:00,31.62,31.62,29.39,29.92,10848800.0
07/22/2004,16:00,29.92,30.34,29.75,30.08,2947400.0
07/23/2004,16:00,30.15,30.33,29.70,29.81,2398200.0
07/26/2004,16:00,29.88,29.96,28.94,29.11,2395800.0
07/27/2004,16:00,29.39,30.30,29.25,30.07,3236200.0
07/28/2004,16:00,30.07,30.07,28.96,29.52,3112600.0
07/29/2004,16:00,29.52,30.06,29.36,29.93,2570600.0
07/30/2004,16:00,29.90,30.46,29.86,30.43,1745000.0
08/02/2004,16:00,30.43,30.58,29.81,30.02,2629800.0
08/03/2004,16:00,30.02,30.36,29.74,29.81,2609000.0
08/04/2004,16:00,29.83,30.17,29.65,29.87,1302600.0
08/05/2004,16:00,29.87,29.87,28.92,28.98,2630800.0
08/06/2004,16:00,28.76,28.81,27.84,28.40,3940000.0
08/09/2004,16:00,28.41,28.67,28.14,28.16,1559200.0
08/10/2004,16:00,28.71,29.03,28.44,29.01,3869000.0
08/11/2004,16:00,29.01,29.56,28.79,29.42,2124600.0
08/12/2004,16:00,29.41,29.53,29.05,29.10,2463200.0
08/13/2004,16:00,29.12,29.27,28.79,28.94,1420000.0
08/16/2004,16:00,28.78,29.59,28.77,29.52,2227200.0
08/17/2004,16:00,29.63,29.90,29.33,29.64,2955200.0
08/18/2004,16:00,29.65,30.57,29.64,30.41,2966600.0
08/19/2004,16:00,30.24,30.53,29.97,30.38,2297200.0
08/20/2004,16:00,30.38,30.67,30.24,30.58,1451400.0
08/23/2004,16:00,30.65,30.70,30.17,30.23,2387800.0
08/24/2004,16:00,30.23,30.37,29.77,29.85,2503600.0
08/25/2004,16:00,29.94,30.19,29.76,30.08,1467400.0
08/26/2004,16:00,30.09,30.47,29.82,30.01,2398600.0
08/27/2004,16:00,30.01,30.45,29.93,30.24,1283400.0
08/30/2004,16:00,30.24,30.24,29.54,29.57,1618400.0
08/31/2004,16:00,29.61,30.08,29.48,30.08,2015400.0
09/01/2004,16:00,30.08,30.75,30.01,30.66,2811200.0
09/02/2004,16:00,30.75,31.35,30.70,31.26,1776400.0
09/03/2004,16:00,31.13,31.26,30.82,30.91,1495200.0
09/07/2004,16:00,31.12,31.48,30.71,31.21,2345200.0
09/08/2004,16:00,31.21,32.02,31.16,31.64,3489000.0
09/09/2004,16:00,31.73,31.89,31.36,31.65,1584600.0
09/10/2004,16:00,31.63,32.08,31.62,32.06,2510000.0
09/13/2004,16:00,32.02,32.41,31.98,32.24,2838800.0
09/14/2004,16:00,32.36,32.46,32.23,32.34,1907200.0
09/15/2004,16:00,32.35,32.35,31.98,32.12,1409000.0
09/16/2004,16:00,32.09,32.10,31.55,31.82,2074000.0
09/17/2004,16:00,31.82,31.83,31.53,31.64,2721800.0
09/20/2004,16:00,31.58,31.58,31.15,31.30,1838600.0
09/21/2004,16:00,31.42,32.03,31.34,31.94,3177400.0
09/22/2004,16:00,31.95,32.33,31.95,32.20,3584400.0
09/23/2004,16:00,32.16,32.16,31.66,31.85,2380800.0
09/24/2004,16:00,31.82,32.98,31.82,32.84,4816200.0
09/27/2004,16:00,32.75,32.75,31.86,31.93,2647000.0
09/28/2004,16:00,32.41,32.64,32.16,32.52,2862600.0
09/29/2004,16:00,33.55,33.77,33.20,33.77,6160000.0
09/30/2004,16:00,33.77,34.06,33.57,33.67,3998600.0
10/01/2004,16:00,33.72,33.83,33.34,33.54,2320600.0
10/04/2004,16:00,33.79,33.97,33.63,33.78,1696600.0
10/05/2004,16:00,33.78,33.91,33.34,33.56,1696800.0
10/06/2004,16:00,33.41,33.76,32.88,33.67,2546200.0
10/07/2004,16:00,33.68,33.77,33.24,33.24,2277800.0
10/08/2004,16:00,33.24,33.28,32.45,32.49,2187800.0
10/11/2004,16:00,32.49,32.71,32.48,32.52,1718000.0
10/12/2004,16:00,32.65,33.55,32.65,33.55,2816200.0
10/13/2004,16:00,33.77,34.19,33.68,34.02,3764600.0
10/14/2004,16:00,34.15,34.33,34.00,34.15,3474800.0
10/15/2004,16:00,34.40,34.44,33.67,34.40,2966400.0
10/18/2004,16:00,34.35,34.53,34.12,34.49,2401600.0
10/19/2004,16:00,34.44,34.44,33.43,33.49,4124400.0
10/20/2004,16:00,32.68,33.89,31.89,33.79,11183600.0
10/21/2004,16:00,33.43,33.74,33.06,33.38,4240200.0
10/22/2004,16:00,33.46,33.63,33.00,33.08,2357000.0
10/25/2004,16:00,33.05,33.05,32.60,32.68,2631600.0
10/26/2004,16:00,32.66,33.43,32.60,33.43,2531800.0
10/27/2004,16:00,33.29,34.15,33.29,34.05,2240200.0
10/28/2004,16:00,33.86,33.96,33.64,33.89,1571000.0
10/29/2004,16:00,33.94,34.26,33.82,34.25,2669600.0
11/01/2004,16:00,33.66,33.78,32.80,32.98,4052800.0
11/02/2004,16:00,33.21,33.95,33.16,33.39,2662200.0
11/03/2004,16:00,33.72,34.16,33.69,34.02,2654400.0
11/04/2004,16:00,33.81,33.88,33.23,33.77,3746400.0
11/05/2004,16:00,33.77,34.66,33.77,34.18,2339200.0
11/08/2004,16:00,34.18,34.46,33.94,34.28,1725200.0
11/09/2004,16:00,34.28,34.85,34.28,34.40,2179200.0
11/10/2004,16:00,34.43,34.70,34.28,34.43,1253200.0
11/11/2004,16:00,34.54,35.00,34.54,34.86,1509600.0
11/12/2004,16:00,34.80,34.80,34.34,34.66,2167200.0
11/15/2004,16:00,34.66,34.98,34.66,34.85,1359600.0
11/16/2004,16:00,34.79,34.79,34.36,34.47,1531400.0
11/17/2004,16:00,34.48,34.66,34.20,34.21,1820000.0
11/18/2004,16:00,33.72,34.13,33.51,34.03,4675400.0
11/19/2004,16:00,34.02,34.03,33.44,33.49,2360000.0
11/22/2004,16:00,33.49,33.54,33.18,33.32,2037600.0
11/23/2004,16:00,34.35,34.38,33.20,34.23,2148000.0
11/24/2004,16:00,34.32,34.55,33.79,34.13,1744800.0
11/26/2004,16:00,34.29,34.74,34.25,34.58,598800.0
11/29/2004,16:00,34.89,35.29,34.37,34.40,1476200.0
11/30/2004,16:00,34.26,34.57,34.01,34.12,1241300.0
12/01/2004,16:00,34.32,35.20,34.01,35.09,2278900.0
12/02/2004,16:00,35.25,36.61,35.20,36.53,3952400.0
12/03/2004,16:00,36.36,36.79,36.05,36.36,1545700.0
12/06/2004,16:00,36.14,36.38,35.71,35.72,1834600.0
12/07/2004,16:00,36.43,37.02,35.60,35.60,2352000.0
12/08/2004,16:00,35.76,36.04,35.51,36.04,1293600.0
12/09/2004,16:00,35.68,36.59,35.48,36.57,1835900.0
12/10/2004,16:00,36.41,36.66,36.06,36.59,1138800.0
12/13/2004,16:00,36.54,37.11,36.52,37.11,1846600.0
12/14/2004,16:00,37.01,37.46,36.87,37.43,1603400.0
12/15/2004,16:00,37.14,37.21,36.32,36.44,1881400.0
12/16/2004,16:00,36.92,37.12,36.36,36.45,1877900.0
12/17/2004,16:00,36.32,36.71,35.78,36.66,3849000.0
12/20/2004,16:00,36.68,36.92,36.61,36.68,1551000.0
12/21/2004,16:00,36.90,37.47,36.85,37.32,1792100.0
12/22/2004,16:00,37.48,38.02,37.44,37.89,2137600.0
12/23/2004,16:00,38.24,38.38,37.55,37.74,1336100.0
12/27/2004,16:00,37.91,38.06,37.63,37.73,933000.0
12/28/2004,16:00,37.73,38.06,37.60,38.06,850900.0
12/29/2004,16:00,38.02,38.03,37.61,37.75,803100.0
12/30/2004,16:00,37.84,37.88,37.60,37.78,501600.0
12/31/2004,16:00,37.77,37.77,37.44,37.51,666200.0
01/03/2005,16:00,37.21,37.44,36.59,36.71,1614300.0
01/04/2005,16:00,37.12,37.36,36.16,36.50,2301100.0
01/05/2005,16:00,36.27,36.43,35.82,35.91,1688600.0
01/06/2005,16:00,35.36,35.91,35.34,35.51,1767500.0
01/07/2005,16:00,35.46,35.73,34.91,34.91,2548500.0
01/10/2005,16:00,35.02,35.96,34.97,35.46,2101500.0
01/11/2005,16:00,35.33,35.34,34.88,34.89,1916100.0
01/12/2005,16:00,34.80,35.28,34.79,35.16,1954800.0
01/13/2005,16:00,34.93,35.08,34.22,34.45,2394700.0
01/14/2005,16:00,34.49,34.68,34.22,34.57,1808100.0
01/18/2005,16:00,34.15,35.42,34.02,35.02,2352600.0
01/19/2005,16:00,34.91,35.08,34.44,34.59,3048300.0
01/20/2005,16:00,35.09,35.33,34.15,34.17,3741200.0
01/21/2005,16:00,34.13,34.13,33.44,33.53,2803400.0
01/24/2005,16:00,33.81,34.36,33.70,33.86,2158000.0
01/25/2005,16:00,34.41,34.44,33.80,33.99,2501700.0
01/26/2005,16:00,33.68,33.69,32.23,32.97,7192600.0
01/27/2005,16:00,33.02,33.12,32.36,32.74,5354200.0
01/28/2005,16:00,33.55,35.24,33.50,35.10,8763400.0
01/31/2005,16:00,35.42,35.58,34.99,35.14,2484400.0
02/01/2005,16:00,35.34,35.80,35.07,35.59,2087500.0
02/02/2005,16:00,35.47,35.74,35.12,35.55,1393600.0
02/03/2005,16:00,35.60,35.78,35.25,35.30,1788900.0
02/04/2005,16:00,35.51,35.61,35.25,35.38,2184000.0
02/07/2005,16:00,35.65,35.65,34.71,35.20,1270300.0
02/08/2005,16:00,35.42,35.58,35.00,35.29,1097300.0
02/09/2005,16:00,35.36,35.50,34.60,34.66,1141600.0
02/10/2005,16:00,34.71,34.99,34.50,34.93,1302300.0
02/11/2005,16:00,35.35,36.27,35.07,36.14,3099600.0
02/14/2005,16:00,36.19,36.23,35.72,35.96,1648100.0
02/15/2005,16:00,35.85,35.96,35.47,35.61,1200500.0
02/16/2005,16:00,35.62,35.68,35.42,35.59,1039100.0
02/17/2005,16:00,35.67,36.23,35.58,35.76,1636600.0
02/18/2005,16:00,35.82,35.83,35.42,35.43,1283900.0
02/22/2005,16:00,35.11,35.50,35.01,35.21,2258900.0
02/23/2005,16:00,35.11,35.54,35.07,35.34,1161200.0
02/24/2005,16:00,35.31,35.63,35.15,35.63,1267600.0
02/25/2005,16:00,35.56,35.76,35.25,35.76,857600.0
02/28/2005,16:00,35.56,35.70,34.90,34.98,1229200.0
03/01/2005,16:00,35.07,35.38,34.92,35.24,1181300.0
03/02/2005,16:00,35.01,35.15,34.61,34.68,1348700.0
03/03/2005,16:00,34.75,34.94,34.56,34.69,1588200.0
03/04/2005,16:00,35.02,35.18,34.82,34.89,1305500.0
03/07/2005,16:00,35.04,35.24,34.88,35.00,1194000.0
03/08/2005,16:00,35.16,35.34,34.98,35.15,1264900.0
03/09/2005,16:00,35.16,35.21,34.28,34.69,1687500.0
03/10/2005,16:00,34.80,34.80,34.08,34.17,1837000.0
03/11/2005,16:00,34.26,34.26,33.43,33.69,2437500.0
03/14/2005,16:00,33.99,33.99,33.35,33.50,1958400.0
03/15/2005,16:00,33.60,33.65,32.88,33.19,2347600.0
03/16/2005,16:00,33.16,33.18,32.56,32.87,1556700.0
03/17/2005,16:00,33.19,33.22,32.65,33.00,1993500.0
03/18/2005,16:00,33.09,33.15,32.54,32.94,2453100.0
03/21/2005,16:00,32.86,33.04,32.61,32.83,1198700.0
03/22/2005,16:00,32.96,33.45,32.87,33.15,2553200.0
03/23/2005,16:00,33.18,33.58,33.13,33.44,2430900.0
03/24/2005,16:00,33.43,33.65,33.05,33.05,1364600.0
03/28/2005,16:00,33.14,33.29,32.70,32.92,2099600.0
03/29/2005,16:00,32.87,32.94,32.45,32.70,1403800.0
03/30/2005,16:00,32.65,32.74,32.33,32.63,1992400.0
03/31/2005,16:00,32.63,32.65,32.02,32.20,2961900.0
04/01/2005,16:00,32.20,32.34,30.84,31.36,5037700.0
04/04/2005,16:00,31.38,31.97,31.35,31.93,2423600.0
04/05/2005,16:00,32.06,32.87,31.85,32.78,2331700.0
04/06/2005,16:00,32.92,33.30,32.65,32.71,2012200.0
04/07/2005,16:00,32.82,32.94,32.40,32.93,1157700.0
04/08/2005,16:00,33.01,33.17,32.47,32.60,1515100.0
04/11/2005,16:00,32.71,32.77,32.17,32.24,1121700.0
04/12/2005,16:00,32.28,32.53,32.03,32.51,1223000.0
04/13/2005,16:00,32.51,32.61,31.45,31.53,2231800.0
04/14/2005,16:00,31.98,32.79,31.98,32.58,4108200.0
04/15/2005,16:00,32.38,32.74,32.28,32.35,2653700.0
04/18/2005,16:00,32.65,32.65,31.85,32.21,1496300.0
04/19/2005,16:00,32.21,32.70,31.85,32.44,2160100.0
04/20/2005,16:00,34.98,36.32,34.65,35.49,7565800.0
04/21/2005,16:00,35.78,36.24,35.32,35.65,3842600.0
04/22/2005,16:00,35.69,36.20,35.51,35.78,2529400.0
04/25/2005,16:00,36.05,36.05,35.34,35.48,1718500.0
04/26/2005,16:00,35.48,35.67,34.93,34.95,1886600.0
04/27/2005,16:00,34.96,35.05,34.04,34.99,1574100.0
04/28/2005,16:00,34.72,34.92,34.39,34.62,1235500.0
04/29/2005,16:00,34.62,35.00,34.39,34.91,1264000.0
05/02/2005,16:00,34.99,35.11,34.28,34.51,1554000.0
05/03/2005,16:00,34.44,34.51,33.90,34.19,1547000.0
05/04/2005,16:00,34.35,34.71,34.33,34.62,2693700.0
05/05/2005,16:00,34.57,34.82,34.30,34.46,920000.0
05/06/2005,16:00,34.66,34.87,34.43,34.44,1224900.0
05/09/2005,16:00,34.40,34.53,33.99,34.12,1173700.0
05/10/2005,16:00,33.81,34.09,33.72,33.81,2019000.0
05/11/2005,16:00,33.81,34.44,33.55,34.40,1739900.0
05/12/2005,16:00,34.82,34.83,34.09,34.09,1301000.0
05/13/2005,16:00,33.90,34.55,33.80,34.39,2300800.0
05/16/2005,16:00,34.48,35.00,34.40,34.94,1460400.0
05/17/2005,16:00,34.78,35.48,34.49,35.38,2356000.0
05/18/2005,16:00,35.51,35.96,35.41,35.71,3141900.0
05/19/2005,16:00,35.74,35.79,35.47,35.73,1080400.0
05/20/2005,16:00,35.85,35.93,35.65,35.89,990200.0
05/23/2005,16:00,35.96,36.74,35.78,36.61,2223400.0
05/24/2005,16:00,36.59,36.88,36.39,36.82,3159800.0
05/25/2005,16:00,36.71,36.93,36.57,36.68,4379600.0
05/26/2005,16:00,36.68,36.68,36.20,36.34,2038500.0
05/27/2005,16:00,36.50,36.54,35.97,36.10,1189700.0
05/31/2005,16:00,35.96,36.10,35.69,35.89,1083100.0
06/01/2005,16:00,36.45,36.66,35.96,36.29,1624000.0
06/02/2005,16:00,36.28,36.36,35.78,36.17,1234200.0
06/03/2005,16:00,36.23,36.60,36.10,36.50,1068500.0
06/06/2005,16:00,36.39,36.52,36.16,36.42,1305600.0
06/07/2005,16:00,36.51,36.74,36.18,36.18,1484400.0
06/08/2005,16:00,36.22,36.22,35.53,35.65,1513500.0
06/09/2005,16:00,35.66,35.89,35.45,35.69,1558700.0
06/10/2005,16:00,36.41,36.41,35.31,35.42,1255000.0
06/13/2005,16:00,35.34,35.69,35.33,35.55,806900.0
06/14/2005,16:00,35.51,36.13,35.44,36.11,1173700.0
06/15/2005,16:00,36.10,36.31,35.97,36.22,2076900.0
06/16/2005,16:00,36.14,36.18,35.59,35.93,893200.0
06/17/2005,16:00,36.23,36.23,35.48,35.78,2677500.0
06/20/2005,16:00,36.19,37.12,36.14,36.65,4793500.0
06/21/2005,16:00,36.65,36.65,36.11,36.37,2660300.0
06/22/2005,16:00,36.39,36.48,36.23,36.43,3172600.0
06/23/2005,16:00,36.45,36.47,35.75,35.94,1080800.0
06/24/2005,16:00,36.68,39.14,36.68,37.75,8128200.0
06/27/2005,16:00,37.93,38.82,37.72,38.52,2890600.0
06/28/2005,16:00,39.09,39.59,39.00,39.50,3650000.0
06/29/2005,16:00,39.62,39.81,39.17,39.41,2559200.0
06/30/2005,16:00,39.59,39.61,38.96,39.01,1746500.0
07/01/2005,16:00,39.59,39.83,39.14,39.36,2230700.0
07/05/2005,16:00,39.50,39.74,39.37,39.65,1481600.0
07/06/2005,16:00,39.54,39.63,39.06,39.20,1867000.0
07/07/2005,16:00,38.91,39.33,38.82,39.25,1858500.0
07/08/2005,16:00,39.35,40.08,39.31,39.84,1814600.0
07/11/2005,16:00,40.22,40.39,39.74,40.03,1508000.0
07/12/2005,16:00,40.04,40.04,39.59,39.85,1097900.0
07/13/2005,16:00,39.59,39.72,38.77,38.78,3092000.0
07/14/2005,16:00,39.27,39.33,38.47,38.56,3028100.0
07/15/2005,16:00,38.69,38.84,38.37,38.38,2091500.0
07/18/2005,16:00,39.14,39.50,38.70,39.10,2562300.0
07/19/2005,16:00,39.33,39.35,38.57,39.14,1830700.0
07/20/2005,16:00,39.83,42.47,39.83,42.37,8196800.0
07/21/2005,16:00,42.36,42.49,41.45,41.59,2660700.0
07/22/2005,16:00,42.56,42.56,41.17,41.71,2118800.0
07/25/2005,16:00,41.85,41.97,41.59,41.82,2374100.0
07/26/2005,16:00,42.05,42.64,42.03,42.45,3146000.0
07/27/2005,16:00,42.54,42.56,41.99,42.17,2123200.0
07/28/2005,16:00,42.26,43.26,42.17,42.78,3299900.0
07/29/2005,16:00,42.90,42.91,42.29,42.41,1294900.0
08/01/2005,16:00,42.19,42.20,40.97,41.65,3210200.0
08/02/2005,16:00,41.61,41.62,40.90,41.13,2405600.0
08/03/2005,16:00,40.97,41.22,40.66,41.21,1256500.0
08/04/2005,16:00,41.24,42.45,41.24,41.56,2234200.0
08/05/2005,16:00,41.56,41.90,41.36,41.51,1075900.0
08/08/2005,16:00,41.82,42.11,41.19,41.47,1112100.0
08/09/2005,16:00,41.60,42.21,41.51,42.14,2036800.0
08/10/2005,16:00,42.31,42.60,41.64,41.80,1326800.0
08/11/2005,16:00,41.85,41.87,39.45,40.66,6723400.0
08/12/2005,16:00,40.66,41.06,40.18,40.54,4622200.0
08/15/2005,16:00,40.54,41.10,39.76,41.02,2246000.0
08/16/2005,16:00,41.14,41.40,40.58,40.61,2850900.0
08/17/2005,16:00,40.97,41.41,40.82,41.05,1604700.0
08/18/2005,16:00,40.70,40.70,39.46,39.54,6481400.0
08/19/2005,16:00,39.85,40.03,38.65,38.91,6223800.0
08/22/2005,16:00,39.08,40.00,39.08,39.36,3194500.0
08/23/2005,16:00,39.39,39.56,38.98,39.54,2095900.0
08/24/2005,16:00,39.35,40.08,39.14,39.75,1984400.0
08/25/2005,16:00,39.85,39.94,39.53,39.93,1163300.0
08/26/2005,16:00,39.92,40.03,39.36,39.63,1251400.0
08/29/2005,16:00,39.50,40.12,39.34,40.02,963000.0
08/30/2005,16:00,40.03,40.26,39.74,40.21,1005500.0
08/31/2005,16:00,40.12,41.15,39.84,41.06,1566100.0
09/01/2005,16:00,41.15,41.62,41.15,41.51,1441200.0
09/02/2005,16:00,41.77,42.05,41.33,41.62,900100.0
09/06/2005,16:00,41.71,42.34,41.70,42.17,1221700.0
09/07/2005,16:00,42.22,42.63,42.05,42.14,1185700.0
09/08/2005,16:00,42.05,42.58,42.00,42.55,1234700.0
09/09/2005,16:00,42.67,42.73,42.39,42.48,898500.0
09/12/2005,16:00,42.36,42.52,41.74,41.96,1379400.0
09/13/2005,16:00,41.87,42.00,41.59,41.85,1348700.0
09/14/2005,16:00,41.73,42.57,41.73,42.05,1571500.0
09/15/2005,16:00,42.24,42.39,40.94,41.14,2487900.0
09/16/2005,16:00,41.14,41.55,41.08,41.55,1956300.0
09/19/2005,16:00,41.15,41.16,40.52,40.87,1146100.0
09/20/2005,16:00,41.05,41.35,40.87,41.12,1154700.0
09/21/2005,16:00,40.94,41.01,40.62,40.68,967700.0
09/22/2005,16:00,40.68,41.51,40.68,41.33,1352900.0
09/23/2005,16:00,41.33,41.48,40.93,41.22,2470500.0
09/26/2005,16:00,41.11,41.31,40.73,41.12,1097900.0
09/27/2005,16:00,41.24,41.51,40.76,40.99,1559900.0
09/28/2005,16:00,40.97,41.09,40.55,40.84,1030800.0
09/29/2005,16:00,41.24,42.06,41.07,41.95,2513200.0
09/30/2005,16:00,42.05,42.26,41.55,41.87,1260600.0
10/03/2005,16:00,42.00,42.11,41.29,41.50,1521900.0
10/04/2005,16:00,41.66,42.45,41.62,41.91,1738200.0
10/05/2005,16:00,41.91,41.91,41.15,41.25,1403800.0
10/06/2005,16:00,41.55,41.79,40.76,41.11,1809700.0
10/07/2005,16:00,41.12,41.12,40.42,41.08,1385200.0
10/10/2005,16:00,41.07,41.35,40.88,41.02,1063600.0
10/11/2005,16:00,40.88,41.11,40.11,40.21,1520700.0
10/12/2005,16:00,40.12,40.42,39.36,39.59,2661900.0
10/13/2005,16:00,39.65,40.39,39.37,40.30,1831700.0
10/14/2005,16:00,40.30,41.03,40.26,40.94,1203000.0
10/17/2005,16:00,42.47,42.61,41.20,41.73,4834100.0
10/18/2005,16:00,42.31,44.21,42.05,43.61,5663200.0
10/19/2005,16:00,43.39,43.75,42.90,43.66,2548300.0
10/20/2005,16:00,43.66,44.19,42.91,43.31,2930300.0
10/21/2005,16:00,43.76,43.78,42.77,42.95,2304100.0
10/24/2005,16:00,43.14,43.50,42.90,43.50,1941200.0
10/25/2005,16:00,43.49,43.49,42.81,43.18,1141200.0
10/26/2005,16:00,42.94,43.30,42.36,42.51,1813100.0
10/27/2005,16:00,42.29,42.81,42.14,42.27,1696000.0
10/28/2005,16:00,42.49,42.68,41.90,42.21,1648600.0
10/31/2005,16:00,42.43,43.10,42.35,43.00,2141400.0
11/01/2005,16:00,43.30,43.59,43.13,43.24,2600600.0
11/02/2005,16:00,43.24,45.36,43.23,45.12,4440000.0
11/03/2005,16:00,44.20,45.09,44.20,44.75,2456600.0
11/04/2005,16:00,44.73,44.91,44.10,44.30,1354500.0
11/07/2005,16:00,44.68,44.77,43.90,44.50,1824400.0
11/08/2005,16:00,44.49,44.62,43.88,44.08,1315900.0
11/09/2005,16:00,44.09,44.80,44.08,44.19,1423300.0
11/10/2005,16:00,44.39,45.49,44.18,45.44,2385300.0
11/11/2005,16:00,45.60,45.70,45.27,45.54,1113800.0
11/14/2005,16:00,46.04,46.04,45.04,45.06,1070600.0
11/15/2005,16:00,43.16,44.99,42.50,44.26,4278500.0
11/16/2005,16:00,44.28,44.81,44.14,44.73,1909500.0
11/17/2005,16:00,44.73,45.12,44.37,44.93,1341300.0
11/18/2005,16:00,45.18,45.95,45.08,45.54,1677400.0
11/21/2005,16:00,45.69,45.77,44.89,45.36,1230900.0
11/22/2005,16:00,45.36,45.36,43.43,43.85,3148000.0
11/23/2005,16:00,43.93,44.42,43.61,44.03,1355200.0
11/25/2005,16:00,44.24,44.24,43.39,43.97,485000.0
11/28/2005,16:00,44.06,44.21,43.55,43.61,1113500.0
11/29/2005,16:00,44.01,44.12,43.05,43.09,2097400.0
11/30/2005,16:00,43.23,43.37,42.67,42.73,2037500.0
12/01/2005,16:00,43.30,44.00,43.16,43.73,1838000.0
12/02/2005,16:00,43.61,43.83,43.15,43.18,1462900.0
12/05/2005,16:00,46.46,46.56,44.73,45.23,6787100.0
12/06/2005,16:00,45.89,47.23,45.62,46.17,4838200.0
12/07/2005,16:00,46.18,46.56,45.58,45.81,2578300.0
12/08/2005,16:00,45.81,46.18,45.32,45.68,2154800.0
12/09/2005,16:00,45.80,46.04,45.36,45.91,1417500.0
12/12/2005,16:00,46.10,46.50,45.94,46.30,2302300.0
12/13/2005,16:00,46.38,46.47,45.70,46.44,1816200.0
12/14/2005,16:00,46.47,46.47,45.64,45.70,1230200.0
12/15/2005,16:00,45.65,46.29,45.54,46.20,1457100.0
12/16/2005,16:00,46.34,46.50,46.09,46.30,2208200.0
12/19/2005,16:00,46.29,46.34,45.68,45.87,1821800.0
12/20/2005,16:00,45.68,46.14,45.56,45.75,1022700.0
12/21/2005,16:00,45.36,45.40,44.51,45.07,1832300.0
12/22/2005,16:00,45.11,45.15,44.20,44.85,1906100.0
12/23/2005,16:00,45.00,45.45,44.91,45.28,992600.0
12/27/2005,16:00,45.62,46.06,45.29,45.30,1527300.0
12/28/2005,16:00,45.27,45.56,44.92,45.45,1325900.0
12/29/2005,16:00,45.36,45.76,45.35,45.37,1216100.0
12/30/2005,16:00,45.36,45.45,44.76,44.91,1211500.0
01/03/2006,16:00,44.86,45.50,44.24,45.24,2615200.0
01/04/2006,16:00,45.36,45.38,44.85,45.18,1659500.0
01/05/2006,16:00,45.18,45.35,44.89,45.21,1414500.0
01/06/2006,16:00,46.13,47.45,46.07,47.40,3388500.0
01/09/2006,16:00,47.97,48.98,47.33,48.49,2487600.0
01/10/2006,16:00,48.49,48.71,47.91,48.31,2042400.0
01/11/2006,16:00,48.54,48.92,48.30,48.35,1600200.0
01/12/2006,16:00,48.33,48.50,47.85,48.10,1447900.0
01/13/2006,16:00,47.74,47.93,47.41,47.89,2429200.0
01/17/2006,16:00,48.17,48.84,47.86,48.16,3123200.0
01/18/2006,16:00,48.19,48.84,48.10,48.56,1574800.0
01/19/2006,16:00,48.44,48.58,47.81,48.08,1365000.0
01/20/2006,16:00,48.08,48.22,46.89,47.06,1527100.0
01/23/2006,16:00,47.40,47.86,47.21,47.41,1982300.0
01/24/2006,16:00,47.42,48.57,47.10,47.68,2642600.0
01/25/2006,16:00,46.52,46.52,44.48,44.76,8184900.0
01/26/2006,16:00,44.72,44.89,43.34,44.37,3641200.0
01/27/2006,16:00,43.97,44.56,43.82,44.43,2677300.0
01/30/2006,16:00,44.86,45.15,44.10,44.26,3104900.0
01/31/2006,16:00,44.26,44.36,43.81,43.95,2030200.0
02/01/2006,16:00,43.58,43.81,43.22,43.35,2783600.0
02/02/2006,16:00,43.50,43.50,42.58,42.74,3250600.0
02/03/2006,16:00,42.74,42.80,41.87,42.04,1637300.0
02/06/2006,16:00,42.26,42.90,42.06,42.90,3346600.0
02/07/2006,16:00,42.90,43.71,42.86,43.08,4589700.0
02/08/2006,16:00,43.04,43.70,42.94,43.58,2105300.0
02/09/2006,16:00,43.47,43.98,43.30,43.43,3318500.0
02/10/2006,16:00,43.58,43.96,43.21,43.81,2150500.0
02/13/2006,16:00,43.66,43.81,43.38,43.49,1717900.0
02/14/2006,16:00,43.50,43.83,43.33,43.62,1777900.0
02/15/2006,16:00,43.62,43.98,43.48,43.91,805500.0
02/16/2006,16:00,43.83,44.52,43.62,44.28,1804900.0
02/17/2006,16:00,44.28,44.29,43.33,43.49,1675400.0
02/21/2006,16:00,43.13,43.13,41.80,42.30,3577800.0
02/22/2006,16:00,41.87,42.38,41.50,41.64,3110800.0
02/23/2006,16:00,41.37,41.64,40.93,41.12,3160300.0
02/24/2006,16:00,41.49,42.08,41.22,41.78,1862700.0
02/27/2006,16:00,41.69,42.40,41.66,41.79,2521000.0
02/28/2006,16:00,41.55,41.62,40.42,40.79,2926300.0
03/01/2006,16:00,40.93,41.13,40.51,40.55,2596100.0
03/02/2006,16:00,40.55,40.78,40.33,40.75,2532600.0
03/03/2006,16:00,40.75,40.98,40.44,40.61,1977900.0
03/06/2006,16:00,40.61,40.79,40.22,40.45,2141100.0
03/07/2006,16:00,40.44,40.68,39.94,40.07,1910700.0
03/08/2006,16:00,40.12,40.32,39.70,40.16,1724000.0
03/09/2006,16:00,40.26,41.30,40.22,40.95,3427100.0
03/10/2006,16:00,40.95,41.74,40.94,41.61,3260500.0
03/13/2006,16:00,41.04,41.89,40.97,41.12,2077500.0
03/14/2006,16:00,41.12,41.14,40.19,40.28,2896800.0
03/15/2006,16:00,40.28,40.55,39.90,40.10,3221200.0
03/16/2006,16:00,40.10,40.35,39.59,39.84,3491900.0
03/17/2006,16:00,39.93,40.59,39.84,40.30,2248400.0
03/20/2006,16:00,40.18,40.35,39.61,40.27,1934100.0
03/21/2006,16:00,40.45,40.45,39.56,39.59,1805100.0
03/22/2006,16:00,39.44,40.07,39.41,39.89,1886900.0
03/23/2006,16:00,39.90,39.94,39.08,39.37,2766100.0
03/24/2006,16:00,39.25,39.45,38.82,39.23,2494300.0
03/27/2006,16:00,39.14,39.14,37.67,37.94,5270200.0
03/28/2006,16:00,37.62,37.75,36.87,36.95,5004000.0
03/29/2006,16:00,37.21,37.55,36.12,36.14,7348300.0
03/30/2006,16:00,36.23,37.26,36.14,37.03,4748600.0
03/31/2006,16:00,36.36,36.75,36.05,36.68,5355300.0
04/03/2006,16:00,36.96,37.57,36.95,37.29,5109000.0
04/04/2006,16:00,37.30,37.48,36.81,36.95,4488800.0
04/05/2006,16:00,32.26,32.64,31.40,32.43,51629000.0
04/06/2006,16:00,32.47,33.39,32.29,33.15,11930500.0
04/07/2006,16:00,33.10,33.45,32.94,33.12,5569500.0
04/10/2006,16:00,33.12,34.16,32.97,33.81,6008700.0
04/11/2006,16:00,33.81,33.90,32.91,33.10,4923100.0
04/12/2006,16:00,33.10,33.24,32.86,32.96,5101000.0
04/13/2006,16:00,31.77,32.35,31.71,32.11,12305600.0
04/17/2006,16:00,32.11,32.61,32.10,32.29,3812500.0
04/18/2006,16:00,32.20,32.70,32.16,32.56,4298000.0
04/19/2006,16:00,32.83,33.57,32.47,33.55,6062800.0
04/20/2006,16:00,34.22,35.11,33.98,34.35,7960800.0
04/21/2006,16:00,34.47,34.76,34.03,34.40,4319900.0
04/24/2006,16:00,34.40,34.74,33.96,34.66,4473300.0
04/25/2006,16:00,34.93,35.01,34.64,34.93,5348300.0
04/26/2006,16:00,35.14,36.16,35.10,35.94,6622800.0
04/27/2006,16:00,35.76,36.67,35.57,36.38,5214700.0
04/28/2006,16:00,36.05,36.36,35.18,35.32,6560700.0
05/01/2006,16:00,35.24,35.50,35.07,35.17,5090500.0
05/02/2006,16:00,35.29,36.00,35.15,35.26,3145600.0
05/03/2006,16:00,35.26,35.60,34.17,34.31,6205000.0
05/04/2006,16:00,34.31,34.44,33.68,34.21,3781700.0
05/05/2006,16:00,34.41,34.84,34.31,34.77,1938400.0
05/08/2006,16:00,34.84,35.02,34.49,34.82,2328100.0
05/09/2006,16:00,34.81,34.85,34.43,34.53,2375100.0
05/10/2006,16:00,34.57,34.91,34.10,34.17,3272700.0
05/11/2006,16:00,33.89,34.30,33.70,34.05,2797100.0
05/12/2006,16:00,33.99,34.23,33.86,33.99,2210200.0
05/15/2006,16:00,34.04,34.46,33.86,34.13,2618200.0
05/16/2006,16:00,34.26,34.51,33.90,33.90,1614700.0
05/17/2006,16:00,33.77,33.78,32.87,32.88,4299700.0
05/18/2006,16:00,32.96,33.02,32.10,32.36,3353300.0
05/19/2006,16:00,32.09,32.25,31.45,31.65,5648200.0
05/22/2006,16:00,30.20,31.13,29.43,30.39,8576500.0
05/23/2006,16:00,30.41,30.52,29.24,29.52,6608700.0
05/24/2006,16:00,29.92,31.09,29.62,30.45,5674800.0
05/25/2006,16:00,30.45,31.29,30.33,31.27,5071300.0
05/26/2006,16:00,31.31,31.42,30.74,31.09,3097100.0
05/30/2006,16:00,30.77,33.10,30.25,30.41,2204100.0
05/31/2006,16:00,30.41,30.57,30.09,30.50,2483800.0
06/01/2006,16:00,30.55,30.74,30.14,30.33,3316800.0
06/02/2006,16:00,30.24,30.90,29.94,30.86,2476300.0
06/05/2006,16:00,30.67,30.77,30.38,30.50,2903900.0
06/06/2006,16:00,30.33,30.38,29.58,29.99,3302700.0
06/07/2006,16:00,29.99,30.33,29.83,30.00,2147700.0
06/08/2006,16:00,29.79,29.83,29.09,29.67,5642500.0
06/09/2006,16:00,29.80,30.06,29.35,29.56,2205800.0
06/12/2006,16:00,29.56,29.91,29.50,29.58,2758400.0
06/13/2006,16:00,29.41,29.56,28.40,28.41,3675300.0
06/14/2006,16:00,27.95,29.25,27.95,29.22,6647600.0
06/15/2006,16:00,29.53,31.64,29.32,31.59,8438700.0
06/16/2006,16:00,31.46,31.59,30.56,30.78,5081200.0
06/19/2006,16:00,30.86,31.09,30.09,30.11,2683400.0
06/20/2006,16:00,30.10,30.52,29.48,30.42,4502600.0
06/21/2006,16:00,30.41,30.55,29.74,29.90,2599800.0
06/22/2006,16:00,29.88,30.24,29.48,30.10,4295200.0
06/23/2006,16:00,29.90,30.07,29.32,29.57,2631000.0
06/26/2006,16:00,29.54,29.90,29.10,29.20,4297200.0
06/27/2006,16:00,29.07,29.07,28.45,28.48,3057500.0
06/28/2006,16:00,28.50,28.80,27.91,28.29,3557400.0
06/29/2006,16:00,28.18,29.14,28.03,29.02,5260500.0
06/30/2006,16:00,29.17,29.29,28.89,29.00,1983400.0
07/03/2006,16:00,29.16,29.51,28.98,29.51,1065200.0
07/05/2006,16:00,29.10,29.11,28.33,28.46,2362900.0
07/06/2006,16:00,28.45,29.11,28.34,28.69,2200000.0
07/07/2006,16:00,28.98,30.82,28.79,30.06,7088800.0
07/10/2006,16:00,30.42,31.53,30.26,30.50,4076100.0
07/11/2006,16:00,30.58,30.96,30.38,30.59,2331400.0
07/12/2006,16:00,30.55,30.60,29.84,29.99,3077600.0
07/13/2006,16:00,29.61,29.90,29.23,29.28,3547000.0
07/14/2006,16:00,29.39,29.45,28.49,28.85,3041500.0
07/17/2006,16:00,28.91,29.43,28.55,28.84,3033700.0
07/18/2006,16:00,28.94,29.12,28.18,28.87,3553100.0
07/19/2006,16:00,29.74,31.39,29.74,30.46,6962900.0
07/20/2006,16:00,30.41,30.64,30.19,30.46,3057800.0
07/21/2006,16:00,30.55,30.56,29.72,29.85,3339700.0
07/24/2006,16:00,29.97,30.33,29.63,29.88,2835400.0
07/25/2006,16:00,29.56,32.47,29.52,32.15,9566000.0
07/26/2006,16:00,32.16,32.68,31.41,32.54,5479800.0
07/27/2006,16:00,32.72,32.74,31.74,32.02,4033000.0
07/28/2006,16:00,32.09,33.55,32.09,33.47,5478100.0
07/31/2006,16:00,33.47,33.47,32.90,33.01,3063000.0
08/01/2006,16:00,33.02,33.55,32.00,33.46,4584500.0
08/02/2006,16:00,35.69,35.78,33.51,33.83,10639700.0
08/03/2006,16:00,31.05,31.31,29.88,30.15,14902800.0
08/04/2006,16:00,30.41,30.50,30.06,30.08,3966900.0
08/07/2006,16:00,30.01,30.35,29.80,29.97,2962700.0
08/08/2006,16:00,29.98,30.36,29.56,29.69,3516900.0
08/09/2006,16:00,29.89,30.26,29.34,29.36,2161600.0
08/10/2006,16:00,29.35,29.81,28.92,29.60,2797400.0
08/11/2006,16:00,29.48,30.32,29.43,30.13,2160400.0
08/14/2006,16:00,30.41,30.59,29.68,29.73,1938200.0
08/15/2006,16:00,29.97,31.01,29.88,30.77,4746700.0
08/16/2006,16:00,31.00,31.89,31.00,31.15,4566800.0
08/17/2006,16:00,31.18,32.76,31.07,32.75,4932600.0
08/18/2006,16:00,32.75,33.23,32.28,33.13,5062200.0
08/21/2006,16:00,33.03,33.30,32.64,33.05,3134500.0
08/22/2006,16:00,33.12,33.28,31.94,32.00,3378700.0
08/23/2006,16:00,32.19,32.42,31.68,31.85,2783400.0
08/24/2006,16:00,32.07,32.48,31.77,32.24,1272400.0
08/25/2006,16:00,32.36,32.48,32.09,32.32,797400.0
08/28/2006,16:00,32.16,32.47,32.07,32.44,1332100.0
08/29/2006,16:00,32.44,33.05,32.38,33.01,2193400.0
08/30/2006,16:00,33.04,33.06,32.58,32.59,1517000.0
08/31/2006,16:00,32.75,32.96,32.51,32.57,1427400.0
09/01/2006,16:00,32.86,32.86,32.35,32.47,1159300.0
09/05/2006,16:00,32.50,32.63,32.16,32.45,1131100.0
09/06/2006,16:00,32.54,32.96,32.50,32.83,1736900.0
09/07/2006,16:00,32.80,33.10,32.49,32.93,2053300.0
09/08/2006,16:00,32.93,33.56,32.85,33.39,2119600.0
09/11/2006,16:00,33.16,33.69,32.95,33.63,1616600.0
09/12/2006,16:00,33.53,33.83,33.33,33.75,1627000.0
09/13/2006,16:00,33.79,33.81,32.98,33.25,1956400.0
09/14/2006,16:00,33.25,33.64,33.03,33.53,1633200.0
09/15/2006,16:00,33.73,33.81,32.99,33.04,2798000.0
09/18/2006,16:00,32.99,32.99,32.65,32.85,2234200.0
09/19/2006,16:00,32.83,33.29,32.71,32.83,2524400.0
09/20/2006,16:00,32.78,33.10,32.66,32.99,2690700.0
09/21/2006,16:00,33.04,33.05,32.65,32.76,1567500.0
09/22/2006,16:00,31.62,32.34,31.59,31.85,4888500.0
09/25/2006,16:00,31.85,31.85,30.75,31.43,3578100.0
09/26/2006,16:00,31.52,31.55,30.98,31.43,1451900.0
09/27/2006,16:00,31.31,31.57,30.69,31.46,3583700.0
09/28/2006,16:00,31.46,32.11,31.40,31.76,3160200.0
09/29/2006,16:00,31.76,31.93,31.36,31.57,1927400.0
10/02/2006,16:00,31.59,32.20,31.57,31.65,2482500.0
10/03/2006,16:00,32.16,32.96,32.07,32.73,4570300.0
10/04/2006,16:00,32.79,33.47,32.55,33.42,3025700.0
10/05/2006,16:00,33.49,34.08,33.26,33.95,2430400.0
10/06/2006,16:00,34.03,34.57,33.89,34.38,2623500.0
10/09/2006,16:00,34.55,34.55,34.00,34.22,1395300.0
10/10/2006,16:00,34.35,34.40,33.85,34.34,1098800.0
10/11/2006,16:00,34.35,34.35,33.71,33.75,1668600.0
10/12/2006,16:00,33.83,34.01,33.61,33.71,2006100.0
10/13/2006,16:00,33.56,33.61,33.13,33.25,2591300.0
10/16/2006,16:00,33.13,33.32,32.78,32.86,4526800.0
10/17/2006,16:00,32.79,33.50,32.61,33.34,4307200.0
10/18/2006,16:00,32.83,33.65,31.84,31.96,11242400.0
10/19/2006,16:00,31.42,31.62,30.88,31.14,6335500.0
10/20/2006,16:00,31.10,31.33,30.86,31.20,3675200.0
10/23/2006,16:00,31.10,31.31,30.58,30.69,2773300.0
10/24/2006,16:00,30.69,30.84,30.47,30.58,2089700.0
10/25/2006,16:00,30.73,31.26,30.58,30.67,2789000.0
10/26/2006,16:00,30.74,31.10,30.50,30.99,1944300.0
10/27/2006,16:00,30.99,31.09,30.41,30.50,2174400.0
10/30/2006,16:00,30.61,31.10,30.37,30.87,1790300.0
10/31/2006,16:00,30.92,30.92,30.29,30.73,3589900.0
11/01/2006,16:00,30.66,30.86,30.29,30.34,2241100.0
11/02/2006,16:00,30.18,30.19,29.74,30.10,2933600.0
11/03/2006,16:00,30.24,30.43,29.97,30.08,1578400.0
11/06/2006,16:00,30.17,30.71,30.16,30.68,1885800.0
11/07/2006,16:00,30.64,31.00,30.35,30.44,2323900.0
11/08/2006,16:00,30.24,30.41,30.06,30.12,1435200.0
11/09/2006,16:00,30.13,30.22,29.14,29.15,2160300.0
11/10/2006,16:00,29.02,29.86,28.98,29.80,2579700.0
11/13/2006,16:00,29.93,30.24,29.74,29.95,1568300.0
11/14/2006,16:00,29.90,30.55,29.62,30.41,2110600.0
11/15/2006,16:00,30.59,31.54,30.30,31.51,4199700.0
11/16/2006,16:00,31.51,32.21,31.51,32.02,4403700.0
11/17/2006,16:00,32.03,32.28,31.77,32.10,2314000.0
11/20/2006,16:00,32.57,33.55,32.38,32.62,3919300.0
11/21/2006,16:00,33.55,34.12,33.48,33.67,9311100.0
11/22/2006,16:00,33.58,33.79,33.43,33.79,2500500.0
11/24/2006,16:00,33.72,33.72,33.13,33.58,665400.0
11/27/2006,16:00,33.40,33.55,32.67,33.01,2189300.0
11/28/2006,16:00,33.01,34.03,32.79,33.78,3564300.0
11/29/2006,16:00,33.76,33.85,33.32,33.45,2118500.0
11/30/2006,16:00,33.45,33.47,32.92,33.34,1764600.0
12/01/2006,16:00,33.53,33.55,32.59,32.97,1913500.0
12/04/2006,16:00,33.20,33.93,33.20,33.71,2112300.0
12/05/2006,16:00,33.70,33.89,33.35,33.67,2290400.0
12/06/2006,16:00,33.72,34.23,33.67,34.04,2152200.0
12/07/2006,16:00,34.08,34.70,34.07,34.47,3824800.0
12/08/2006,16:00,34.47,34.95,34.22,34.37,2223300.0
12/11/2006,16:00,34.28,34.37,33.64,33.77,1652100.0
12/12/2006,16:00,33.78,34.11,33.52,33.99,1943200.0
12/13/2006,16:00,34.00,34.27,33.92,34.12,1046600.0
12/14/2006,16:00,34.12,34.43,34.06,34.08,1773800.0
12/15/2006,16:00,34.04,34.05,33.51,33.59,1970200.0
12/18/2006,16:00,33.74,34.16,33.30,33.46,1543100.0
12/19/2006,16:00,33.41,33.42,32.96,33.18,1798100.0
12/20/2006,16:00,33.28,33.62,33.20,33.47,1897400.0
12/21/2006,16:00,33.47,33.89,33.19,33.89,1772400.0
12/22/2006,16:00,33.72,33.77,33.24,33.41,1653700.0
12/26/2006,16:00,33.41,33.53,33.26,33.35,1903400.0
12/27/2006,16:00,33.36,33.47,32.87,32.89,1911900.0
12/28/2006,16:00,32.98,32.99,32.53,32.80,2241200.0
12/29/2006,16:00,32.78,33.07,32.63,32.70,2071600.0
01/03/2007,16:00,33.97,33.97,31.80,32.04,4454200.0
01/04/2007,16:00,31.51,32.32,31.51,31.95,3023900.0
01/05/2007,16:00,31.51,31.94,31.22,31.31,3987100.0
01/08/2007,16:00,33.55,33.59,32.38,33.05,9033100.0
01/09/2007,16:00,33.46,35.05,33.33,34.67,6155100.0
01/10/2007,16:00,34.68,34.68,33.98,34.41,2568400.0
01/11/2007,16:00,34.44,35.15,34.32,34.76,2723500.0
01/12/2007,16:00,34.56,34.65,34.23,34.51,2738500.0
01/16/2007,16:00,34.38,34.82,34.29,34.42,1671800.0
01/17/2007,16:00,34.61,35.37,34.18,35.30,3362400.0
01/18/2007,16:00,35.60,36.25,35.25,35.29,4813400.0
01/19/2007,16:00,34.84,35.32,34.65,34.98,4277900.0
01/22/2007,16:00,34.83,35.13,34.44,34.54,1713800.0
01/23/2007,16:00,34.51,35.05,34.44,34.61,2597000.0
01/24/2007,16:00,34.90,35.76,34.82,35.49,4361300.0
01/25/2007,16:00,36.38,37.56,36.02,36.27,8241900.0
01/26/2007,16:00,36.68,36.99,35.94,36.47,5080000.0
01/29/2007,16:00,36.25,37.64,36.25,37.63,6699000.0
01/30/2007,16:00,37.84,38.65,37.63,38.06,5157600.0
01/31/2007,16:00,37.84,38.39,37.75,38.25,2882400.0
02/01/2007,16:00,38.30,38.39,37.55,37.72,3966900.0
02/02/2007,16:00,37.67,38.24,37.06,37.23,4575900.0
02/05/2007,16:00,37.20,38.09,37.20,38.07,3961500.0
02/06/2007,16:00,38.01,38.40,37.29,37.66,3727800.0
02/07/2007,16:00,37.54,38.23,37.46,38.06,3071300.0
02/08/2007,16:00,38.69,38.88,38.14,38.40,2822100.0
02/09/2007,16:00,38.28,38.33,37.44,37.58,2678500.0
02/12/2007,16:00,37.80,38.05,37.25,37.50,3092800.0
02/13/2007,16:00,37.59,37.68,36.91,37.26,3682800.0
02/14/2007,16:00,37.25,37.61,37.25,37.51,2034700.0
02/15/2007,16:00,37.08,37.53,37.06,37.46,1410000.0
02/16/2007,16:00,37.89,37.89,37.14,37.43,1700000.0
02/20/2007,16:00,37.34,37.45,36.84,37.16,2144300.0
02/21/2007,16:00,35.78,36.68,35.74,36.29,5339400.0
02/22/2007,16:00,36.17,36.45,35.88,36.14,2445100.0
02/23/2007,16:00,35.96,36.34,35.85,36.22,1758700.0
02/26/2007,16:00,36.05,36.68,35.99,36.04,2274800.0
02/27/2007,16:00,35.75,36.07,34.85,35.27,3593600.0
02/28/2007,16:00,35.17,35.94,35.17,35.49,2631500.0
03/01/2007,16:00,35.09,35.41,34.25,34.92,3046000.0
03/02/2007,16:00,34.92,35.60,34.70,35.34,3211000.0
03/05/2007,16:00,35.12,35.56,34.89,35.14,3003900.0
03/06/2007,16:00,35.23,35.43,34.98,35.08,2244500.0
03/07/2007,16:00,34.98,35.53,34.91,35.30,2014600.0
03/08/2007,16:00,35.33,35.71,35.13,35.51,1257700.0
03/09/2007,16:00,35.65,35.73,35.43,35.68,1216700.0
03/12/2007,16:00,35.68,35.68,35.04,35.14,1835500.0
03/13/2007,16:00,34.74,34.97,34.30,34.33,1625700.0
03/14/2007,16:00,32.89,34.57,32.66,34.44,2333700.0
03/15/2007,16:00,34.44,34.44,33.53,33.76,3005000.0
03/16/2007,16:00,33.88,33.98,33.38,33.63,2421600.0
03/19/2007,16:00,33.85,34.03,33.71,33.82,1297100.0
03/20/2007,16:00,34.26,34.72,33.80,33.81,1481300.0
03/21/2007,16:00,33.95,34.33,33.69,34.33,2240300.0
03/22/2007,16:00,34.18,34.25,33.84,33.93,2035800.0
03/23/2007,16:00,34.06,35.08,33.93,35.00,3131900.0
03/26/2007,16:00,34.83,34.97,34.26,34.82,2440200.0
03/27/2007,16:00,34.76,34.81,34.14,34.38,1656500.0
03/28/2007,16:00,34.23,34.45,33.91,34.02,1535900.0
03/29/2007,16:00,34.10,34.23,33.43,33.59,2137500.0
03/30/2007,16:00,33.54,33.75,32.87,33.64,2469800.0
04/02/2007,16:00,33.79,33.98,33.33,33.88,2251800.0
04/03/2007,16:00,34.00,34.70,33.97,34.69,2762300.0
04/04/2007,16:00,34.42,34.89,34.24,34.75,1802800.0
04/05/2007,16:00,34.63,34.66,34.32,34.40,1899600.0
04/09/2007,16:00,34.41,34.52,34.19,34.40,1665300.0
04/10/2007,16:00,34.40,34.45,34.34,34.41,1361600.0
04/11/2007,16:00,34.41,34.74,34.21,34.66,3518500.0
04/12/2007,16:00,34.66,36.46,34.66,35.90,5065800.0
04/13/2007,16:00,36.68,36.68,35.61,36.00,2141700.0
04/16/2007,16:00,36.09,36.61,35.85,36.61,2500400.0
04/17/2007,16:00,37.22,37.44,36.80,37.08,4097700.0
04/18/2007,16:00,37.10,37.36,36.64,36.79,2253400.0
04/19/2007,16:00,38.09,39.07,37.36,38.81,7067500.0
04/20/2007,16:00,39.23,39.65,38.49,38.61,23893100.0
04/23/2007,16:00,38.74,39.21,38.68,38.94,3982800.0
04/24/2007,16:00,38.77,39.36,38.77,39.36,4056200.0
04/25/2007,16:00,39.45,39.45,38.96,39.13,2843500.0
04/26/2007,16:00,39.13,39.36,38.67,39.01,2806500.0
04/27/2007,16:00,38.84,39.32,38.84,39.16,2235500.0
04/30/2007,16:00,39.04,39.05,38.15,38.28,2720600.0
05/01/2007,16:00,38.40,39.81,38.40,39.69,4678100.0
05/02/2007,16:00,39.41,39.94,39.25,39.70,2329900.0
05/03/2007,16:00,40.18,40.18,39.34,39.45,1641100.0
05/04/2007,16:00,39.51,39.55,39.13,39.39,2008500.0
05/07/2007,16:00,39.57,39.96,39.23,39.92,2259900.0
05/08/2007,16:00,39.64,39.86,39.12,39.79,3941700.0
05/09/2007,16:00,39.80,39.96,39.40,39.67,2094600.0
05/10/2007,16:00,39.59,39.66,39.08,39.14,1325800.0
05/11/2007,16:00,39.16,39.54,39.08,39.46,1389600.0
05/14/2007,16:00,39.45,39.76,38.90,38.96,1686400.0
05/15/2007,16:00,38.99,39.36,38.18,38.98,2023800.0
05/16/2007,16:00,39.03,39.09,38.23,38.65,2441900.0
05/17/2007,16:00,38.50,38.61,38.03,38.17,2889000.0
05/18/2007,16:00,38.42,38.56,38.09,38.52,2094600.0
05/21/2007,16:00,38.30,39.21,37.86,38.73,4717900.0
05/22/2007,16:00,38.77,39.13,38.51,38.69,1541900.0
05/23/2007,16:00,39.15,39.58,38.82,38.92,3163000.0
05/24/2007,16:00,38.99,39.25,38.38,38.53,1963400.0
05/25/2007,16:00,38.24,38.88,38.24,38.71,1435800.0
05/29/2007,16:00,38.42,38.44,37.89,38.03,1989000.0
05/30/2007,16:00,37.99,38.09,37.68,38.00,1706300.0
05/31/2007,16:00,38.00,38.44,37.93,38.19,1653400.0
06/01/2007,16:00,38.19,38.20,37.80,38.09,1576000.0
06/04/2007,16:00,38.13,39.26,38.09,38.99,1963300.0
06/05/2007,16:00,39.16,39.16,38.65,38.91,1528300.0
06/06/2007,16:00,38.91,39.02,38.49,38.82,1457400.0
06/07/2007,16:00,37.64,38.57,37.64,38.09,1861400.0
06/08/2007,16:00,36.44,37.97,36.44,37.85,1526900.0
06/11/2007,16:00,37.86,38.07,37.52,37.79,881800.0
06/12/2007,16:00,37.61,37.75,37.12,37.13,1362000.0
06/13/2007,16:00,37.35,38.23,37.29,38.23,1688300.0
06/14/2007,16:00,38.45,38.47,37.98,38.15,1723000.0
06/15/2007,16:00,38.19,39.83,38.03,39.35,3938800.0
06/18/2007,16:00,39.41,39.50,38.82,38.99,1480900.0
06/19/2007,16:00,38.85,38.91,38.49,38.74,1320500.0
06/20/2007,16:00,38.96,39.13,38.46,38.48,2121300.0
06/21/2007,16:00,38.38,38.88,38.29,38.84,1585100.0
06/22/2007,16:00,38.63,38.64,37.80,37.90,3705700.0
06/25/2007,16:00,37.90,38.01,36.95,37.17,2221400.0
06/26/2007,16:00,37.30,37.72,36.77,36.79,1915200.0
06/27/2007,16:00,36.61,37.12,36.42,36.93,3792100.0
06/28/2007,16:00,36.80,37.49,36.72,37.04,1198800.0
06/29/2007,16:00,37.29,37.51,36.94,37.12,1791000.0
07/02/2007,16:00,37.18,37.87,37.18,37.60,1476300.0
07/03/2007,16:00,37.14,37.75,37.13,37.43,644000.0
07/05/2007,16:00,37.38,37.52,36.94,37.35,1471400.0
07/06/2007,16:00,37.39,38.40,37.24,38.19,2217900.0
07/09/2007,16:00,38.40,38.55,37.72,37.77,2398800.0
07/10/2007,16:00,37.64,37.89,37.37,37.38,2144600.0
07/11/2007,16:00,37.47,37.55,37.05,37.26,1768600.0
07/12/2007,16:00,37.55,37.66,37.26,37.66,1342000.0
07/13/2007,16:00,37.44,37.83,37.29,37.65,1579900.0
07/16/2007,16:00,37.64,37.99,37.55,37.67,1801600.0
07/17/2007,16:00,38.11,39.22,37.80,38.09,2671200.0
07/18/2007,16:00,39.25,40.26,39.08,40.19,9921600.0
07/19/2007,16:00,40.39,40.59,39.93,40.32,4040200.0
07/20/2007,16:00,40.26,40.61,40.18,40.25,3362300.0
07/23/2007,16:00,40.24,40.67,40.23,40.43,1559100.0
07/24/2007,16:00,40.43,40.46,39.73,40.36,2691500.0
07/25/2007,16:00,40.44,40.57,39.98,40.21,3321400.0
07/26/2007,16:00,40.18,40.48,36.23,39.45,3406100.0
07/27/2007,16:00,39.30,39.39,37.88,37.88,3240500.0
07/30/2007,16:00,37.95,38.82,37.67,38.65,3489600.0
07/31/2007,16:00,38.75,39.25,38.19,38.59,3898400.0
08/01/2007,16:00,38.71,40.12,38.71,40.09,5018900.0
08/02/2007,16:00,38.81,40.64,36.50,40.57,3572800.0
08/03/2007,16:00,40.70,41.42,40.30,40.30,3344900.0
08/06/2007,16:00,41.85,41.91,40.33,41.88,3917000.0
08/07/2007,16:00,41.83,42.77,41.21,42.31,3961200.0
08/08/2007,16:00,42.27,43.03,41.78,43.03,3429600.0
08/09/2007,16:00,41.61,42.94,41.44,41.81,4265100.0
08/10/2007,16:00,39.77,41.57,39.29,40.39,3585300.0
08/13/2007,16:00,40.47,40.78,39.83,40.30,1435200.0
08/14/2007,16:00,40.18,40.90,39.36,39.70,1987200.0
08/15/2007,16:00,39.60,40.40,38.51,38.77,3609600.0
08/16/2007,16:00,38.45,38.86,37.70,38.48,3698700.0
08/17/2007,16:00,37.99,41.21,36.68,39.00,3029300.0
08/20/2007,16:00,39.21,39.32,38.57,38.70,1335700.0
08/21/2007,16:00,38.53,38.93,38.36,38.76,1268600.0
08/22/2007,16:00,38.74,38.74,38.18,38.56,1630600.0
08/23/2007,16:00,38.52,38.78,38.32,38.61,1463800.0
08/24/2007,16:00,38.68,39.50,38.61,39.46,1127900.0
08/27/2007,16:00,39.36,39.72,39.27,39.42,1178700.0
08/28/2007,16:00,39.26,39.70,38.64,38.66,1294300.0
08/29/2007,16:00,38.78,39.31,38.43,39.26,1526800.0
08/30/2007,16:00,38.83,39.30,38.65,38.91,1123500.0
08/31/2007,16:00,39.29,39.44,38.92,38.98,1126200.0
09/04/2007,16:00,38.91,39.71,38.78,39.40,1570900.0
09/05/2007,16:00,39.40,39.40,38.91,38.99,1233400.0
09/06/2007,16:00,38.89,39.31,38.74,39.21,1700200.0
09/07/2007,16:00,38.91,39.49,38.70,38.90,1437200.0
09/10/2007,16:00,39.14,39.81,38.98,39.58,1695500.0
09/11/2007,16:00,39.61,41.38,39.50,41.20,3962700.0
09/12/2007,16:00,41.31,42.13,41.13,41.89,4694600.0
09/13/2007,16:00,42.22,42.30,41.00,41.10,5410700.0
09/14/2007,16:00,41.03,41.32,39.81,41.05,1801500.0
09/17/2007,16:00,40.90,41.06,40.36,40.45,1221100.0
09/18/2007,16:00,40.69,40.83,40.18,40.66,1605500.0
09/19/2007,16:00,40.97,41.40,40.59,41.20,2972900.0
09/20/2007,16:00,40.35,41.19,40.35,40.78,1396400.0
09/21/2007,16:00,40.72,41.10,40.32,40.50,3105100.0
09/24/2007,16:00,40.45,40.45,39.81,39.89,2061900.0
09/25/2007,16:00,39.53,39.69,39.00,39.09,2757500.0
09/26/2007,16:00,39.33,39.54,38.95,39.49,2829800.0
09/27/2007,16:00,39.49,40.35,39.23,39.40,2481900.0
09/28/2007,16:00,39.43,39.50,38.38,39.42,3089300.0
10/01/2007,16:00,39.41,40.13,39.41,39.90,2208200.0
10/02/2007,16:00,40.01,40.06,39.35,39.41,1325800.0
10/03/2007,16:00,39.36,39.46,39.10,39.15,1318100.0
10/04/2007,16:00,39.27,39.47,38.86,39.01,1301600.0
10/05/2007,16:00,39.16,42.01,38.91,39.83,2297900.0
10/08/2007,16:00,39.91,40.15,39.35,39.55,878000.0
10/09/2007,16:00,39.73,39.80,39.33,39.71,1653600.0
10/10/2007,16:00,39.70,39.91,39.21,39.42,1011500.0
10/11/2007,16:00,38.54,39.93,38.54,39.60,1460300.0
10/12/2007,16:00,39.74,40.57,39.72,40.45,1751600.0
10/15/2007,16:00,41.15,42.06,39.58,40.38,7541900.0
10/16/2007,16:00,40.36,41.31,40.18,41.10,5336000.0
10/17/2007,16:00,41.38,41.49,39.67,40.75,5883700.0
10/18/2007,16:00,40.24,40.24,38.02,38.57,10187300.0
10/19/2007,16:00,38.56,38.57,36.48,36.48,8013800.0
10/22/2007,16:00,36.20,36.21,34.76,35.30,10646300.0
10/23/2007,16:00,35.43,35.60,33.99,34.57,13568100.0
10/24/2007,16:00,34.55,35.77,34.53,35.68,7650600.0
10/25/2007,16:00,35.57,36.28,35.42,36.11,5555600.0
10/26/2007,16:00,36.38,37.04,35.38,35.69,5289900.0
10/29/2007,16:00,36.07,36.91,35.72,36.37,4383700.0
10/30/2007,16:00,36.32,36.78,35.62,35.83,2624200.0
10/31/2007,16:00,35.74,36.54,35.42,36.44,4086100.0
11/01/2007,16:00,36.31,36.53,35.77,35.83,2195000.0
11/02/2007,16:00,35.84,36.48,35.76,36.48,2989400.0
11/05/2007,16:00,36.14,36.43,35.93,36.37,2711400.0
11/06/2007,16:00,36.35,36.56,35.59,35.71,3998100.0
11/07/2007,16:00,35.59,36.03,34.40,34.62,4135600.0
11/08/2007,16:00,34.65,35.06,34.37,34.91,3364500.0
11/09/2007,16:00,34.37,35.20,34.37,34.91,3652600.0
11/12/2007,16:00,34.55,34.58,33.01,33.21,7382300.0
11/13/2007,16:00,33.68,34.78,33.40,34.78,4885900.0
11/14/2007,16:00,34.85,35.07,34.13,34.54,3774000.0
11/15/2007,16:00,34.74,35.51,34.61,34.89,4676200.0
11/16/2007,16:00,35.17,35.28,34.64,34.86,2886000.0
11/19/2007,16:00,35.29,35.39,34.65,34.67,3406400.0
11/20/2007,16:00,34.80,35.50,34.66,35.08,2539400.0
11/21/2007,16:00,34.85,35.21,34.29,34.29,2213500.0
11/23/2007,16:00,34.58,34.85,34.29,34.84,483800.0
11/26/2007,16:00,34.86,35.43,34.24,34.24,1805700.0
11/27/2007,16:00,34.35,34.83,34.23,34.79,2002600.0
11/28/2007,16:00,34.74,35.92,34.74,35.85,2264000.0
11/29/2007,16:00,35.80,36.01,35.38,35.56,2077500.0
11/30/2007,16:00,35.94,36.02,35.30,35.56,2282100.0
12/03/2007,16:00,35.51,35.59,35.21,35.27,1634500.0
12/04/2007,16:00,35.13,35.66,34.93,35.23,1962500.0
12/05/2007,16:00,35.55,35.55,35.07,35.47,2493100.0
12/06/2007,16:00,35.29,36.69,35.29,36.14,2734700.0
12/07/2007,16:00,36.13,36.33,35.59,35.60,1504600.0
12/10/2007,16:00,35.56,36.50,35.56,36.27,2043500.0
12/11/2007,16:00,36.36,37.27,36.30,36.38,2895700.0
12/12/2007,16:00,37.16,37.38,36.73,37.04,3950200.0
12/13/2007,16:00,37.21,37.39,36.57,37.03,2971500.0
12/14/2007,16:00,37.04,38.08,36.71,37.67,3566100.0
12/17/2007,16:00,37.40,37.78,36.19,36.26,4429100.0
12/18/2007,16:00,36.59,36.65,36.09,36.44,2956300.0
12/19/2007,16:00,36.45,36.57,36.23,36.36,2332300.0
12/20/2007,16:00,36.56,36.94,36.42,36.68,2120800.0
12/21/2007,16:00,37.04,37.21,36.76,36.86,2561400.0
12/24/2007,16:00,36.62,37.04,36.62,36.90,766300.0
12/26/2007,16:00,36.76,37.26,36.68,36.95,1045900.0
12/27/2007,16:00,36.69,37.13,36.68,36.87,1749000.0
12/28/2007,16:00,37.33,37.34,36.73,36.74,1247300.0
12/31/2007,16:00,36.68,36.78,36.02,36.36,2038100.0
01/02/2008,16:00,36.40,36.65,35.81,36.04,2023500.0
01/03/2008,16:00,36.20,36.33,35.62,35.83,1706400.0
01/04/2008,16:00,35.59,35.78,34.84,34.84,3395400.0
01/07/2008,16:00,35.40,36.62,35.34,36.42,3358400.0
01/08/2008,16:00,36.56,38.01,36.44,37.01,6220600.0
01/09/2008,16:00,37.52,38.64,37.39,38.29,5086800.0
01/10/2008,16:00,38.07,38.84,37.87,38.28,2570000.0
01/11/2008,16:00,38.00,39.09,38.00,38.53,4291900.0
01/14/2008,16:00,38.59,38.59,37.72,37.90,1870300.0
01/15/2008,16:00,37.49,37.86,36.77,36.93,4485100.0
01/16/2008,16:00,36.69,38.06,36.69,37.95,5687400.0
01/17/2008,16:00,38.03,38.14,36.81,36.83,3660500.0
01/18/2008,16:00,37.15,37.15,35.73,35.77,4285600.0
01/22/2008,16:00,34.89,36.28,34.45,36.03,5492800.0
01/23/2008,16:00,36.25,37.73,35.18,37.27,9322500.0
01/24/2008,16:00,37.37,38.02,36.97,37.26,5693800.0
01/25/2008,16:00,37.56,37.68,36.21,36.55,3731000.0
01/28/2008,16:00,36.53,37.11,36.25,37.01,2791200.0
01/29/2008,16:00,37.29,37.57,36.67,36.78,2790400.0
01/30/2008,16:00,36.57,36.83,35.50,35.62,3976300.0
01/31/2008,16:00,35.24,36.52,35.14,36.16,3901600.0
02/01/2008,16:00,36.23,37.03,36.13,37.03,3341400.0
02/04/2008,16:00,37.08,37.29,36.78,36.82,1930700.0
02/05/2008,16:00,36.82,36.95,35.93,35.93,2105900.0
02/06/2008,16:00,36.24,36.60,35.93,36.37,2977500.0
02/07/2008,16:00,36.35,36.65,35.93,36.10,2585600.0
02/08/2008,16:00,36.04,37.72,35.78,37.46,4653500.0
02/11/2008,16:00,37.52,38.45,37.46,38.36,3890000.0
02/12/2008,16:00,38.63,39.25,38.37,39.08,4153100.0
02/13/2008,16:00,39.19,39.58,38.88,39.10,3728900.0
02/14/2008,16:00,39.27,39.43,38.50,38.61,2481800.0
02/15/2008,16:00,38.60,38.85,38.29,38.57,2403100.0
02/19/2008,16:00,39.08,39.08,38.31,38.48,1602400.0
02/20/2008,16:00,38.14,39.00,38.14,39.00,2027100.0
02/21/2008,16:00,39.00,39.00,38.41,38.48,2582000.0
02/22/2008,16:00,38.53,38.77,38.11,38.73,2076200.0
02/25/2008,16:00,38.92,39.42,38.70,39.28,2205200.0
02/26/2008,16:00,39.16,39.94,39.01,39.84,2409300.0
02/27/2008,16:00,39.67,39.90,38.69,38.95,2538200.0
02/28/2008,16:00,38.74,39.32,38.65,38.96,1677600.0
02/29/2008,16:00,38.50,38.87,38.25,38.45,1949600.0
03/03/2008,16:00,38.36,38.70,38.14,38.46,1856300.0
03/04/2008,16:00,38.18,39.02,38.11,38.96,3390200.0
03/05/2008,16:00,39.15,39.48,38.87,39.07,2407300.0
03/06/2008,16:00,39.09,39.14,38.07,38.09,2844000.0
03/07/2008,16:00,37.94,37.99,37.18,37.30,3509600.0
03/10/2008,16:00,37.41,37.58,36.59,36.65,2596700.0
03/11/2008,16:00,36.71,37.11,36.59,36.99,2563500.0
03/12/2008,16:00,37.00,37.76,37.00,37.38,1793500.0
03/13/2008,16:00,36.83,37.31,35.96,36.99,2792800.0
03/14/2008,16:00,37.19,37.37,36.61,36.93,3016100.0
03/17/2008,16:00,36.12,36.92,36.12,36.64,2521100.0
03/18/2008,16:00,36.97,37.66,36.76,37.64,2286600.0
03/19/2008,16:00,37.96,38.59,37.65,37.65,2033800.0
03/20/2008,16:00,37.76,38.23,37.42,38.14,2505300.0
03/24/2008,16:00,38.38,38.83,38.11,38.81,1390200.0
03/25/2008,16:00,38.88,39.07,38.48,38.71,1359900.0
03/26/2008,16:00,38.65,38.95,38.40,38.83,1876500.0
03/27/2008,16:00,38.74,39.27,38.67,38.99,2329700.0
03/28/2008,16:00,39.10,39.38,38.68,38.74,1331000.0
03/31/2008,16:00,38.69,39.04,38.13,38.64,1939800.0
04/01/2008,16:00,38.68,39.53,38.35,39.42,2867400.0
04/02/2008,16:00,39.42,40.44,39.19,39.93,2840100.0
04/03/2008,16:00,39.89,39.97,39.41,39.43,2350200.0
04/04/2008,16:00,39.42,40.95,39.42,40.45,5093300.0
04/07/2008,16:00,39.37,40.43,39.37,39.99,2401500.0
04/08/2008,16:00,39.90,40.02,39.58,40.01,1749400.0
04/09/2008,16:00,39.96,40.26,39.35,39.46,2544200.0
04/10/2008,16:00,39.31,39.84,39.28,39.61,2650700.0
04/11/2008,16:00,39.24,39.51,38.73,38.84,1639600.0
04/14/2008,16:00,38.91,39.59,38.75,39.15,2509800.0
04/15/2008,16:00,39.23,39.67,38.98,39.13,2467700.0
04/16/2008,16:00,39.49,39.81,38.02,39.50,7843200.0
04/17/2008,16:00,39.74,39.94,39.53,39.80,2678900.0
04/18/2008,16:00,40.10,40.48,39.93,40.29,4513200.0
04/21/2008,16:00,40.04,40.93,39.78,40.72,3900300.0
04/22/2008,16:00,40.63,40.63,39.63,39.69,4776800.0
04/23/2008,16:00,39.83,39.83,38.91,39.36,5276000.0
04/24/2008,16:00,39.41,40.07,39.14,39.88,3040900.0
04/25/2008,16:00,40.15,40.26,39.66,39.77,4020100.0
04/28/2008,16:00,39.76,40.25,39.61,39.71,5252500.0
04/29/2008,16:00,39.59,39.88,39.38,39.54,4178900.0
04/30/2008,16:00,39.47,39.73,39.08,39.16,4462800.0
05/01/2008,16:00,38.84,39.41,38.78,39.41,5858400.0
05/02/2008,16:00,38.46,39.29,38.32,38.46,3123400.0
05/05/2008,16:00,38.46,38.46,37.56,37.74,5764800.0
05/06/2008,16:00,37.52,37.99,37.17,37.88,2432700.0
05/07/2008,16:00,38.02,38.11,36.87,36.89,3637700.0
05/08/2008,16:00,36.96,37.18,36.27,37.06,4644400.0
05/09/2008,16:00,36.86,36.93,36.28,36.61,4251900.0
05/12/2008,16:00,36.56,37.19,36.44,37.12,3129400.0
05/13/2008,16:00,37.14,37.30,36.87,36.99,2518100.0
05/14/2008,16:00,36.65,36.99,35.63,35.69,6886900.0
05/15/2008,16:00,35.78,36.33,35.41,36.24,4616200.0
05/16/2008,16:00,36.33,36.42,35.86,36.36,3809600.0
05/19/2008,16:00,36.29,36.71,36.16,36.44,3519000.0
05/20/2008,16:00,36.44,36.57,36.03,36.53,3194600.0
05/21/2008,16:00,36.55,36.95,35.90,35.94,3537900.0
05/22/2008,16:00,36.02,36.77,35.83,36.68,2726900.0
05/23/2008,16:00,36.53,36.93,36.53,36.70,3900700.0
05/27/2008,16:00,36.79,36.82,36.51,36.64,3725500.0
05/28/2008,16:00,36.65,36.73,36.15,36.31,2682800.0
05/29/2008,16:00,36.18,36.61,36.02,36.40,2859800.0
05/30/2008,16:00,36.44,36.58,36.27,36.45,3590900.0
06/02/2008,16:00,36.38,36.45,35.79,36.25,2921500.0
06/03/2008,16:00,36.30,36.90,36.14,36.82,2738200.0
06/04/2008,16:00,36.78,37.12,36.56,36.99,1425700.0
06/05/2008,16:00,36.53,37.18,36.46,37.18,2031800.0
06/06/2008,16:00,36.96,37.38,36.64,36.68,2883700.0
06/09/2008,16:00,36.95,36.98,36.22,36.53,2232400.0
06/10/2008,16:00,36.19,36.54,35.95,36.51,2754400.0
06/11/2008,16:00,36.37,36.64,36.03,36.32,2140700.0
06/12/2008,16:00,36.44,36.89,36.42,36.76,1756100.0
06/13/2008,16:00,36.93,37.27,36.73,37.27,2403600.0
06/16/2008,16:00,37.35,37.56,36.76,37.35,2295800.0
06/17/2008,16:00,37.46,37.49,36.75,36.80,2438000.0
06/18/2008,16:00,36.71,36.81,36.19,36.19,2715900.0
06/19/2008,16:00,36.19,36.85,36.14,36.68,2168100.0
06/20/2008,16:00,36.16,36.75,35.85,36.09,2812300.0
06/23/2008,16:00,36.09,36.85,35.98,36.56,2433800.0
06/24/2008,16:00,36.48,36.79,36.33,36.60,1665900.0
06/25/2008,16:00,36.65,37.11,36.53,36.90,2245300.0
06/26/2008,16:00,36.52,36.56,36.02,36.02,2255400.0
06/27/2008,16:00,35.99,36.39,35.90,36.27,1881400.0
06/30/2008,16:00,36.17,36.74,35.84,36.57,3201100.0
07/01/2008,16:00,36.24,36.63,35.85,35.94,4156500.0
07/02/2008,16:00,35.94,36.68,35.94,36.47,2947600.0
07/03/2008,16:00,36.72,37.02,36.26,36.89,1323600.0
07/07/2008,16:00,36.95,37.19,36.23,36.47,2585200.0
07/08/2008,16:00,36.31,38.09,36.31,38.07,3727200.0
07/09/2008,16:00,37.93,38.10,37.57,37.57,2706300.0
07/10/2008,16:00,37.57,38.10,37.46,37.84,2055800.0
07/11/2008,16:00,37.41,37.91,37.12,37.58,2461900.0
07/14/2008,16:00,37.95,38.48,37.57,38.40,3723500.0
07/15/2008,16:00,38.37,39.52,38.06,39.33,6962100.0
07/16/2008,16:00,41.73,42.49,40.39,42.15,21896300.0
07/17/2008,16:00,42.29,43.38,42.19,43.14,7014200.0
07/18/2008,16:00,42.97,42.97,41.68,42.09,5193700.0
07/21/2008,16:00,42.43,42.43,41.70,41.83,3955100.0
07/22/2008,16:00,41.69,42.98,41.39,42.98,3434800.0
07/23/2008,16:00,42.58,42.73,41.64,42.05,4335900.0
07/24/2008,16:00,42.08,42.23,41.69,41.74,2453300.0
07/25/2008,16:00,41.96,42.05,41.35,41.74,3199200.0
07/28/2008,16:00,41.56,41.79,41.05,41.05,4071300.0
07/29/2008,16:00,41.27,42.19,41.15,41.85,4992900.0
07/30/2008,16:00,42.28,42.31,41.45,41.77,2709300.0
07/31/2008,16:00,41.59,42.16,41.44,41.67,3279700.0
08/01/2008,16:00,41.99,42.00,41.34,41.65,1956900.0
08/04/2008,16:00,41.70,41.81,41.28,41.45,1606000.0
08/05/2008,16:00,41.63,42.62,41.63,42.49,5554800.0
08/06/2008,16:00,42.54,42.81,41.97,42.64,4155600.0
08/07/2008,16:00,42.45,42.86,42.11,42.63,2428300.0
08/08/2008,16:00,42.67,43.15,42.50,42.91,3512700.0
08/11/2008,16:00,42.93,42.94,42.45,42.68,1898900.0
08/12/2008,16:00,42.71,42.73,41.20,41.23,4248000.0
08/13/2008,16:00,41.04,41.46,40.27,40.97,3864300.0
08/14/2008,16:00,40.72,40.95,40.30,40.55,3625000.0
08/15/2008,16:00,40.71,41.46,40.31,41.29,5090500.0
08/18/2008,16:00,41.42,41.88,41.31,41.38,2908300.0
08/19/2008,16:00,41.10,41.69,40.95,41.12,2732100.0
08/20/2008,16:00,41.56,41.92,41.16,41.46,1946700.0
08/21/2008,16:00,41.20,41.97,41.16,41.75,2026300.0
08/22/2008,16:00,41.92,42.27,41.75,41.78,1744400.0
08/25/2008,16:00,41.81,41.82,40.94,41.03,1690100.0
08/26/2008,16:00,40.95,41.44,40.59,41.11,1588100.0
08/27/2008,16:00,41.10,41.37,40.78,40.98,2160800.0
08/28/2008,16:00,41.14,41.42,40.91,41.16,1808100.0
08/29/2008,16:00,40.96,41.54,40.96,41.00,1367300.0
09/02/2008,16:00,41.15,42.13,41.04,41.11,3602300.0
09/03/2008,16:00,41.11,41.56,40.98,41.37,3036500.0
09/04/2008,16:00,41.12,41.29,40.04,40.23,3252100.0
09/05/2008,16:00,39.98,40.26,39.13,39.64,3332500.0
09/08/2008,16:00,40.27,40.97,40.06,40.93,4811200.0
09/09/2008,16:00,41.15,41.30,40.08,40.10,3540500.0
09/10/2008,16:00,40.33,40.37,39.74,39.82,2711000.0
09/11/2008,16:00,39.27,40.16,39.03,39.67,4736300.0
09/12/2008,16:00,39.49,39.49,38.03,38.51,4810200.0
09/15/2008,16:00,38.02,39.06,37.56,38.07,3784600.0
09/16/2008,16:00,37.58,39.03,37.57,38.67,3908600.0
09/17/2008,16:00,38.03,38.78,37.89,38.46,5314700.0
09/18/2008,16:00,38.87,40.17,38.33,40.17,6722900.0
09/19/2008,16:00,40.88,41.14,39.16,39.69,5133600.0
09/22/2008,16:00,39.26,39.69,38.14,38.34,3330700.0
09/23/2008,16:00,38.34,39.40,38.31,38.45,2522100.0
09/24/2008,16:00,38.62,39.19,38.06,38.91,2321900.0
09/25/2008,16:00,39.08,39.97,38.77,39.88,2873600.0
09/26/2008,16:00,39.42,40.02,38.81,39.09,3791500.0
09/29/2008,16:00,38.58,39.16,37.04,37.05,5160400.0
09/30/2008,16:00,37.63,38.91,36.87,38.91,4446400.0
10/01/2008,16:00,38.66,38.82,37.99,38.67,3029000.0
10/02/2008,16:00,38.66,39.40,37.85,38.19,5493800.0
10/03/2008,16:00,38.72,39.06,37.72,38.15,3884700.0
10/06/2008,16:00,37.51,37.84,34.40,35.25,8276300.0
10/07/2008,16:00,35.53,35.93,33.81,33.89,4793800.0
10/08/2008,16:00,33.24,34.67,32.11,32.11,5458100.0
10/09/2008,16:00,32.34,33.92,30.88,30.94,6173800.0
10/10/2008,16:00,29.52,31.20,24.21,29.09,9219400.0
10/13/2008,16:00,31.58,35.78,30.73,34.23,6608000.0
10/14/2008,16:00,34.86,35.68,33.19,33.77,6793700.0
10/15/2008,16:00,33.13,34.84,31.84,33.02,7006100.0
10/16/2008,16:00,32.39,34.13,29.99,33.71,5897600.0
10/17/2008,16:00,33.09,33.92,32.44,33.13,4149500.0
10/20/2008,16:00,33.48,33.96,32.66,33.96,2622900.0
10/21/2008,16:00,33.59,34.01,32.94,33.44,2242900.0
10/22/2008,16:00,33.10,33.36,31.52,32.00,3945400.0
10/23/2008,16:00,32.11,32.18,29.75,31.18,5643600.0
10/24/2008,16:00,29.12,31.11,28.63,30.54,3986200.0
10/27/2008,16:00,29.97,31.51,29.54,30.65,4679000.0
10/28/2008,16:00,31.37,32.74,30.09,32.74,3967000.0
10/29/2008,16:00,32.55,33.96,32.35,32.56,2882000.0
10/30/2008,16:00,33.28,33.96,32.73,33.42,2826300.0
10/31/2008,16:00,33.43,34.65,32.99,34.02,3010800.0
11/03/2008,16:00,33.99,34.35,33.60,33.94,1809300.0
11/04/2008,16:00,34.57,34.64,33.81,34.41,2397100.0
11/05/2008,16:00,34.05,34.34,32.77,32.90,2304000.0
11/06/2008,16:00,32.52,32.61,30.93,31.16,3019100.0
11/07/2008,16:00,31.42,32.09,31.13,32.04,1762800.0
11/10/2008,16:00,32.64,33.36,31.62,32.01,1488800.0
11/11/2008,16:00,31.60,31.98,30.77,31.25,2097200.0
11/12/2008,16:00,30.74,30.90,29.85,29.94,2554900.0
11/13/2008,16:00,30.23,30.74,28.42,30.72,4537600.0
11/14/2008,16:00,30.11,31.26,29.45,29.45,3236400.0
11/17/2008,16:00,29.16,29.31,28.18,28.54,3303200.0
11/18/2008,16:00,28.54,28.54,26.46,27.34,6074100.0
11/19/2008,16:00,26.98,27.07,24.79,24.87,4833900.0
11/20/2008,16:00,24.74,25.07,22.51,22.79,6343600.0
11/21/2008,16:00,22.81,24.85,22.34,24.72,8514000.0
11/24/2008,16:00,25.19,25.19,23.99,24.47,4295300.0
11/25/2008,16:00,25.14,25.38,24.28,24.70,5546500.0
11/26/2008,16:00,24.22,24.69,23.92,24.59,3675900.0
11/28/2008,16:00,24.51,25.12,24.49,25.07,1413600.0
12/01/2008,16:00,24.50,24.72,22.36,23.97,4097100.0
12/02/2008,16:00,23.84,26.30,23.67,26.11,7424700.0
12/03/2008,16:00,25.68,27.10,25.06,26.98,5810700.0
12/04/2008,16:00,27.18,27.26,26.14,26.50,4510300.0
12/05/2008,16:00,25.94,27.86,25.23,27.76,4239800.0
12/08/2008,16:00,28.18,28.75,26.98,27.58,4821400.0
12/09/2008,16:00,27.39,27.96,26.86,27.09,3676900.0
12/10/2008,16:00,27.37,27.47,26.65,26.90,2591800.0
12/11/2008,16:00,26.92,28.17,26.76,27.39,3690400.0
12/12/2008,16:00,26.73,28.20,26.42,28.03,3745900.0
12/15/2008,16:00,28.08,28.17,26.93,27.35,2752000.0
12/16/2008,16:00,27.58,29.31,27.29,29.25,4327100.0
12/17/2008,16:00,28.76,29.40,28.54,28.99,3089900.0
12/18/2008,16:00,29.16,29.73,28.49,28.85,4072800.0
12/19/2008,16:00,29.38,30.13,28.55,29.29,4181500.0
12/22/2008,16:00,29.35,29.64,28.19,28.83,2898500.0
12/23/2008,16:00,28.94,29.12,28.54,28.66,1734000.0
12/24/2008,16:00,28.68,29.02,28.30,28.83,719900.0
12/26/2008,16:00,29.05,29.27,28.67,28.77,1161300.0
12/29/2008,16:00,28.77,28.77,27.74,28.13,2369500.0
12/30/2008,16:00,28.28,29.15,28.28,28.98,2047800.0
12/31/2008,16:00,28.97,29.65,28.15,29.48,1942500.0
01/02/2009,16:00,29.57,30.79,29.14,30.66,2022900.0
01/05/2009,16:00,30.43,30.44,29.04,29.41,3565700.0
01/06/2009,16:00,29.52,29.99,28.60,28.84,4326400.0
01/07/2009,16:00,28.50,28.71,27.83,28.15,3706000.0
01/08/2009,16:00,28.23,29.00,27.64,29.00,4127300.0
01/09/2009,16:00,29.28,29.40,28.72,28.85,2798700.0
01/12/2009,16:00,28.58,28.82,27.84,28.04,2614300.0
01/13/2009,16:00,27.91,28.54,27.40,27.69,3714800.0
01/14/2009,16:00,27.18,27.27,26.58,26.81,4524700.0
01/15/2009,16:00,26.75,27.18,25.90,27.18,5012400.0
01/16/2009,16:00,27.43,27.74,26.77,27.46,4628600.0
01/20/2009,16:00,27.44,27.58,26.15,26.33,3120000.0
01/21/2009,16:00,26.76,27.46,25.82,27.41,3672500.0
01/22/2009,16:00,27.02,28.20,26.88,28.01,3895800.0
01/23/2009,16:00,28.22,28.22,26.92,27.75,3554600.0
01/26/2009,16:00,28.06,29.38,27.93,28.34,5789900.0
01/27/2009,16:00,30.64,32.36,30.64,31.50,7730800.0
01/28/2009,16:00,32.30,32.54,30.97,31.47,4975300.0
01/29/2009,16:00,30.91,32.76,30.91,32.05,6251000.0
01/30/2009,16:00,32.00,32.98,31.76,32.53,3783800.0
02/02/2009,16:00,32.21,32.75,31.89,32.42,2590000.0
02/03/2009,16:00,32.53,33.25,32.11,32.94,2578800.0
02/04/2009,16:00,33.33,33.61,32.52,32.68,3278400.0
02/05/2009,16:00,32.52,33.49,32.40,33.28,3369700.0
02/06/2009,16:00,33.25,33.89,32.87,33.23,4006000.0
02/09/2009,16:00,33.37,33.54,32.55,33.05,3091800.0
02/10/2009,16:00,32.78,33.27,32.02,32.19,2950100.0
02/11/2009,16:00,32.39,32.81,32.28,32.62,1854800.0
02/12/2009,16:00,32.89,33.50,32.26,33.48,3080900.0
02/13/2009,16:00,33.45,34.44,33.10,34.24,4789800.0
02/17/2009,16:00,33.98,35.38,33.23,34.06,7494300.0
02/18/2009,16:00,34.21,34.52,33.76,33.99,4146900.0
02/19/2009,16:00,33.51,34.74,32.62,32.62,6265400.0
02/20/2009,16:00,32.43,33.14,32.04,32.80,5287500.0
02/23/2009,16:00,32.87,33.21,32.56,32.70,5093500.0
02/24/2009,16:00,32.89,33.20,32.36,33.05,4085900.0
02/25/2009,16:00,32.96,33.69,32.63,33.12,3969000.0
02/26/2009,16:00,33.45,33.47,31.01,31.18,5615900.0
02/27/2009,16:00,30.86,30.95,29.59,29.66,6037900.0
03/02/2009,16:00,29.25,29.70,28.58,28.95,5319200.0
03/03/2009,16:00,29.23,29.71,28.30,28.68,4808700.0
03/04/2009,16:00,29.13,30.00,28.41,29.65,3918400.0
03/05/2009,16:00,29.04,29.14,28.01,28.20,3296600.0
03/06/2009,16:00,28.44,28.99,27.95,28.96,4744100.0
03/09/2009,16:00,28.52,29.90,28.36,29.77,6232900.0
03/10/2009,16:00,30.06,31.68,29.98,31.15,5252300.0
03/11/2009,16:00,29.98,31.20,29.98,30.35,4230500.0
03/12/2009,16:00,30.24,31.52,30.11,31.39,3033700.0
03/13/2009,16:00,31.59,32.97,31.56,32.80,3634100.0
03/16/2009,16:00,32.98,33.66,32.43,32.51,2500200.0
03/17/2009,16:00,32.54,33.16,32.05,33.16,2298900.0
03/18/2009,16:00,32.92,33.66,32.60,33.41,3124300.0
03/19/2009,16:00,33.38,33.56,31.46,31.71,3248500.0
03/20/2009,16:00,32.35,33.22,31.95,32.39,4051200.0
03/23/2009,16:00,32.58,33.63,32.45,33.63,3877600.0
03/24/2009,16:00,33.20,34.63,33.20,33.79,3663200.0
03/25/2009,16:00,33.51,34.24,32.22,33.15,6229600.0
03/26/2009,16:00,33.47,33.89,33.11,33.71,3418600.0
03/27/2009,16:00,33.38,34.49,33.13,33.73,2840800.0
03/30/2009,16:00,33.20,33.56,32.47,32.79,2702400.0
03/31/2009,16:00,33.34,33.34,32.42,32.50,3336200.0
04/01/2009,16:00,32.20,32.37,31.47,32.27,2940500.0
04/02/2009,16:00,32.79,32.92,31.66,32.02,5185900.0
04/03/2009,16:00,32.11,32.47,30.90,31.37,3368800.0
04/06/2009,16:00,31.18,31.60,30.68,30.92,3165100.0
04/07/2009,16:00,30.55,31.77,30.07,31.02,3625500.0
04/08/2009,16:00,31.23,31.47,30.47,30.78,3045900.0
04/09/2009,16:00,31.20,31.27,30.28,30.99,3676100.0
04/13/2009,16:00,30.67,31.43,30.54,31.35,3382200.0
04/14/2009,16:00,31.18,31.87,31.01,31.61,2346400.0
04/15/2009,16:00,31.43,31.90,31.09,31.40,2299300.0
04/16/2009,16:00,31.49,32.15,31.26,31.99,3126800.0
04/17/2009,16:00,32.20,32.53,31.84,32.38,3567200.0
04/20/2009,16:00,32.00,32.34,31.64,31.66,3163200.0
04/21/2009,16:00,31.62,32.14,29.97,30.72,6314000.0
04/22/2009,16:00,31.51,33.24,31.50,31.76,8763000.0
04/23/2009,16:00,31.79,31.83,30.75,31.01,5449900.0
04/24/2009,16:00,31.18,31.54,30.63,31.06,3999300.0
04/27/2009,16:00,30.92,31.22,30.69,31.05,3078700.0
04/28/2009,16:00,31.00,31.31,30.75,30.91,2185400.0
04/29/2009,16:00,31.12,31.12,30.17,30.60,3414600.0
04/30/2009,16:00,30.95,30.95,29.99,29.99,4433800.0
05/01/2009,16:00,30.02,30.09,29.14,29.67,4197000.0
05/04/2009,16:00,29.91,30.40,29.31,30.40,3023000.0
05/05/2009,16:00,30.41,30.71,30.18,30.69,2602300.0
05/06/2009,16:00,30.77,30.85,30.24,30.64,3947500.0
05/07/2009,16:00,30.92,31.61,30.53,31.40,4545700.0
05/08/2009,16:00,31.73,33.16,30.97,32.61,4737800.0
05/11/2009,16:00,32.23,32.87,31.94,32.26,2901100.0
05/12/2009,16:00,32.51,33.75,31.86,33.68,5749100.0
05/13/2009,16:00,33.19,34.09,33.15,33.78,4090200.0
05/14/2009,16:00,34.12,34.62,32.98,33.03,3667700.0
05/15/2009,16:00,32.99,33.45,32.47,33.20,2299800.0
05/18/2009,16:00,33.30,33.43,32.53,33.43,3098200.0
05/19/2009,16:00,33.56,33.56,32.61,32.82,3324900.0
05/20/2009,16:00,32.97,33.55,32.85,33.04,2208800.0
05/21/2009,16:00,32.67,33.09,32.38,32.66,1608800.0
05/22/2009,16:00,32.62,33.15,32.52,32.85,2259900.0
05/26/2009,16:00,32.57,33.23,32.27,33.07,2675200.0
05/27/2009,16:00,32.99,33.38,32.88,33.13,4179900.0
05/28/2009,16:00,33.20,33.81,33.19,33.50,2865800.0
05/29/2009,16:00,33.55,34.96,33.44,34.91,4237900.0
06/01/2009,16:00,35.11,35.77,35.08,35.63,4042900.0
06/02/2009,16:00,35.49,36.58,35.34,36.44,4414800.0
06/03/2009,16:00,36.14,36.44,35.88,36.13,5077200.0
06/04/2009,16:00,36.27,36.51,35.77,36.14,4233600.0
06/05/2009,16:00,36.46,36.59,35.88,36.19,2196000.0
06/08/2009,16:00,35.99,35.99,34.78,35.32,3183300.0
06/09/2009,16:00,34.47,35.47,33.90,34.95,3825600.0
06/10/2009,16:00,35.24,35.59,34.05,34.39,4820700.0
06/11/2009,16:00,34.63,34.63,34.01,34.05,3975700.0
06/12/2009,16:00,33.99,34.44,33.68,33.86,4314300.0
06/15/2009,16:00,33.63,33.81,32.91,33.04,3188000.0
06/16/2009,16:00,33.07,33.92,32.98,33.53,3059800.0
06/17/2009,16:00,33.48,35.37,33.36,35.08,5368600.0
06/18/2009,16:00,35.16,36.82,35.08,36.41,6241000.0
06/19/2009,16:00,36.61,36.86,35.76,35.80,4818800.0
06/22/2009,16:00,35.46,35.84,35.24,35.37,2278400.0
06/23/2009,16:00,36.28,37.04,36.14,36.27,6739100.0
06/24/2009,16:00,36.44,36.56,35.79,36.10,3598700.0
06/25/2009,16:00,35.91,37.52,35.80,37.37,4500100.0
06/26/2009,16:00,36.97,37.42,36.55,37.28,3864600.0
06/29/2009,16:00,37.41,37.54,36.72,37.21,2727500.0
06/30/2009,16:00,37.07,37.21,36.66,36.77,3303400.0
07/01/2009,16:00,36.95,37.02,36.33,36.40,2371600.0
07/02/2009,16:00,36.15,36.15,35.09,35.19,3462200.0
07/06/2009,16:00,35.06,35.67,34.93,35.52,2074700.0
07/07/2009,16:00,35.29,35.78,35.23,35.34,2202000.0
07/08/2009,16:00,35.08,35.84,35.08,35.24,2283900.0
07/09/2009,16:00,35.34,35.45,34.62,34.81,2141400.0
07/10/2009,16:00,34.46,34.91,34.10,34.55,1616000.0
07/13/2009,16:00,34.57,35.48,34.52,35.48,2132900.0
07/14/2009,16:00,35.59,35.68,35.02,35.20,2216300.0
07/15/2009,16:00,35.47,35.63,34.94,35.17,2897000.0
07/16/2009,16:00,35.05,35.89,34.98,35.82,1942200.0
07/17/2009,16:00,35.31,35.93,34.75,34.85,3565200.0
07/20/2009,16:00,34.92,35.02,34.66,34.91,3032400.0
07/21/2009,16:00,35.31,35.83,35.02,35.42,2339500.0
07/22/2009,16:00,33.55,33.55,31.96,32.28,20257300.0
07/23/2009,16:00,32.60,33.46,32.27,33.14,8686100.0
07/24/2009,16:00,33.06,34.31,32.96,34.29,5899700.0
07/27/2009,16:00,34.40,35.00,34.08,34.90,5024700.0
07/28/2009,16:00,34.80,35.22,34.33,35.13,4771400.0
07/29/2009,16:00,34.94,35.60,34.60,35.23,3347900.0
07/30/2009,16:00,35.20,35.59,33.48,33.55,6982900.0
07/31/2009,16:00,33.64,34.40,33.64,33.73,4285600.0
08/03/2009,16:00,33.99,34.44,33.74,34.43,4065800.0
08/04/2009,16:00,34.35,34.79,34.11,34.28,3237800.0
08/05/2009,16:00,34.39,34.39,33.94,34.08,2132700.0
08/06/2009,16:00,34.05,34.08,33.50,33.81,2344800.0
08/07/2009,16:00,34.15,34.30,33.40,33.41,4559900.0
08/10/2009,16:00,33.32,34.29,33.25,34.20,3491300.0
08/11/2009,16:00,33.85,34.56,33.74,34.32,3081800.0
08/12/2009,16:00,34.16,34.57,33.91,34.17,3901200.0
08/13/2009,16:00,33.98,34.11,33.56,33.97,2355700.0
08/14/2009,16:00,33.86,34.44,33.64,34.07,2860700.0
08/17/2009,16:00,33.92,33.99,33.54,33.61,3107000.0
08/18/2009,16:00,33.72,33.72,32.97,33.20,2582100.0
08/19/2009,16:00,33.02,33.91,33.02,33.87,2423800.0
08/20/2009,16:00,33.95,34.04,33.52,33.67,2714300.0
08/21/2009,16:00,33.91,34.06,33.57,33.81,2322000.0
08/24/2009,16:00,34.01,34.11,33.58,33.92,1398900.0
08/25/2009,16:00,33.99,34.22,33.86,34.01,1675200.0
08/26/2009,16:00,34.69,35.45,34.40,34.57,4125700.0
08/27/2009,16:00,34.53,34.89,34.31,34.77,2127400.0
08/28/2009,16:00,34.90,34.96,34.44,34.75,2106800.0
08/31/2009,16:00,34.40,35.08,34.14,34.48,2735000.0
09/01/2009,16:00,34.35,34.71,33.63,33.97,3404500.0
09/02/2009,16:00,33.81,34.27,33.56,34.08,2895100.0
09/03/2009,16:00,33.97,34.37,33.94,34.27,2162600.0
09/04/2009,16:00,34.23,35.36,33.94,35.25,2106800.0
09/08/2009,16:00,35.31,35.31,34.20,34.40,4244500.0
09/09/2009,16:00,34.35,35.29,34.32,34.88,2684000.0
09/10/2009,16:00,34.76,35.34,33.83,35.27,2530500.0
09/11/2009,16:00,35.24,35.38,34.81,34.90,3314900.0
09/14/2009,16:00,34.91,34.97,34.52,34.92,2562500.0
09/15/2009,16:00,34.89,34.89,33.96,34.30,4240800.0
09/16/2009,16:00,34.32,34.32,33.43,33.99,4407100.0
09/17/2009,16:00,33.88,34.30,33.69,34.25,4678700.0
09/18/2009,16:00,34.31,34.53,34.20,34.40,3032500.0
09/21/2009,16:00,34.25,35.29,34.09,35.09,3452400.0
09/22/2009,16:00,35.23,35.51,35.03,35.09,5052100.0
09/23/2009,16:00,35.01,35.30,34.61,34.92,3423200.0
09/24/2009,16:00,34.91,35.30,34.73,35.15,4193400.0
09/25/2009,16:00,35.01,35.25,34.66,35.08,1971500.0
09/28/2009,16:00,35.17,35.82,35.12,35.47,3468300.0
09/29/2009,16:00,35.59,35.74,35.33,35.55,1649400.0
09/30/2009,16:00,34.76,35.06,34.11,34.90,4515500.0
10/01/2009,16:00,34.86,34.86,34.09,34.34,3411700.0
10/02/2009,16:00,34.06,34.34,33.81,33.98,3031000.0
10/05/2009,16:00,34.00,34.32,33.63,34.21,1373900.0
10/06/2009,16:00,29.25,30.83,29.07,29.88,51806900.0
10/07/2009,16:00,30.16,30.38,29.45,29.53,12814500.0
10/08/2009,16:00,29.82,29.90,29.21,29.33,8069900.0
10/09/2009,16:00,29.50,30.69,29.23,30.50,8652400.0
10/12/2009,16:00,30.68,30.77,29.72,29.91,4967800.0
10/13/2009,16:00,29.99,30.10,29.68,29.76,4028200.0
10/14/2009,16:00,29.97,29.97,29.26,29.51,7543000.0
10/15/2009,16:00,29.41,30.07,29.41,30.06,4114500.0
10/16/2009,16:00,29.96,30.30,29.75,30.26,3562900.0
10/19/2009,16:00,30.28,30.76,29.91,30.67,5240900.0
10/20/2009,16:00,30.00,30.11,28.32,29.66,16155800.0
10/21/2009,16:00,29.73,31.18,29.65,30.51,13811100.0
10/22/2009,16:00,30.40,30.99,30.16,30.80,7858800.0
10/23/2009,16:00,30.93,31.15,30.55,30.77,6087800.0
10/26/2009,16:00,30.84,31.28,30.68,31.09,6772900.0
10/27/2009,16:00,31.07,31.51,30.72,31.45,6488200.0
10/28/2009,16:00,31.23,31.34,30.71,30.71,5560200.0
10/29/2009,16:00,30.73,30.74,30.34,30.62,4500200.0
10/30/2009,16:00,30.43,31.12,30.43,30.49,4028000.0
11/02/2009,16:00,30.52,31.04,30.52,30.99,3499200.0
11/03/2009,16:00,30.87,31.24,30.74,30.96,3409900.0
11/04/2009,16:00,31.12,31.26,30.76,30.85,3739600.0
11/05/2009,16:00,31.04,31.21,30.79,31.13,2481300.0
11/06/2009,16:00,30.92,31.39,30.84,31.12,2405600.0
11/09/2009,16:00,31.33,31.56,30.88,31.51,3026600.0
11/10/2009,16:00,31.40,31.88,31.19,31.66,2954900.0
11/11/2009,16:00,31.71,31.86,31.37,31.75,2402900.0
11/12/2009,16:00,31.52,31.74,30.72,31.08,4339400.0
11/13/2009,16:00,31.06,31.35,30.50,30.58,4632200.0
11/16/2009,16:00,30.71,31.16,30.68,30.83,3354900.0
11/17/2009,16:00,30.75,31.05,30.75,31.01,2311900.0
11/18/2009,16:00,31.06,31.55,31.01,31.36,2716700.0
11/19/2009,16:00,31.26,31.26,30.58,30.86,3032700.0
11/20/2009,16:00,30.75,31.01,30.64,30.70,3613800.0
11/23/2009,16:00,30.70,31.41,30.70,31.32,3641800.0
11/24/2009,16:00,31.40,32.96,31.32,32.58,8144400.0
11/25/2009,16:00,32.34,33.08,32.21,32.91,3459600.0
11/27/2009,16:00,32.36,32.75,32.16,32.57,1546200.0
11/30/2009,16:00,32.73,33.09,32.15,32.84,5292200.0
12/01/2009,16:00,33.04,33.30,32.86,33.18,3392600.0
12/02/2009,16:00,33.11,33.43,32.92,33.06,3130600.0
12/03/2009,16:00,32.94,33.28,32.92,32.97,2146700.0
12/04/2009,16:00,33.17,33.38,32.65,32.92,3264900.0
12/07/2009,16:00,32.73,33.26,32.71,33.09,2180500.0
12/08/2009,16:00,32.86,33.11,32.61,32.93,2878400.0
12/09/2009,16:00,32.79,32.87,32.47,32.78,3345000.0
12/10/2009,16:00,33.00,34.33,32.87,33.90,6114800.0
12/11/2009,16:00,34.00,34.57,33.67,34.29,3963600.0
12/14/2009,16:00,34.38,34.73,34.24,34.52,3798000.0
12/15/2009,16:00,34.37,34.51,34.06,34.19,2315900.0
12/16/2009,16:00,34.31,34.66,33.98,34.00,2861700.0
12/17/2009,16:00,33.88,34.02,32.65,32.89,5287500.0
12/18/2009,16:00,32.91,33.06,32.47,32.92,6080900.0
12/21/2009,16:00,32.82,33.62,32.82,33.25,2529300.0
12/22/2009,16:00,33.19,33.52,32.71,33.09,3597900.0
12/23/2009,16:00,33.17,33.39,32.87,33.20,1850500.0
12/24/2009,16:00,33.12,33.26,32.79,32.97,1022700.0
12/28/2009,16:00,32.97,33.24,32.85,32.89,1671100.0
12/29/2009,16:00,32.83,33.07,32.83,32.96,1727600.0
12/30/2009,16:00,32.95,33.13,32.65,33.13,1651500.0
12/31/2009,16:00,33.17,33.19,32.85,32.90,1448200.0
01/04/2010,16:00,33.15,33.49,33.00,33.13,2655300.0
01/05/2010,16:00,32.98,33.63,32.98,33.63,2376200.0
01/06/2010,16:00,33.55,34.25,33.46,34.24,3115900.0
01/07/2010,16:00,34.14,34.94,33.99,34.86,3100300.0
01/08/2010,16:00,34.82,35.46,34.63,35.23,3317600.0
01/11/2010,16:00,35.19,35.69,34.07,34.16,8949100.0
01/12/2010,16:00,34.07,34.66,33.81,34.11,4433600.0
01/13/2010,16:00,34.33,34.65,34.21,34.58,2075500.0
01/14/2010,16:00,34.49,34.82,34.37,34.66,1522200.0
01/15/2010,16:00,34.78,34.78,33.89,34.34,3141000.0
01/19/2010,16:00,34.40,34.84,34.40,34.81,2082000.0
01/20/2010,16:00,34.81,35.25,34.23,34.40,4238100.0
01/21/2010,16:00,34.33,34.54,33.81,34.21,4650100.0
01/22/2010,16:00,34.15,34.53,33.87,34.02,3964100.0
01/25/2010,16:00,33.35,34.08,33.35,33.98,3865300.0
01/26/2010,16:00,33.31,34.01,33.31,33.81,4089500.0
01/27/2010,16:00,33.72,34.13,32.93,33.92,4719800.0
01/28/2010,16:00,34.60,34.92,33.76,34.47,5353100.0
01/29/2010,16:00,34.53,34.53,33.73,33.75,3321000.0
02/01/2010,16:00,34.12,34.18,33.75,34.01,2475900.0
02/02/2010,16:00,34.18,34.62,33.92,34.57,2274800.0
02/03/2010,16:00,34.41,34.54,34.21,34.40,1598700.0
02/04/2010,16:00,33.72,34.45,33.63,33.64,3984500.0
02/05/2010,16:00,33.70,33.94,33.13,33.66,4478800.0
02/08/2010,16:00,33.10,33.67,32.87,33.46,3743500.0
02/09/2010,16:00,33.60,33.92,33.27,33.72,2515300.0
02/10/2010,16:00,33.76,33.90,33.19,33.54,2536000.0
02/11/2010,16:00,33.56,33.76,33.18,33.43,2684800.0
02/12/2010,16:00,33.21,33.47,32.86,33.40,2877500.0
02/16/2010,16:00,33.62,34.28,33.38,34.20,4953500.0
02/17/2010,16:00,34.32,34.89,34.25,34.74,2857100.0
02/18/2010,16:00,34.74,35.08,34.70,35.00,2651000.0
02/19/2010,16:00,34.94,35.01,34.45,34.93,2248800.0
02/22/2010,16:00,34.91,35.22,34.87,35.05,2152700.0
02/23/2010,16:00,34.94,34.94,34.13,34.41,3353200.0
02/24/2010,16:00,34.45,34.65,34.32,34.58,2454400.0
02/25/2010,16:00,34.42,34.42,33.87,34.32,2244100.0
02/26/2010,16:00,34.25,34.53,34.11,34.19,2467400.0
03/01/2010,16:00,34.15,34.80,34.10,34.74,1873000.0
03/02/2010,16:00,34.82,35.21,34.80,35.11,2215400.0
03/03/2010,16:00,35.25,35.28,34.77,34.87,1925200.0
03/04/2010,16:00,34.87,34.93,34.35,34.55,2186100.0
03/05/2010,16:00,34.57,34.97,34.57,34.97,1863400.0
03/08/2010,16:00,34.87,35.04,34.71,34.80,1165800.0
03/09/2010,16:00,34.57,34.62,34.29,34.38,2536500.0
03/10/2010,16:00,34.42,34.42,33.75,34.05,4552000.0
03/11/2010,16:00,33.96,33.98,33.13,33.76,3824400.0
03/12/2010,16:00,33.85,34.03,33.38,33.55,2885400.0
03/15/2010,16:00,36.01,36.49,35.37,36.28,14454600.0
03/16/2010,16:00,35.96,36.22,35.59,36.11,6558800.0
03/17/2010,16:00,36.19,36.19,35.46,35.72,4977700.0
03/18/2010,16:00,35.56,35.91,35.51,35.78,3290500.0
03/19/2010,16:00,35.97,35.97,34.79,35.25,6952300.0
03/22/2010,16:00,35.62,36.14,35.58,35.65,3648100.0
03/23/2010,16:00,35.75,36.07,35.53,35.95,3363700.0
03/24/2010,16:00,35.96,36.40,35.82,36.18,4335400.0
03/25/2010,16:00,36.44,37.36,36.31,36.91,6593600.0
03/26/2010,16:00,36.89,36.89,36.44,36.61,2605600.0
03/29/2010,16:00,36.74,36.89,36.43,36.53,2167100.0
03/30/2010,16:00,36.67,36.82,36.35,36.68,1617100.0
03/31/2010,16:00,36.66,36.93,36.44,36.72,2367700.0
04/01/2010,16:00,36.97,37.17,36.91,37.12,1721300.0
04/05/2010,16:00,37.18,37.42,36.94,37.13,1844200.0
04/06/2010,16:00,36.99,37.21,36.77,36.87,1735900.0
04/07/2010,16:00,36.68,36.73,36.33,36.51,3031400.0
04/08/2010,16:00,36.53,36.62,36.24,36.49,2181000.0
04/09/2010,16:00,36.46,37.01,36.31,36.89,1729400.0
04/12/2010,16:00,37.54,38.35,37.54,37.98,5016000.0
04/13/2010,16:00,37.86,37.93,37.48,37.85,2845700.0
04/14/2010,16:00,37.78,37.93,37.62,37.79,2174700.0
04/15/2010,16:00,37.70,37.83,37.38,37.52,2602800.0
04/16/2010,16:00,36.68,37.44,36.45,36.57,6744600.0
04/19/2010,16:00,36.56,36.81,36.49,36.59,3455900.0
04/20/2010,16:00,36.72,36.88,36.57,36.68,4369000.0
04/21/2010,16:00,37.57,37.73,36.97,37.35,6645100.0
04/22/2010,16:00,37.16,38.02,36.91,37.28,4692100.0
04/23/2010,16:00,37.21,37.35,36.28,36.59,5163300.0
04/26/2010,16:00,36.64,36.71,35.93,35.95,2397400.0
04/27/2010,16:00,35.78,36.44,35.76,36.16,4384400.0
04/28/2010,16:00,36.17,36.50,35.85,36.31,2695200.0
04/29/2010,16:00,36.38,36.80,36.29,36.35,2362200.0
04/30/2010,16:00,36.42,36.68,36.12,36.52,2456900.0
05/03/2010,16:00,36.44,36.53,35.93,36.44,1932800.0
05/04/2010,16:00,36.08,36.16,35.51,35.73,1743300.0
05/05/2010,16:00,35.61,35.61,34.40,34.57,6574000.0
05/06/2010,16:00,34.57,34.89,30.41,33.77,6658700.0
05/07/2010,16:00,33.88,33.88,32.56,33.23,7075600.0
05/10/2010,16:00,34.33,34.59,33.97,34.21,2923800.0
05/11/2010,16:00,34.86,34.89,34.26,34.35,3041900.0
05/12/2010,16:00,34.32,35.09,34.18,35.06,3092600.0
05/13/2010,16:00,36.41,36.41,35.07,35.17,2726200.0
05/14/2010,16:00,35.10,35.17,34.38,34.52,2570600.0
05/17/2010,16:00,34.66,34.92,34.12,34.60,2330700.0
05/18/2010,16:00,34.78,35.01,34.32,34.40,2067200.0
05/19/2010,16:00,34.25,34.50,34.02,34.35,2394800.0
05/20/2010,16:00,33.64,33.97,33.38,33.46,3180300.0
05/21/2010,16:00,33.08,33.77,32.81,33.26,5157200.0
05/24/2010,16:00,33.04,33.72,33.04,33.22,2612300.0
05/25/2010,16:00,32.67,33.15,32.49,33.14,3385500.0
05/26/2010,16:00,33.20,33.50,32.87,32.96,2593500.0
05/27/2010,16:00,33.34,33.79,33.23,33.76,2238400.0
05/28/2010,16:00,33.68,33.72,33.29,33.40,1719100.0
06/01/2010,16:00,33.21,33.45,32.56,32.61,2762700.0
06/02/2010,16:00,32.71,33.49,32.52,33.49,2432200.0
06/03/2010,16:00,33.50,34.13,33.44,33.98,2346200.0
06/04/2010,16:00,33.46,33.57,32.56,32.70,3561000.0
06/07/2010,16:00,32.77,32.77,32.42,32.42,2966100.0
06/08/2010,16:00,32.28,32.68,32.27,32.64,2946300.0
06/09/2010,16:00,33.08,33.08,32.19,32.27,3277700.0
06/10/2010,16:00,32.62,32.89,32.41,32.70,4330800.0
06/11/2010,16:00,32.29,32.99,31.90,32.99,1952800.0
06/14/2010,16:00,33.10,33.47,33.02,33.02,1521000.0
06/15/2010,16:00,33.32,33.69,33.13,33.69,1393500.0
06/16/2010,16:00,33.30,33.81,33.30,33.79,1203200.0
06/17/2010,16:00,33.98,33.98,33.62,33.81,1523500.0
06/18/2010,16:00,33.85,33.98,33.45,33.45,3044900.0
06/21/2010,16:00,33.71,34.09,33.46,33.53,1904800.0
06/22/2010,16:00,33.60,33.65,32.87,32.90,2623500.0
06/23/2010,16:00,32.88,32.88,32.33,32.55,2645800.0
06/24/2010,16:00,32.34,33.10,32.19,32.79,3520000.0
06/25/2010,16:00,32.90,33.24,32.81,33.15,3045500.0
06/28/2010,16:00,33.19,33.78,33.15,33.55,2954800.0
06/29/2010,16:00,33.24,33.24,32.55,32.70,2999000.0
06/30/2010,16:00,32.58,32.76,32.25,32.28,2798600.0
07/01/2010,16:00,32.22,32.22,30.87,31.56,5520800.0
07/02/2010,16:00,31.64,32.00,31.57,31.74,1731100.0
07/06/2010,16:00,31.89,32.15,31.52,31.84,1879800.0
07/07/2010,16:00,31.78,32.61,31.71,32.56,4302200.0
07/08/2010,16:00,32.66,32.94,32.41,32.61,2765600.0
07/09/2010,16:00,32.72,32.97,32.65,32.83,2020700.0
07/12/2010,16:00,32.76,32.88,32.60,32.79,1520600.0
07/13/2010,16:00,32.91,33.32,32.87,33.25,2945000.0
07/14/2010,16:00,33.10,33.31,32.93,33.09,2428800.0
07/15/2010,16:00,32.96,33.23,32.53,32.88,2867800.0
07/16/2010,16:00,32.69,32.91,31.85,31.92,3222700.0
07/19/2010,16:00,31.97,32.17,31.77,31.99,2118400.0
07/20/2010,16:00,31.73,31.91,31.29,31.88,2958000.0
07/21/2010,16:00,31.96,31.96,30.64,30.97,5495800.0
07/22/2010,16:00,32.68,33.54,31.58,31.66,6551600.0
07/23/2010,16:00,31.69,33.07,31.69,32.93,5747800.0
07/26/2010,16:00,32.90,33.49,32.84,33.29,3299900.0
07/27/2010,16:00,33.44,33.55,32.98,33.55,3343800.0
07/28/2010,16:00,33.47,33.51,32.68,32.69,2525200.0
07/29/2010,16:00,32.88,33.07,32.19,32.52,3433100.0
07/30/2010,16:00,32.16,33.08,31.85,32.89,2216900.0
08/02/2010,16:00,33.26,33.56,33.21,33.30,2305600.0
08/03/2010,16:00,33.21,33.89,33.21,33.72,3290500.0
08/04/2010,16:00,33.70,34.23,33.67,34.17,1807700.0
08/05/2010,16:00,34.15,34.28,33.78,34.27,1998900.0
08/06/2010,16:00,34.02,34.48,33.81,34.45,1968500.0
08/09/2010,16:00,34.43,34.49,33.87,34.47,2071800.0
08/10/2010,16:00,34.19,34.61,33.89,34.40,1886600.0
08/11/2010,16:00,34.02,34.04,33.26,33.35,1791600.0
08/12/2010,16:00,33.14,33.56,32.92,33.49,1471700.0
08/13/2010,16:00,33.37,33.56,33.29,33.30,1183800.0
08/16/2010,16:00,33.15,33.23,32.92,33.01,1405100.0
08/17/2010,16:00,33.22,33.81,33.13,33.60,1196400.0
08/18/2010,16:00,33.53,34.08,33.49,33.83,950200.0
08/19/2010,16:00,33.58,33.75,32.81,33.25,1854100.0
08/20/2010,16:00,32.99,33.10,32.32,32.72,2031600.0
08/23/2010,16:00,32.84,33.13,32.67,32.81,1297800.0
08/24/2010,16:00,31.54,32.12,31.03,31.68,5783600.0
08/25/2010,16:00,31.37,31.60,30.90,31.51,3881300.0
08/26/2010,16:00,31.53,31.85,31.22,31.38,2046000.0
08/27/2010,16:00,31.43,31.79,31.16,31.73,1475300.0
08/30/2010,16:00,31.69,31.73,31.11,31.11,1884000.0
08/31/2010,16:00,30.99,31.25,30.79,30.92,1647400.0
09/01/2010,16:00,31.28,31.89,31.28,31.75,1973300.0
09/02/2010,16:00,31.74,31.82,31.38,31.67,2202600.0
09/03/2010,16:00,31.93,32.13,31.42,32.13,2699500.0
09/07/2010,16:00,31.89,32.17,31.43,31.94,2571500.0
09/08/2010,16:00,31.94,32.01,31.58,31.70,1419800.0
09/09/2010,16:00,32.08,32.12,31.71,31.80,1804200.0
09/10/2010,16:00,31.87,32.20,31.73,32.17,1284300.0
09/13/2010,16:00,32.55,32.70,32.13,32.19,1828000.0
09/14/2010,16:00,32.08,32.34,32.00,32.28,1528000.0
09/15/2010,16:00,32.28,33.10,32.14,33.10,2281500.0
09/16/2010,16:00,32.99,33.26,32.85,32.90,2838900.0
09/17/2010,16:00,33.03,33.37,32.94,33.14,1904700.0
09/20/2010,16:00,33.25,33.56,33.07,33.53,1422000.0
09/21/2010,16:00,33.50,33.61,33.19,33.47,2226100.0
09/22/2010,16:00,33.45,33.61,33.23,33.46,1902900.0
09/23/2010,16:00,33.15,33.49,33.08,33.18,1363800.0
09/24/2010,16:00,33.44,34.07,33.38,34.07,1922000.0
09/27/2010,16:00,34.22,34.26,33.80,33.81,1779600.0
09/28/2010,16:00,33.81,34.14,33.58,34.08,1351100.0
09/29/2010,16:00,34.13,35.22,34.01,35.12,3971000.0
09/30/2010,16:00,34.85,35.35,34.84,35.19,2544000.0
10/01/2010,16:00,35.46,35.46,34.95,35.32,2219600.0
10/04/2010,16:00,35.19,35.36,34.82,34.99,1356600.0
10/05/2010,16:00,35.32,35.76,35.22,35.60,2062800.0
10/06/2010,16:00,35.57,35.68,35.47,35.65,1806800.0
10/07/2010,16:00,35.66,35.71,35.20,35.44,1876100.0
10/08/2010,16:00,35.42,35.59,35.26,35.57,1375200.0
10/11/2010,16:00,35.53,35.69,35.38,35.42,3284800.0
10/12/2010,16:00,35.29,35.44,35.13,35.28,2600600.0
10/13/2010,16:00,35.48,35.56,34.97,35.32,3523000.0
10/14/2010,16:00,35.31,35.55,35.25,35.53,2757000.0
10/15/2010,16:00,35.68,35.73,35.42,35.69,2680000.0
10/18/2010,16:00,35.47,36.37,35.34,36.35,5085600.0
10/19/2010,16:00,35.98,36.00,35.34,35.57,3653000.0
10/20/2010,16:00,35.65,35.75,34.04,34.48,8673600.0
10/21/2010,16:00,34.49,35.20,34.49,34.82,4103900.0
10/22/2010,16:00,34.98,35.21,34.67,34.74,3631800.0
10/25/2010,16:00,34.96,35.16,34.19,34.25,3329600.0
10/26/2010,16:00,34.23,34.75,34.11,34.60,2491500.0
10/27/2010,16:00,34.22,34.67,34.07,34.42,1763700.0
10/28/2010,16:00,34.57,34.87,34.40,34.51,1437500.0
10/29/2010,16:00,34.41,34.45,34.05,34.26,3195700.0
11/01/2010,16:00,34.29,34.32,33.50,33.72,2715000.0
11/02/2010,16:00,33.98,34.22,33.72,33.94,3434600.0
11/03/2010,16:00,33.99,34.15,33.44,33.71,3192200.0
11/04/2010,16:00,33.96,34.29,33.67,34.14,5907000.0
11/05/2010,16:00,34.21,34.79,34.13,34.61,3030000.0
11/08/2010,16:00,34.43,34.81,34.20,34.74,2521100.0
11/09/2010,16:00,34.74,35.22,34.66,35.06,3346900.0
11/10/2010,16:00,34.88,35.11,34.28,34.80,2595800.0
11/11/2010,16:00,34.69,35.17,34.50,35.06,2946500.0
11/12/2010,16:00,34.84,34.88,34.48,34.58,1911000.0
11/15/2010,16:00,34.62,35.04,34.40,34.73,2533700.0
11/16/2010,16:00,34.23,34.53,34.23,34.49,3192100.0
11/17/2010,16:00,34.23,34.62,34.23,34.46,2282200.0
11/18/2010,16:00,34.53,35.38,34.26,35.17,4936300.0
11/19/2010,16:00,35.17,35.59,35.11,35.38,5166900.0
11/22/2010,16:00,35.30,35.42,34.75,35.34,2418600.0
11/23/2010,16:00,34.97,35.04,34.67,34.84,2760600.0
11/24/2010,16:00,35.00,35.53,34.99,35.47,2266700.0
11/26/2010,16:00,35.19,35.42,34.95,34.99,1291700.0
11/29/2010,16:00,34.77,35.03,34.44,34.89,2885700.0
11/30/2010,16:00,34.49,34.69,33.81,34.61,6774700.0
12/01/2010,16:00,34.94,35.60,34.81,35.56,5246900.0
12/02/2010,16:00,35.35,36.20,35.35,35.86,4177500.0
12/03/2010,16:00,35.74,36.20,35.68,36.20,2543300.0
12/06/2010,16:00,36.00,36.39,35.91,36.27,2053600.0
12/07/2010,16:00,36.38,36.47,35.95,36.00,4094800.0
12/08/2010,16:00,36.07,36.18,35.83,36.10,2579000.0
12/09/2010,16:00,36.02,36.28,35.96,36.25,2366200.0
12/10/2010,16:00,36.27,36.63,36.21,36.54,2824100.0
12/13/2010,16:00,36.60,36.69,36.32,36.54,2139800.0
12/14/2010,16:00,36.63,37.61,36.61,37.26,4183400.0
12/15/2010,16:00,37.00,37.52,36.95,37.31,3708400.0
12/16/2010,16:00,37.15,37.62,37.09,37.62,2037400.0
12/17/2010,16:00,37.47,38.07,37.39,38.07,3810100.0
12/20/2010,16:00,38.07,38.35,37.92,37.94,2732300.0
12/21/2010,16:00,38.00,38.02,37.75,37.90,1816700.0
12/22/2010,16:00,37.97,38.14,37.83,38.02,1988800.0
12/23/2010,16:00,37.89,38.11,37.86,37.99,1803400.0
12/27/2010,16:00,37.79,38.43,37.78,38.27,1194200.0
12/28/2010,16:00,38.24,38.38,37.98,38.29,2464400.0
12/29/2010,16:00,38.38,38.41,38.09,38.28,1171300.0
12/30/2010,16:00,38.17,38.42,38.05,38.33,1074300.0
12/31/2010,16:00,38.24,38.45,38.15,38.24,1681400.0
01/03/2011,16:00,37.89,38.16,37.64,37.82,4643600.0
01/04/2011,16:00,37.79,37.79,36.48,36.83,8265100.0
01/05/2011,16:00,36.23,36.82,36.11,36.35,6496800.0
01/06/2011,16:00,36.25,36.68,36.12,36.33,2893400.0
01/07/2011,16:00,36.31,36.66,36.19,36.27,3400800.0
01/10/2011,16:00,36.16,36.41,35.91,36.27,2978500.0
01/11/2011,16:00,36.46,36.90,36.39,36.63,3676800.0
01/12/2011,16:00,37.87,38.11,37.24,37.33,5643500.0
01/13/2011,16:00,37.25,37.49,37.08,37.21,2657400.0
01/14/2011,16:00,37.18,37.34,37.04,37.10,2818400.0
01/18/2011,16:00,37.24,37.57,37.15,37.51,3026600.0
01/19/2011,16:00,37.54,37.80,37.43,37.62,2753200.0
01/20/2011,16:00,37.62,37.80,37.44,37.75,2502800.0
01/21/2011,16:00,38.06,38.42,37.81,38.07,3598800.0
01/24/2011,16:00,37.22,37.92,37.01,37.72,4226800.0
01/25/2011,16:00,37.69,38.15,37.68,38.13,4955400.0
01/26/2011,16:00,38.35,38.47,36.88,37.71,6501500.0
01/27/2011,16:00,37.73,37.84,37.29,37.39,3643200.0
01/28/2011,16:00,37.50,37.56,36.57,36.68,3864600.0
01/31/2011,16:00,36.99,37.04,36.18,36.23,3996100.0
02/01/2011,16:00,36.47,36.75,36.14,36.56,4452200.0
02/02/2011,16:00,36.43,37.04,36.37,36.91,4317000.0
02/03/2011,16:00,36.82,37.79,36.74,37.55,4478700.0
02/04/2011,16:00,37.58,37.73,37.41,37.54,4927200.0
02/07/2011,16:00,38.14,39.43,38.12,39.36,6073500.0
02/08/2011,16:00,39.42,40.21,39.18,39.50,6871700.0
02/09/2011,16:00,39.40,40.27,39.36,40.01,5449700.0
02/10/2011,16:00,39.87,41.24,39.73,41.24,6820000.0
02/11/2011,16:00,41.04,42.39,40.97,42.13,7283800.0
02/14/2011,16:00,42.01,42.44,41.76,42.40,2711600.0
02/15/2011,16:00,42.13,42.84,41.88,42.37,3352200.0
02/16/2011,16:00,42.44,42.44,41.84,42.03,4056000.0
02/17/2011,16:00,40.86,42.65,40.66,42.57,2459000.0
02/18/2011,16:00,42.94,43.40,42.47,43.40,3806400.0
02/22/2011,16:00,42.27,43.09,42.01,42.60,3018800.0
02/23/2011,16:00,42.50,42.50,41.56,41.83,3667700.0
02/24/2011,16:00,41.92,42.58,41.54,42.05,3021700.0
02/25/2011,16:00,42.30,43.19,42.04,42.95,2137500.0
02/28/2011,16:00,42.84,43.24,42.55,42.83,3139600.0
03/01/2011,16:00,43.10,43.21,42.87,42.97,2438900.0
03/02/2011,16:00,42.78,43.27,42.72,43.27,2125900.0
03/03/2011,16:00,43.45,44.52,43.43,44.17,3241700.0
03/04/2011,16:00,44.06,44.44,43.75,44.18,2461500.0
03/07/2011,16:00,44.38,44.60,43.80,44.11,2925300.0
03/08/2011,16:00,44.26,45.00,44.06,44.95,2729800.0
03/09/2011,16:00,44.78,45.05,44.17,44.23,2872500.0
03/10/2011,16:00,43.97,44.00,43.11,43.19,3187700.0
03/11/2011,16:00,43.41,43.91,42.85,43.64,2323000.0
03/14/2011,16:00,43.42,43.63,42.94,43.28,1760400.0
03/15/2011,16:00,42.53,43.15,42.18,42.95,2919900.0
03/16/2011,16:00,42.80,42.98,41.80,42.03,3542600.0
03/17/2011,16:00,42.77,42.81,42.03,42.08,2067000.0
03/18/2011,16:00,42.44,43.30,42.44,43.02,4271500.0
03/21/2011,16:00,43.11,43.63,42.97,43.33,2016200.0
03/22/2011,16:00,44.44,46.46,43.84,45.99,11642600.0
03/23/2011,16:00,45.34,45.88,45.34,45.61,4701900.0
03/24/2011,16:00,46.00,46.07,44.41,46.00,6284200.0
03/25/2011,16:00,45.90,46.07,45.36,45.43,3019400.0
03/28/2011,16:00,45.60,46.12,45.48,46.03,2729200.0
03/29/2011,16:00,45.99,46.49,45.76,46.30,2781100.0
03/30/2011,16:00,46.51,46.65,46.08,46.45,2070000.0
03/31/2011,16:00,46.37,46.96,45.96,46.04,3521000.0
04/01/2011,16:00,46.47,47.65,46.32,46.88,4570900.0
04/04/2011,16:00,47.16,47.20,46.67,47.17,2497300.0
04/05/2011,16:00,47.16,47.40,46.85,47.23,2243200.0
04/06/2011,16:00,47.43,48.44,47.38,47.59,4962600.0
04/07/2011,16:00,47.53,47.83,47.11,47.47,3081600.0
04/08/2011,16:00,47.48,47.85,46.81,46.94,3951400.0
04/11/2011,16:00,47.06,47.61,46.94,47.19,3275700.0
04/12/2011,16:00,47.00,47.19,46.67,46.82,2428100.0
04/13/2011,16:00,47.05,47.24,46.62,46.81,2111200.0
04/14/2011,16:00,46.57,47.03,46.10,46.89,3066700.0
04/15/2011,16:00,46.93,47.71,46.86,47.57,3489300.0
04/18/2011,16:00,46.74,47.30,45.96,46.21,3304500.0
04/19/2011,16:00,46.19,46.21,45.57,45.81,3626600.0
04/20/2011,16:00,46.86,47.97,46.44,47.71,5900400.0
04/21/2011,16:00,47.91,47.91,46.92,47.26,3156700.0
04/25/2011,16:00,46.38,46.74,46.21,46.45,2133800.0
04/26/2011,16:00,46.46,46.92,46.34,46.77,2400000.0
04/27/2011,16:00,46.92,48.05,46.80,47.91,3590100.0
04/28/2011,16:00,47.74,48.19,47.51,48.15,2209900.0
04/29/2011,16:00,48.09,48.23,47.71,48.00,1488300.0
05/02/2011,16:00,48.26,48.67,48.15,48.54,2157300.0
05/03/2011,16:00,48.36,48.57,48.06,48.10,2649400.0
05/04/2011,16:00,48.01,48.01,47.00,47.02,3205400.0
05/05/2011,16:00,46.91,47.39,46.66,46.99,2135900.0
05/06/2011,16:00,47.44,47.44,46.71,47.03,2567000.0
05/09/2011,16:00,46.91,47.15,46.75,47.08,1761200.0
05/10/2011,16:00,47.08,47.87,46.99,47.61,1788400.0
05/11/2011,16:00,48.05,48.45,46.87,47.11,2120900.0
05/12/2011,16:00,46.80,47.13,46.32,46.86,2732400.0
05/13/2011,16:00,46.96,47.08,45.97,46.68,2287500.0
05/16/2011,16:00,46.66,46.93,46.39,46.42,1589400.0
05/17/2011,16:00,46.18,46.66,45.85,46.44,2351200.0
05/18/2011,16:00,46.55,47.45,46.41,47.16,2653200.0
05/19/2011,16:00,47.26,47.46,46.45,46.64,2699500.0
05/20/2011,16:00,46.51,46.61,45.35,45.65,2847400.0
05/23/2011,16:00,45.07,45.09,44.08,44.28,4640000.0
05/24/2011,16:00,44.08,44.64,43.96,44.38,5850500.0
05/25/2011,16:00,43.99,44.65,43.47,44.39,4607700.0
05/26/2011,16:00,44.24,45.32,44.24,45.08,2803800.0
05/27/2011,16:00,45.32,45.51,44.99,45.41,2363800.0
05/31/2011,16:00,45.66,45.76,45.31,45.51,2794400.0
06/01/2011,16:00,45.30,45.57,44.62,44.71,3264100.0
06/02/2011,16:00,44.77,44.78,43.69,43.97,2923300.0
06/03/2011,16:00,43.47,43.65,43.16,43.18,3003500.0
06/06/2011,16:00,43.17,43.24,42.86,43.15,2771800.0
06/07/2011,16:00,43.49,44.28,43.27,43.83,3450900.0
06/08/2011,16:00,43.66,43.89,43.28,43.75,2251600.0
06/09/2011,16:00,43.74,44.70,43.65,44.50,2493000.0
06/10/2011,16:00,44.24,44.45,43.43,43.87,4053500.0
06/13/2011,16:00,43.87,44.21,43.67,43.96,2238900.0
06/14/2011,16:00,44.30,44.45,43.74,44.13,2986300.0
06/15/2011,16:00,43.83,44.11,42.87,42.88,3519800.0
06/16/2011,16:00,42.99,43.20,42.70,43.10,3140800.0
06/17/2011,16:00,43.60,43.94,42.91,43.29,3561100.0
06/20/2011,16:00,43.22,44.36,43.21,44.28,2407900.0
06/21/2011,16:00,44.51,44.82,44.44,44.57,2049800.0
06/22/2011,16:00,44.38,44.58,43.66,43.72,1569900.0
06/23/2011,16:00,41.77,42.61,41.50,42.58,5506900.0
06/24/2011,16:00,42.57,42.64,41.53,41.59,5147300.0
06/27/2011,16:00,41.62,41.81,41.33,41.63,3971500.0
06/28/2011,16:00,41.88,42.54,41.74,42.28,3156600.0
06/29/2011,16:00,42.44,43.03,42.24,42.96,3295700.0
06/30/2011,16:00,43.00,43.25,42.75,43.02,2376100.0
07/01/2011,16:00,43.23,43.86,43.00,43.83,2143100.0
07/05/2011,16:00,43.67,43.73,42.92,43.07,1889600.0
07/06/2011,16:00,42.93,43.44,42.88,43.21,2662000.0
07/07/2011,16:00,43.63,43.71,43.05,43.15,2626000.0
07/08/2011,16:00,42.74,42.88,42.50,42.85,2481400.0
07/11/2011,16:00,42.32,42.41,41.74,41.85,2068400.0
07/12/2011,16:00,41.60,42.23,41.48,41.89,3510000.0
07/13/2011,16:00,42.05,42.45,41.22,41.40,4862400.0
07/14/2011,16:00,41.27,41.79,41.03,41.10,3914400.0
07/15/2011,16:00,41.24,41.67,41.19,41.43,3556100.0
07/18/2011,16:00,42.40,42.49,41.73,41.86,4789400.0
07/19/2011,16:00,42.02,42.32,41.84,42.24,3217500.0
07/20/2011,16:00,41.05,43.45,40.98,43.14,6627400.0
07/21/2011,16:00,44.72,44.92,43.91,44.70,6528100.0
07/22/2011,16:00,44.61,44.63,43.80,44.59,4269200.0
07/25/2011,16:00,43.85,44.16,43.68,43.78,2534600.0
07/26/2011,16:00,43.57,43.77,42.87,43.04,2840900.0
07/27/2011,16:00,42.71,42.98,42.35,42.43,3119600.0
07/28/2011,16:00,42.50,42.70,41.96,42.05,1818100.0
07/29/2011,16:00,41.57,42.41,41.40,41.95,2464600.0
08/01/2011,16:00,42.39,42.39,40.45,40.75,3383800.0
08/02/2011,16:00,40.00,40.68,39.50,39.53,3405500.0
08/03/2011,16:00,39.92,40.53,39.52,40.34,4818300.0
08/04/2011,16:00,39.81,40.48,39.48,39.53,6366500.0
08/05/2011,16:00,40.01,40.38,38.52,39.64,4979200.0
08/08/2011,16:00,38.53,39.29,37.08,37.10,6841700.0
08/09/2011,16:00,37.57,38.72,36.52,38.67,5927300.0
08/10/2011,16:00,37.88,38.14,36.50,36.62,6014800.0
08/11/2011,16:00,36.13,38.68,36.13,38.25,4652700.0
08/12/2011,16:00,38.51,38.86,38.00,38.54,3271100.0
08/15/2011,16:00,38.74,39.33,38.46,39.16,2137900.0
08/16/2011,16:00,38.72,39.63,38.60,38.92,3383300.0
08/17/2011,16:00,39.00,39.74,38.75,39.00,2820600.0
08/18/2011,16:00,38.16,38.28,36.60,36.93,3848100.0
08/19/2011,16:00,36.52,37.72,36.52,37.11,3953900.0
08/22/2011,16:00,37.90,37.91,36.96,37.12,3118200.0
08/23/2011,16:00,37.18,39.25,37.12,39.25,3430100.0
08/24/2011,16:00,39.03,39.79,38.80,39.72,2795300.0
08/25/2011,16:00,39.89,40.15,39.08,39.31,3093600.0
08/26/2011,16:00,38.98,40.68,38.46,40.60,3471900.0
08/29/2011,16:00,41.03,41.41,40.86,41.16,2233800.0
08/30/2011,16:00,40.88,41.24,40.57,40.96,2299600.0
08/31/2011,16:00,41.34,41.58,40.73,41.09,3073800.0
09/01/2011,16:00,41.15,41.74,40.66,40.68,2706700.0
09/02/2011,16:00,39.90,40.36,39.55,39.61,1979500.0
09/06/2011,16:00,38.98,39.71,38.14,39.61,1993800.0
09/07/2011,16:00,40.14,40.76,39.93,40.57,2424700.0
09/08/2011,16:00,40.23,40.94,39.92,40.01,2130700.0
09/09/2011,16:00,39.49,39.53,38.35,38.49,3288800.0
09/12/2011,16:00,37.98,38.68,37.77,38.65,2162900.0
09/13/2011,16:00,38.69,39.00,38.18,38.87,2761700.0
09/14/2011,16:00,39.10,39.79,38.34,39.34,2381100.0
09/15/2011,16:00,39.78,39.83,38.84,39.27,3028200.0
09/16/2011,16:00,39.44,39.65,38.89,39.31,3143300.0
09/19/2011,16:00,38.52,38.63,37.85,38.26,2454800.0
09/20/2011,16:00,38.49,39.79,38.24,38.95,2830400.0
09/21/2011,16:00,38.65,39.16,37.09,37.10,3408400.0
09/22/2011,16:00,36.05,36.36,34.28,34.72,6325400.0
09/23/2011,16:00,34.61,35.03,33.74,34.19,7030900.0
09/26/2011,16:00,34.22,34.66,33.50,34.64,3997400.0
09/27/2011,16:00,35.50,35.78,35.01,35.16,4515800.0
09/28/2011,16:00,35.25,35.33,33.57,33.63,4894000.0
09/29/2011,16:00,34.32,34.68,33.00,33.49,3996400.0
09/30/2011,16:00,33.04,33.49,32.14,32.84,4144600.0
10/03/2011,16:00,32.56,32.91,30.75,30.85,6705500.0
10/04/2011,16:00,30.44,31.91,30.43,31.90,6300000.0
10/05/2011,16:00,32.03,33.81,31.75,33.70,6584400.0
10/06/2011,16:00,33.46,34.46,33.04,34.06,5134800.0
10/07/2011,16:00,34.22,34.22,33.22,33.44,3719300.0
10/10/2011,16:00,34.57,34.86,33.95,34.37,2663500.0
10/11/2011,16:00,34.02,34.52,33.91,34.38,2387200.0
10/12/2011,16:00,34.55,35.12,34.24,34.51,2815700.0
10/13/2011,16:00,34.20,34.79,33.86,34.73,2602700.0
10/14/2011,16:00,35.25,35.54,34.70,34.91,2437000.0
10/17/2011,16:00,34.81,34.92,33.84,33.93,2488800.0
10/18/2011,16:00,33.83,34.20,33.34,33.88,4031100.0
10/19/2011,16:00,35.19,36.46,34.51,35.34,7758200.0
10/20/2011,16:00,35.13,35.54,34.40,35.34,4691800.0
10/21/2011,16:00,35.60,36.32,35.54,36.32,3326600.0
10/24/2011,16:00,36.37,37.32,36.23,37.30,3451700.0
10/25/2011,16:00,37.54,38.09,36.82,36.89,3578300.0
10/26/2011,16:00,37.27,37.63,36.21,36.77,3239700.0
10/27/2011,16:00,37.63,38.02,36.99,37.97,6822000.0
10/28/2011,16:00,37.31,37.39,36.27,36.37,7316600.0
10/31/2011,16:00,35.90,36.20,34.97,35.39,6247300.0
11/01/2011,16:00,34.47,35.07,34.02,34.14,6951400.0
11/02/2011,16:00,34.54,35.03,34.31,34.91,4202700.0
11/03/2011,16:00,35.40,35.65,34.83,35.59,3735300.0
11/04/2011,16:00,35.24,35.39,34.64,35.01,5050300.0
11/07/2011,16:00,34.93,35.33,34.66,35.30,2771500.0
11/08/2011,16:00,35.70,36.50,35.31,35.61,4664500.0
11/09/2011,16:00,34.80,34.91,33.92,34.01,4264200.0
11/10/2011,16:00,34.45,35.18,34.32,34.99,3198100.0
11/11/2011,16:00,35.42,36.27,35.37,36.07,2750900.0
11/14/2011,16:00,35.94,36.05,35.40,35.60,2390100.0
11/15/2011,16:00,35.44,36.00,35.42,35.83,2281500.0
11/16/2011,16:00,35.35,36.08,35.10,35.44,3093500.0
11/17/2011,16:00,35.16,35.21,33.28,33.62,4432900.0
11/18/2011,16:00,33.98,34.10,33.13,33.15,3540000.0
11/21/2011,16:00,32.59,32.85,32.24,32.24,2967500.0
11/22/2011,16:00,32.15,32.59,31.76,32.15,3992000.0
11/23/2011,16:00,31.97,32.41,31.75,31.78,4790200.0
11/25/2011,16:00,31.94,32.17,31.50,31.56,1762000.0
11/28/2011,16:00,32.26,32.69,32.21,32.69,2914100.0
11/29/2011,16:00,32.62,32.85,32.35,32.38,2948200.0
11/30/2011,16:00,34.24,34.91,33.76,34.88,5456600.0
12/01/2011,16:00,34.70,35.40,34.62,34.96,3472400.0
12/02/2011,16:00,35.13,35.30,31.87,32.51,10027300.0
12/05/2011,16:00,34.55,34.69,33.36,33.76,8627300.0
12/06/2011,16:00,33.84,33.84,33.20,33.53,3871800.0
12/07/2011,16:00,33.38,34.14,32.94,33.97,4730400.0
12/08/2011,16:00,33.64,33.83,32.39,32.51,4844700.0
12/09/2011,16:00,31.56,32.03,30.76,31.91,7704600.0
12/12/2011,16:00,31.69,31.87,31.47,31.72,3891900.0
12/13/2011,16:00,31.57,31.93,30.92,31.09,3257800.0
12/14/2011,16:00,30.89,31.06,30.55,30.66,2574600.0
12/15/2011,16:00,30.99,31.06,30.41,30.49,3281800.0
12/16/2011,16:00,30.43,30.60,29.72,29.90,8660500.0
12/19/2011,16:00,29.93,30.09,29.15,29.18,6620900.0
12/20/2011,16:00,29.76,30.10,29.40,29.53,6530100.0
12/21/2011,16:00,29.42,30.70,29.29,30.55,5994300.0
12/22/2011,16:00,30.91,32.24,30.85,31.77,4676400.0
12/23/2011,16:00,31.86,31.97,31.48,31.62,1973800.0
12/27/2011,16:00,31.58,31.75,31.42,31.54,1387600.0
12/28/2011,16:00,31.45,31.54,31.08,31.12,1452000.0
12/29/2011,16:00,31.18,31.50,31.08,31.48,1434500.0
12/30/2011,16:00,31.29,31.68,31.28,31.31,1285200.0
01/03/2012,16:00,31.78,32.21,31.78,31.89,2344900.0
01/04/2012,16:00,31.82,31.89,31.40,31.51,2727000.0
01/05/2012,16:00,31.42,31.93,31.25,31.88,2236300.0
01/06/2012,16:00,31.97,32.29,31.55,31.60,3970200.0
01/09/2012,16:00,31.81,33.18,31.81,32.59,3801800.0
01/10/2012,16:00,32.59,33.03,32.38,32.40,3203200.0
01/11/2012,16:00,32.30,32.95,32.30,32.82,2440100.0
01/12/2012,16:00,32.95,33.21,32.48,33.12,2871800.0
01/13/2012,16:00,32.87,34.17,32.80,34.00,5322000.0
01/17/2012,16:00,34.24,34.60,33.69,33.78,3110600.0
01/18/2012,16:00,33.84,34.34,33.78,34.34,2899500.0
01/19/2012,16:00,34.61,35.69,34.52,35.20,4577900.0
01/20/2012,16:00,35.61,35.61,34.86,35.20,4422300.0
01/23/2012,16:00,35.07,35.39,34.31,35.11,3834500.0
01/24/2012,16:00,34.83,35.42,34.74,35.20,2916600.0
01/25/2012,16:00,35.24,36.94,35.24,36.79,4959500.0
01/26/2012,16:00,37.06,37.52,36.63,37.36,4844200.0
01/27/2012,16:00,37.07,37.99,37.05,37.68,4990200.0
01/30/2012,16:00,37.23,37.93,37.12,37.77,3825800.0
01/31/2012,16:00,37.85,38.33,37.75,38.08,4983900.0
02/01/2012,16:00,38.28,38.50,38.12,38.25,4731700.0
02/02/2012,16:00,38.01,38.45,37.81,38.21,3949600.0
02/03/2012,16:00,38.52,39.09,38.33,38.81,3851700.0
02/06/2012,16:00,38.95,39.56,38.69,39.55,4567900.0
02/07/2012,16:00,39.38,39.73,38.68,39.64,4915000.0
02/08/2012,16:00,39.59,39.72,39.29,39.72,3271800.0
02/09/2012,16:00,39.78,39.78,39.00,39.19,3623800.0
02/10/2012,16:00,38.79,39.07,38.51,39.06,2503400.0
02/13/2012,16:00,39.34,39.41,38.75,39.01,2824500.0
02/14/2012,16:00,39.00,39.89,38.94,39.84,3847900.0
02/15/2012,16:00,39.73,39.93,39.45,39.54,2641500.0
02/16/2012,16:00,39.59,39.62,39.15,39.51,2528300.0
02/17/2012,16:00,39.72,39.73,39.16,39.33,2029900.0
02/21/2012,16:00,39.28,39.35,38.56,38.71,2263300.0
02/22/2012,16:00,38.60,39.31,38.55,39.03,2006500.0
02/23/2012,16:00,39.01,39.07,38.76,38.83,1915100.0
02/24/2012,16:00,39.07,39.71,38.86,39.47,1821900.0
02/27/2012,16:00,39.21,39.30,38.94,39.19,1600600.0
02/28/2012,16:00,39.23,39.55,38.80,38.94,2339200.0
02/29/2012,16:00,38.90,39.01,38.34,38.45,2485900.0
03/01/2012,16:00,38.65,38.76,37.90,38.25,3123700.0
03/02/2012,16:00,38.17,38.65,38.02,38.12,1890700.0
03/05/2012,16:00,37.85,38.25,37.28,37.71,2455400.0
03/06/2012,16:00,37.07,37.10,35.53,36.48,6950000.0
03/07/2012,16:00,36.54,37.76,36.53,37.38,3933300.0
03/08/2012,16:00,37.50,37.81,37.20,37.57,1983000.0
03/09/2012,16:00,37.51,38.23,37.16,38.16,3097700.0
03/12/2012,16:00,38.12,38.22,37.29,37.35,1934100.0
03/13/2012,16:00,37.81,39.07,37.81,39.00,5429300.0
03/14/2012,16:00,38.89,38.94,38.40,38.60,2488600.0
03/15/2012,16:00,38.58,39.04,38.48,39.04,2921500.0
03/16/2012,16:00,39.10,39.21,39.03,39.14,2315300.0
03/19/2012,16:00,39.00,39.07,38.65,39.01,2067400.0
03/20/2012,16:00,38.78,39.05,38.62,39.05,1415500.0
03/21/2012,16:00,39.19,40.23,39.17,39.88,4054500.0
03/22/2012,16:00,39.50,39.77,39.14,39.56,2447700.0
03/23/2012,16:00,39.59,39.80,39.26,39.69,2364700.0
03/26/2012,16:00,39.58,40.33,39.43,39.99,4713900.0
03/27/2012,16:00,40.19,40.90,40.05,40.66,4248100.0
03/28/2012,16:00,40.50,40.76,40.09,40.40,2905600.0
03/29/2012,16:00,40.00,40.40,39.80,40.33,2861200.0
03/30/2012,16:00,40.55,40.92,40.35,40.66,2383000.0
04/02/2012,16:00,39.76,40.47,39.47,40.28,2808700.0
04/03/2012,16:00,40.19,40.38,39.82,40.20,2099500.0
04/04/2012,16:00,38.67,38.71,37.58,38.24,11099600.0
04/05/2012,16:00,37.95,38.35,37.18,37.60,5510400.0
04/09/2012,16:00,37.08,37.28,35.47,35.71,8599200.0
04/10/2012,16:00,35.54,36.75,35.13,35.36,10007800.0
04/11/2012,16:00,35.70,36.34,35.70,36.00,5330800.0
04/12/2012,16:00,35.92,37.12,35.79,36.98,5281800.0
04/13/2012,16:00,36.86,36.86,35.34,35.41,7636600.0
04/16/2012,16:00,35.52,35.63,34.87,35.10,3865600.0
04/17/2012,16:00,35.39,36.08,35.28,35.85,3278700.0
04/18/2012,16:00,35.76,35.86,34.62,35.23,7164200.0
04/19/2012,16:00,34.92,35.63,34.87,35.18,4334200.0
04/20/2012,16:00,35.63,35.63,34.86,34.89,3942000.0
04/23/2012,16:00,34.51,34.79,34.19,34.72,3122300.0
04/24/2012,16:00,34.84,34.89,34.56,34.77,1947200.0
04/25/2012,16:00,35.09,35.36,34.83,35.06,2787000.0
04/26/2012,16:00,34.97,35.40,34.86,35.36,2611500.0
04/27/2012,16:00,35.57,35.71,35.24,35.45,2716600.0
04/30/2012,16:00,35.35,35.59,35.30,35.53,2743800.0
05/01/2012,16:00,35.54,36.05,35.32,35.84,3700000.0
05/02/2012,16:00,35.91,36.01,35.43,35.63,2269600.0
05/03/2012,16:00,35.70,35.80,35.22,35.34,1962700.0
05/04/2012,16:00,35.21,35.23,34.66,34.83,4499500.0
05/07/2012,16:00,34.77,34.99,34.57,34.74,2329900.0
05/08/2012,16:00,34.40,34.88,34.15,34.84,2400600.0
05/09/2012,16:00,35.30,36.50,34.88,36.00,5394400.0
05/10/2012,16:00,36.36,37.55,35.84,35.91,6790800.0
05/11/2012,16:00,35.63,36.30,35.37,35.68,4172900.0
05/14/2012,16:00,36.09,36.70,35.74,36.42,4289600.0
05/15/2012,16:00,36.19,36.71,35.55,35.69,4013900.0
05/16/2012,16:00,35.79,35.87,35.27,35.28,2980700.0
05/17/2012,16:00,35.20,35.54,34.75,35.03,3354000.0
05/18/2012,16:00,35.08,35.32,34.71,34.85,3402200.0
05/21/2012,16:00,35.06,35.98,34.97,35.98,3232700.0
05/22/2012,16:00,36.00,36.21,35.46,35.63,2394100.0
05/23/2012,16:00,35.32,35.72,35.07,35.57,1980900.0
05/24/2012,16:00,35.65,36.19,35.54,36.06,1871500.0
05/25/2012,16:00,36.11,36.51,35.98,36.19,1571300.0
05/29/2012,16:00,36.49,36.59,36.08,36.34,1196000.0
05/30/2012,16:00,35.98,36.01,35.33,35.37,1910800.0
05/31/2012,16:00,35.30,35.51,34.85,35.26,2520700.0
06/01/2012,16:00,34.64,34.94,34.53,34.53,2533700.0
06/04/2012,16:00,34.63,34.82,34.07,34.62,2012200.0
06/05/2012,16:00,34.18,35.29,34.11,35.18,1696600.0
06/06/2012,16:00,35.41,35.63,35.19,35.50,3727800.0
06/07/2012,16:00,35.90,36.08,35.57,35.57,2134800.0
06/08/2012,16:00,35.31,35.79,35.31,35.76,1845900.0
06/11/2012,16:00,35.83,35.96,35.35,35.37,1883800.0
06/12/2012,16:00,35.52,35.73,32.60,33.26,15277900.0
06/13/2012,16:00,33.54,33.66,32.96,33.04,6533200.0
06/14/2012,16:00,33.03,33.30,32.54,32.66,5294000.0
06/15/2012,16:00,32.08,32.82,31.95,32.62,6880500.0
06/18/2012,16:00,33.08,34.15,32.86,34.01,5125500.0
06/19/2012,16:00,34.12,34.51,33.83,34.32,3243900.0
06/20/2012,16:00,34.23,34.42,34.02,34.27,2195000.0
06/21/2012,16:00,34.40,34.97,33.86,33.90,2603500.0
06/22/2012,16:00,34.18,35.32,33.89,34.78,8404500.0
06/25/2012,16:00,35.39,35.41,34.74,34.88,4718600.0
06/26/2012,16:00,34.87,35.06,34.43,34.46,3802300.0
06/27/2012,16:00,34.66,35.86,34.54,35.67,3288800.0
06/28/2012,16:00,35.47,35.86,35.20,35.79,2665700.0
06/29/2012,16:00,36.35,36.95,36.20,36.84,3385800.0
07/02/2012,16:00,36.80,36.96,36.40,36.95,2095300.0
07/03/2012,16:00,36.89,37.02,36.64,36.78,1122600.0
07/05/2012,16:00,36.61,36.85,36.56,36.59,1750400.0
07/06/2012,16:00,36.21,36.59,36.11,36.46,1589900.0
07/09/2012,16:00,36.26,36.56,36.08,36.24,2002600.0
07/10/2012,16:00,36.56,36.56,35.84,36.13,2985800.0
07/11/2012,16:00,35.94,36.10,35.38,35.64,3046600.0
07/12/2012,16:00,35.47,35.63,35.07,35.38,2796300.0
07/13/2012,16:00,35.42,36.08,35.36,35.92,2257000.0
07/16/2012,16:00,35.85,35.98,35.46,35.69,1550400.0
07/17/2012,16:00,35.77,36.28,35.42,36.23,2345100.0
07/18/2012,16:00,34.58,35.08,32.84,34.85,13282100.0
07/19/2012,16:00,34.80,35.51,34.59,35.43,3248600.0
07/20/2012,16:00,35.26,35.31,34.72,34.90,2726600.0
07/23/2012,16:00,34.51,34.76,33.79,33.99,2164000.0
07/24/2012,16:00,33.93,34.00,33.26,33.55,3613100.0
07/25/2012,16:00,33.64,34.06,33.44,34.01,2717200.0
07/26/2012,16:00,34.42,34.57,33.62,34.17,3514000.0
07/27/2012,16:00,34.42,34.72,34.04,34.65,3286000.0
07/30/2012,16:00,34.62,34.80,34.33,34.66,1617800.0
07/31/2012,16:00,34.57,34.91,34.46,34.49,1606000.0
08/01/2012,16:00,34.70,34.90,34.39,34.69,1747600.0
08/02/2012,16:00,34.45,34.45,33.54,33.87,2890100.0
08/03/2012,16:00,34.32,35.03,34.26,34.99,1912000.0
08/06/2012,16:00,35.01,35.41,34.90,35.03,2913500.0
08/07/2012,16:00,35.27,36.05,35.20,35.79,1512900.0
08/08/2012,16:00,35.57,35.83,35.40,35.58,1510200.0
08/09/2012,16:00,35.64,36.00,35.61,35.91,1394700.0
08/10/2012,16:00,35.84,35.89,35.35,35.48,1508100.0
08/13/2012,16:00,35.40,35.44,34.78,35.26,1908400.0
08/14/2012,16:00,35.46,35.63,35.23,35.44,1729300.0
08/15/2012,16:00,35.45,36.10,35.40,35.60,1836000.0
08/16/2012,16:00,35.01,35.08,33.78,34.04,7974400.0
08/17/2012,16:00,34.18,34.62,33.97,34.57,3190100.0
08/20/2012,16:00,34.56,35.31,34.31,35.24,3383300.0
08/21/2012,16:00,35.25,35.89,34.94,35.04,3216800.0
08/22/2012,16:00,34.93,35.04,34.67,34.79,1950300.0
08/23/2012,16:00,34.66,34.80,34.22,34.79,3565800.0
08/24/2012,16:00,34.71,34.91,34.41,34.67,2279200.0
08/27/2012,16:00,34.75,34.90,34.54,34.62,1237200.0
08/28/2012,16:00,34.72,35.02,34.44,34.82,1581000.0
08/29/2012,16:00,34.78,35.27,34.76,35.15,1404900.0
08/30/2012,16:00,34.92,35.08,34.60,34.90,1339500.0
08/31/2012,16:00,35.13,35.23,34.68,34.86,1654100.0
09/04/2012,16:00,34.90,35.66,34.90,35.47,1857300.0
09/05/2012,16:00,35.53,35.53,35.04,35.31,1262500.0
09/06/2012,16:00,35.48,36.14,35.42,36.11,2000200.0
09/07/2012,16:00,36.03,36.48,35.95,36.47,1689700.0
09/10/2012,16:00,36.49,36.49,36.06,36.13,1468300.0
09/11/2012,16:00,36.20,36.40,35.98,36.40,1352700.0
09/12/2012,16:00,36.55,37.19,36.51,37.07,2673700.0
09/13/2012,16:00,37.08,37.66,36.86,37.50,2507500.0
09/14/2012,16:00,37.50,38.86,37.45,38.69,5237700.0
09/17/2012,16:00,38.55,39.33,38.49,39.09,2614800.0
09/18/2012,16:00,39.09,39.65,38.97,39.60,2549600.0
09/19/2012,16:00,39.78,39.98,39.43,39.68,3973200.0
09/20/2012,16:00,39.16,39.60,38.96,39.55,2540200.0
09/21/2012,16:00,39.70,39.77,39.42,39.72,2528800.0
09/24/2012,16:00,39.61,39.88,39.52,39.70,1781800.0
09/25/2012,16:00,39.79,39.93,38.92,38.96,2789400.0
09/26/2012,16:00,39.13,39.24,38.85,39.00,2768800.0
09/27/2012,16:00,39.12,39.64,38.96,39.36,1836100.0
09/28/2012,16:00,39.21,39.34,38.92,39.11,1770800.0
10/01/2012,16:00,39.26,39.71,39.03,39.21,1507600.0
10/02/2012,16:00,39.40,39.68,39.24,39.46,1529200.0
10/03/2012,16:00,39.57,39.88,39.34,39.75,1386300.0
10/04/2012,16:00,39.81,40.31,39.49,40.29,2838400.0
10/05/2012,16:00,40.38,40.62,40.10,40.55,2563200.0
10/08/2012,16:00,40.38,40.50,40.09,40.20,1054900.0
10/09/2012,16:00,39.26,39.61,39.12,39.28,2644800.0
10/10/2012,16:00,39.29,39.47,39.06,39.37,1807500.0
10/11/2012,16:00,39.34,40.14,39.34,39.63,1683900.0
10/12/2012,16:00,39.74,40.08,39.44,39.53,1689400.0
10/15/2012,16:00,39.90,39.90,39.40,39.52,1855800.0
10/16/2012,16:00,39.78,40.25,39.70,39.86,2288600.0
10/17/2012,16:00,37.19,38.01,37.13,37.92,9263500.0
10/18/2012,16:00,37.04,37.88,36.63,36.89,7502600.0
10/19/2012,16:00,36.95,37.13,36.60,36.67,6203900.0
10/22/2012,16:00,36.67,37.01,36.64,36.99,2665700.0
10/23/2012,16:00,36.67,36.98,36.28,36.28,3048700.0
10/24/2012,16:00,36.43,37.15,36.42,36.86,3741700.0
10/25/2012,16:00,37.13,37.32,35.07,35.52,9374700.0
10/26/2012,16:00,35.31,35.70,35.22,35.54,3791200.0
10/31/2012,16:00,35.45,35.82,35.19,35.51,3679300.0
11/01/2012,16:00,35.69,36.12,35.58,35.99,2761900.0
11/02/2012,16:00,36.11,36.31,35.74,35.75,2455300.0
11/05/2012,16:00,35.43,36.07,35.43,35.93,2260500.0
11/06/2012,16:00,35.95,36.41,35.79,35.92,5145900.0
11/07/2012,16:00,35.68,35.91,34.54,34.70,5511700.0
11/08/2012,16:00,34.92,34.98,34.20,34.22,4642000.0
11/09/2012,16:00,34.45,34.68,34.07,34.35,2545000.0
11/12/2012,16:00,34.53,35.59,33.70,33.78,3257800.0
11/13/2012,16:00,33.66,33.86,33.34,33.40,3414300.0
11/14/2012,16:00,33.39,33.63,32.70,32.83,2728100.0
11/15/2012,16:00,32.80,33.17,32.61,33.04,2277500.0
11/16/2012,16:00,32.92,33.14,32.27,32.52,4788000.0
11/19/2012,16:00,32.78,33.22,32.70,33.18,2928200.0
11/20/2012,16:00,33.15,33.26,32.91,33.15,1723700.0
11/21/2012,16:00,31.34,31.56,28.08,29.12,26371500.0
11/23/2012,16:00,29.41,29.93,29.14,29.73,3668300.0
11/26/2012,16:00,29.77,29.88,29.28,29.57,6073300.0
11/27/2012,16:00,29.73,30.07,29.59,29.89,10096200.0
11/28/2012,16:00,29.54,30.58,29.52,30.54,7216500.0
11/29/2012,16:00,30.97,31.48,30.60,31.27,6508400.0
11/30/2012,16:00,32.21,32.54,31.44,31.82,9281600.0
12/03/2012,16:00,31.68,31.68,31.04,31.22,6625800.0
12/04/2012,16:00,31.19,31.88,31.04,31.75,5247200.0
12/05/2012,16:00,32.00,32.47,31.79,32.03,4286200.0
12/06/2012,16:00,31.99,32.21,31.82,32.05,3473300.0
12/07/2012,16:00,32.16,32.52,31.96,32.45,3598300.0
12/10/2012,16:00,32.34,32.97,32.32,32.74,3172000.0
12/11/2012,16:00,32.80,33.40,32.76,32.84,4077700.0
12/12/2012,16:00,32.90,33.34,32.77,32.98,3851900.0
12/13/2012,16:00,32.94,33.32,32.81,32.85,3270700.0
12/14/2012,16:00,32.61,33.04,32.57,32.81,2838800.0
12/17/2012,16:00,32.91,33.34,32.85,33.16,3678000.0
12/18/2012,16:00,33.17,33.82,32.94,33.47,5642300.0
12/19/2012,16:00,33.60,33.87,33.55,33.56,4095300.0
12/20/2012,16:00,33.54,34.16,33.38,33.93,3157000.0
12/21/2012,16:00,33.66,33.82,33.32,33.64,4655700.0
12/24/2012,16:00,33.54,33.90,33.47,33.56,1057200.0
12/26/2012,16:00,33.54,33.90,33.30,33.49,1829500.0
12/27/2012,16:00,33.58,33.68,33.12,33.51,2392800.0
12/28/2012,16:00,33.70,33.78,33.13,33.13,2209300.0
12/31/2012,16:00,33.06,33.79,32.99,33.76,2511100.0
01/02/2013,16:00,34.29,34.37,33.74,34.20,3493400.0
01/03/2013,16:00,34.24,34.66,34.14,34.35,2809100.0
01/04/2013,16:00,34.45,34.68,34.40,34.63,3627600.0
01/07/2013,16:00,34.56,35.18,34.46,34.98,3082000.0
01/08/2013,16:00,34.86,34.99,34.56,34.72,2457600.0
01/09/2013,16:00,34.83,34.94,34.70,34.84,2710500.0
01/10/2013,16:00,34.96,35.70,34.84,35.65,5687300.0
01/11/2013,16:00,35.82,36.12,35.65,35.77,3817300.0
01/14/2013,16:00,35.72,36.61,35.72,36.29,5144600.0
01/15/2013,16:00,36.25,36.30,35.59,35.86,3529800.0
01/16/2013,16:00,35.63,36.03,35.13,36.01,3746800.0
01/17/2013,16:00,36.17,37.04,36.05,36.65,4111600.0
01/18/2013,16:00,36.79,37.21,36.57,36.85,4899700.0
01/22/2013,16:00,36.76,37.16,36.61,37.06,3925700.0
01/23/2013,16:00,37.07,37.27,36.18,37.01,3518200.0
01/24/2013,16:00,37.12,37.80,36.55,37.29,3673700.0
01/25/2013,16:00,37.55,38.25,37.55,38.19,3894800.0
01/28/2013,16:00,38.25,38.37,37.91,38.11,2657900.0
01/29/2013,16:00,38.08,39.04,37.91,38.68,3623000.0
01/30/2013,16:00,38.58,38.68,38.07,38.12,3999900.0
01/31/2013,16:00,38.07,38.42,37.75,38.02,5573300.0
02/01/2013,16:00,38.31,38.82,38.26,38.46,5046400.0
02/04/2013,16:00,38.71,38.92,38.14,38.15,3518600.0
02/05/2013,16:00,38.34,39.08,38.34,39.01,4008800.0
02/06/2013,16:00,38.73,39.71,38.63,39.68,5317100.0
02/07/2013,16:00,39.59,39.61,38.82,39.43,3275700.0
02/08/2013,16:00,39.37,39.86,39.21,39.80,2277500.0
02/11/2013,16:00,39.69,40.19,39.53,40.10,2776400.0
02/12/2013,16:00,40.03,40.13,39.56,39.80,3592700.0
02/13/2013,16:00,39.94,40.19,39.89,40.02,2290200.0
02/14/2013,16:00,39.95,40.21,39.70,40.18,2510900.0
02/15/2013,16:00,39.50,39.81,38.13,38.80,7315600.0
02/19/2013,16:00,39.00,39.12,38.08,38.91,3623400.0
02/20/2013,16:00,38.75,38.90,38.13,38.16,2420900.0
02/21/2013,16:00,38.15,38.30,37.63,38.01,2724800.0
02/22/2013,16:00,38.09,38.47,37.89,38.47,1860800.0
02/25/2013,16:00,38.56,38.77,38.03,38.05,2070400.0
02/26/2013,16:00,38.30,38.39,37.70,38.19,2291300.0
02/27/2013,16:00,38.06,38.37,37.94,38.20,3120900.0
02/28/2013,16:00,38.16,38.51,38.08,38.30,3947200.0
03/01/2013,16:00,38.16,38.74,37.87,38.68,1982100.0
03/04/2013,16:00,38.50,38.65,37.62,38.40,2969600.0
03/05/2013,16:00,38.54,39.25,38.41,39.12,2578300.0
03/06/2013,16:00,39.13,39.24,38.91,38.91,6515300.0
03/07/2013,16:00,39.00,39.44,38.82,38.96,2420800.0
03/08/2013,16:00,39.06,39.50,38.96,39.47,1368500.0
03/11/2013,16:00,39.21,39.89,39.17,39.89,1627100.0
03/12/2013,16:00,39.82,40.39,39.75,40.28,2085200.0
03/13/2013,16:00,40.30,40.32,39.82,40.16,1327400.0
03/14/2013,16:00,40.19,40.25,39.86,40.08,2148000.0
03/15/2013,16:00,39.94,40.12,39.44,39.46,2905500.0
03/18/2013,16:00,39.14,39.22,38.86,39.11,1676600.0
03/19/2013,16:00,39.21,39.31,38.72,38.99,1339800.0
03/20/2013,16:00,39.13,39.32,39.03,39.20,1042600.0
03/21/2013,16:00,39.06,39.41,38.96,39.06,2354400.0
03/22/2013,16:00,39.38,39.60,39.12,39.57,1979400.0
03/25/2013,16:00,39.70,39.75,38.73,38.94,1921000.0
03/26/2013,16:00,39.06,39.15,37.96,38.17,3780500.0
03/27/2013,16:00,37.94,38.06,37.64,37.87,2515600.0
03/28/2013,16:00,37.92,38.18,37.53,38.01,4422900.0
04/01/2013,16:00,38.07,38.41,37.40,37.55,3218700.0
04/02/2013,16:00,37.79,38.53,37.75,38.44,2357400.0
04/03/2013,16:00,38.42,38.89,38.10,38.59,2918500.0
04/04/2013,16:00,38.67,39.88,38.55,39.82,3402800.0
04/05/2013,16:00,39.38,39.45,38.97,39.42,3108400.0
04/08/2013,16:00,39.32,39.68,39.12,39.42,1878400.0
04/09/2013,16:00,38.72,38.89,38.24,38.73,3140900.0
04/10/2013,16:00,38.82,39.59,38.80,39.43,2093000.0
04/11/2013,16:00,39.48,39.79,39.43,39.67,1507000.0
04/12/2013,16:00,39.60,40.23,39.40,39.93,2720900.0
04/15/2013,16:00,39.82,39.94,38.78,38.78,2560100.0
04/16/2013,16:00,38.88,39.62,38.51,39.61,2469600.0
04/17/2013,16:00,39.53,40.26,38.82,39.30,3605200.0
04/18/2013,16:00,39.29,39.48,38.14,38.22,2208900.0
04/19/2013,16:00,38.28,38.47,37.89,38.44,2049900.0
04/22/2013,16:00,38.50,38.83,38.01,38.19,1023600.0
04/23/2013,16:00,38.34,38.80,38.32,38.51,1655200.0
04/24/2013,16:00,38.54,38.83,38.37,38.55,2017900.0
04/25/2013,16:00,38.72,39.20,38.65,38.94,1823000.0
04/26/2013,16:00,39.11,39.11,38.44,38.53,1911900.0
04/29/2013,16:00,38.73,39.22,38.57,39.18,1552800.0
04/30/2013,16:00,39.06,39.17,38.50,38.74,1801500.0
05/01/2013,16:00,38.51,38.57,38.22,38.26,1391300.0
05/02/2013,16:00,38.46,38.54,38.11,38.24,1855100.0
05/03/2013,16:00,38.54,38.59,38.28,38.36,1885900.0
05/06/2013,16:00,38.42,39.62,38.42,39.16,2784400.0
05/07/2013,16:00,39.20,39.22,38.62,39.21,1821400.0
05/08/2013,16:00,39.09,39.88,39.08,39.87,2063200.0
05/09/2013,16:00,39.76,40.65,39.76,40.51,2132600.0
05/10/2013,16:00,40.49,41.53,40.46,41.53,3094500.0
05/13/2013,16:00,41.36,42.85,41.21,42.50,4766000.0
05/14/2013,16:00,42.43,43.37,42.20,43.28,2661900.0
05/15/2013,16:00,43.36,43.84,43.13,43.77,2699800.0
05/16/2013,16:00,43.57,44.31,43.50,44.01,3427600.0
05/17/2013,16:00,44.03,44.33,43.90,44.18,2260200.0
05/20/2013,16:00,44.03,44.38,43.76,43.91,2544900.0
05/21/2013,16:00,44.04,44.54,43.90,43.97,2865500.0
05/22/2013,16:00,43.99,44.60,42.70,42.96,2823100.0
05/23/2013,16:00,42.58,42.88,42.27,42.46,2229000.0
05/24/2013,16:00,42.17,42.71,41.92,42.44,1085300.0
05/28/2013,16:00,41.96,42.46,41.75,41.81,2433700.0
05/29/2013,16:00,41.52,41.70,41.20,41.56,1814000.0
05/30/2013,16:00,41.50,42.02,41.36,41.68,1717100.0
05/31/2013,16:00,41.64,41.89,40.62,40.63,3402600.0
06/03/2013,16:00,40.79,40.79,40.16,40.75,2197200.0
06/04/2013,16:00,40.75,40.88,39.70,39.97,2123900.0
06/05/2013,16:00,39.58,40.61,39.51,39.94,2870300.0
06/06/2013,16:00,39.92,40.65,39.67,40.65,1719900.0
06/07/2013,16:00,41.11,41.37,40.79,41.35,1524200.0
06/10/2013,16:00,41.35,41.42,40.93,41.41,1340500.0
06/11/2013,16:00,40.99,41.56,40.89,41.20,1164200.0
06/12/2013,16:00,42.59,43.06,41.92,41.99,2847400.0
06/13/2013,16:00,41.79,42.39,41.09,42.35,1493200.0
06/14/2013,16:00,42.31,42.74,42.21,42.35,1858900.0
06/17/2013,16:00,42.63,43.18,42.63,42.92,1800500.0
06/18/2013,16:00,42.99,43.16,42.72,43.12,1189700.0
06/19/2013,16:00,43.06,43.41,42.52,42.60,1759800.0
06/20/2013,16:00,42.32,42.32,41.33,41.42,2546600.0
06/21/2013,16:00,41.78,42.42,41.48,41.99,3402900.0
06/24/2013,16:00,41.62,42.36,41.31,42.15,3029200.0
06/25/2013,16:00,42.41,42.78,42.19,42.57,3463900.0
06/26/2013,16:00,42.72,43.13,42.22,42.22,3349200.0
06/27/2013,16:00,42.52,43.25,42.50,43.15,2047900.0
06/28/2013,16:00,42.99,43.56,42.86,43.13,2792900.0
07/01/2013,16:00,43.24,43.74,43.10,43.40,1661700.0
07/02/2013,16:00,43.14,43.55,42.95,43.35,2800400.0
07/03/2013,16:00,43.01,43.69,42.89,43.10,1839900.0
07/05/2013,16:00,43.35,43.86,43.31,43.84,877000.0
07/08/2013,16:00,44.10,44.47,43.81,44.27,1166700.0
07/09/2013,16:00,44.43,44.87,44.19,44.77,1741000.0
07/10/2013,16:00,44.71,44.88,44.33,44.49,1666100.0
07/11/2013,16:00,45.02,45.50,44.77,45.33,1873400.0
07/12/2013,16:00,45.33,45.79,45.15,45.76,1159800.0
07/15/2013,16:00,45.68,46.23,45.57,46.21,1018900.0
07/16/2013,16:00,46.25,46.60,45.72,45.81,2241900.0
07/17/2013,16:00,47.31,49.83,47.20,48.21,7177500.0
07/18/2013,16:00,48.08,48.84,47.68,48.69,2931100.0
07/19/2013,16:00,47.79,48.89,47.67,48.86,2706200.0
07/22/2013,16:00,48.79,49.38,48.64,49.15,1815000.0
07/23/2013,16:00,49.27,49.63,48.98,49.56,1818600.0
07/24/2013,16:00,49.62,49.79,48.90,49.09,1094800.0
07/25/2013,16:00,49.19,49.35,48.84,49.23,1361000.0
07/26/2013,16:00,49.15,49.58,48.93,49.53,1133400.0
07/29/2013,16:00,49.54,49.61,48.82,49.29,845000.0
07/30/2013,16:00,49.38,49.73,49.05,49.15,1341800.0
07/31/2013,16:00,49.09,49.95,48.92,49.52,1796300.0
08/01/2013,16:00,49.69,50.18,49.58,50.10,1386900.0
08/02/2013,16:00,50.02,50.47,49.60,50.06,1323700.0
08/05/2013,16:00,49.86,50.13,49.63,49.91,772000.0
08/06/2013,16:00,49.92,50.18,49.60,50.05,1164700.0
08/07/2013,16:00,49.85,50.33,49.82,50.15,1298300.0
08/08/2013,16:00,50.29,50.57,50.16,50.46,984200.0
08/09/2013,16:00,50.49,51.10,50.46,50.90,1818000.0
08/12/2013,16:00,50.57,50.83,50.35,50.66,956200.0
08/13/2013,16:00,50.66,50.82,49.99,50.38,1240900.0
08/14/2013,16:00,50.39,50.81,50.30,50.46,1874400.0
08/15/2013,16:00,50.10,50.16,49.23,49.28,856700.0
08/16/2013,16:00,49.09,49.17,48.36,48.65,1771700.0
08/19/2013,16:00,48.46,48.84,48.25,48.62,2148300.0
08/20/2013,16:00,48.64,49.39,48.39,49.24,1320300.0
08/21/2013,16:00,49.14,49.17,48.35,48.77,1263000.0
08/22/2013,16:00,48.95,49.38,48.81,49.09,1173200.0
08/23/2013,16:00,49.12,49.14,48.40,49.08,1129500.0
08/26/2013,16:00,49.20,49.71,49.13,49.24,717900.0
08/27/2013,16:00,48.92,48.96,47.56,47.69,1368400.0
08/28/2013,16:00,47.72,48.06,47.39,47.84,1006500.0
08/29/2013,16:00,47.51,48.14,47.37,47.83,631200.0
08/30/2013,16:00,47.95,47.95,47.46,47.65,870500.0
09/03/2013,16:00,47.97,48.46,47.20,47.53,1292400.0
09/04/2013,16:00,47.64,48.26,47.64,48.21,1529500.0
09/05/2013,16:00,48.19,48.71,48.14,48.17,1119400.0
09/06/2013,16:00,48.46,50.20,48.46,49.64,3155300.0
09/09/2013,16:00,49.69,49.86,49.27,49.61,1174600.0
09/10/2013,16:00,49.97,50.55,49.95,50.48,1125400.0
09/11/2013,16:00,50.48,50.82,49.01,50.10,3985400.0
09/12/2013,16:00,50.12,50.43,49.94,50.18,1397100.0
09/13/2013,16:00,50.18,50.32,49.80,49.93,908500.0
09/16/2013,16:00,50.44,50.56,50.05,50.16,1265400.0
09/17/2013,16:00,50.12,50.95,50.11,50.86,1145000.0
09/18/2013,16:00,50.75,51.18,50.44,51.07,1125600.0
09/19/2013,16:00,51.03,51.38,50.88,50.94,977400.0
09/20/2013,16:00,50.94,51.17,50.64,50.73,2076800.0
09/23/2013,16:00,50.70,50.84,50.34,50.68,732600.0
09/24/2013,16:00,50.69,50.89,50.22,50.54,1288300.0
09/25/2013,16:00,50.56,50.80,49.85,49.86,1129200.0
09/26/2013,16:00,50.07,50.33,49.93,50.15,971200.0
09/27/2013,16:00,49.93,50.13,49.47,49.75,1527200.0
09/30/2013,16:00,49.54,51.09,49.18,50.94,2147900.0
10/01/2013,16:00,50.92,51.76,50.79,51.72,1657400.0
10/02/2013,16:00,51.70,52.10,51.32,52.07,1817200.0
10/03/2013,16:00,51.97,52.23,51.23,52.03,2306300.0
10/04/2013,16:00,52.71,54.29,52.47,53.40,6627600.0
10/07/2013,16:00,52.95,53.72,52.86,53.07,2306600.0
10/08/2013,16:00,53.05,53.23,51.83,51.83,1866300.0
10/09/2013,16:00,51.92,53.38,51.81,52.77,5623800.0
10/10/2013,16:00,52.66,52.78,51.26,51.89,3417600.0
10/11/2013,16:00,51.95,52.58,51.80,52.39,1907600.0
10/14/2013,16:00,52.83,53.42,52.64,53.21,2140700.0
10/15/2013,16:00,53.24,53.24,52.51,52.59,2664200.0
10/16/2013,16:00,51.02,53.26,50.82,53.22,3642800.0
10/17/2013,16:00,53.15,53.99,53.07,53.80,2379700.0
10/18/2013,16:00,53.43,54.00,53.29,53.98,3217700.0
10/21/2013,16:00,54.00,54.01,53.27,53.70,1394400.0
10/22/2013,16:00,53.85,54.07,53.23,53.41,2518600.0
10/23/2013,16:00,53.28,53.97,52.93,53.87,1617000.0
10/24/2013,16:00,53.71,53.87,53.33,53.65,1436100.0
10/25/2013,16:00,53.80,54.48,53.70,54.39,1914200.0
10/28/2013,16:00,54.28,55.00,54.01,54.73,2238200.0
10/29/2013,16:00,54.78,55.45,54.65,55.42,1883800.0
10/30/2013,16:00,55.46,55.57,54.76,54.91,1876000.0
10/31/2013,16:00,54.95,55.25,54.48,54.50,1885700.0
11/01/2013,16:00,54.51,55.34,54.41,55.22,1858300.0
11/04/2013,16:00,55.22,56.02,55.09,55.93,1587700.0
11/05/2013,16:00,55.33,55.33,54.09,54.64,3110200.0
11/06/2013,16:00,54.72,54.82,53.75,53.92,2038300.0
11/07/2013,16:00,54.14,54.30,53.32,53.39,2252300.0
11/08/2013,16:00,53.53,54.13,53.20,54.12,1599200.0
11/11/2013,16:00,54.27,54.49,54.04,54.13,597600.0
11/12/2013,16:00,54.06,54.06,53.48,53.97,1414900.0
11/13/2013,16:00,53.90,54.76,53.70,54.76,1350900.0
11/14/2013,16:00,54.85,54.93,54.30,54.63,1403100.0
11/15/2013,16:00,54.52,54.78,54.39,54.48,1724300.0
11/18/2013,16:00,54.73,54.77,53.70,53.95,1161800.0
11/19/2013,16:00,53.95,54.38,53.55,54.07,1378700.0
11/20/2013,16:00,54.13,54.56,53.76,53.94,1104500.0
11/21/2013,16:00,54.13,55.13,54.11,55.03,1668100.0
11/22/2013,16:00,54.86,55.28,54.51,55.14,1210800.0
11/25/2013,16:00,55.29,55.89,55.14,55.49,1480900.0
11/26/2013,16:00,55.49,55.63,55.08,55.09,1496200.0
11/27/2013,16:00,55.05,56.31,55.05,56.06,1359500.0
11/29/2013,16:00,56.23,56.26,55.45,55.48,834000.0
12/02/2013,16:00,55.58,56.40,55.36,56.01,1373000.0
12/03/2013,16:00,55.67,56.87,55.61,56.86,2718300.0
12/04/2013,16:00,56.46,56.72,54.97,55.43,2838800.0
12/05/2013,16:00,55.28,55.43,54.85,55.16,1579800.0
12/06/2013,16:00,55.84,56.84,55.84,56.75,2183800.0
12/09/2013,16:00,56.72,56.94,56.03,56.14,1903800.0
12/10/2013,16:00,56.16,56.69,56.11,56.42,1676700.0
12/11/2013,16:00,56.36,56.64,55.11,55.23,3281900.0
12/12/2013,16:00,55.79,56.00,54.42,55.09,2784700.0
12/13/2013,16:00,55.01,55.28,54.44,55.07,2379600.0
12/16/2013,16:00,55.96,56.56,55.96,56.07,2470900.0
12/17/2013,16:00,55.65,56.63,55.54,56.43,2167600.0
12/18/2013,16:00,56.08,57.72,55.91,57.47,3592800.0
12/19/2013,16:00,57.13,58.04,57.03,57.76,2198400.0
12/20/2013,16:00,57.92,58.82,57.77,58.78,3616500.0
12/23/2013,16:00,58.83,59.39,58.64,59.29,1989900.0
12/24/2013,16:00,59.22,59.76,59.12,59.37,531400.0
12/26/2013,16:00,59.47,59.97,58.63,59.59,1702100.0
12/27/2013,16:00,59.84,60.07,59.18,59.36,1532400.0
12/30/2013,16:00,59.34,59.54,58.90,59.06,1718600.0
12/31/2013,16:00,59.20,59.37,58.89,59.07,1860700.0
01/02/2014,16:00,58.83,59.33,58.62,58.84,2001900.0
01/03/2014,16:00,58.84,59.12,58.26,58.35,2675000.0
01/06/2014,16:00,59.86,61.17,59.29,60.68,5594100.0
01/07/2014,16:00,62.18,62.50,61.73,61.88,4722800.0
01/08/2014,16:00,61.89,62.50,61.63,62.36,3623700.0
01/09/2014,16:00,61.87,62.67,61.45,62.30,3334700.0
01/10/2014,16:00,62.46,63.22,62.17,62.93,3663300.0
01/13/2014,16:00,63.41,65.21,63.13,63.30,4265100.0
01/14/2014,16:00,63.70,63.72,62.81,63.08,3730400.0
01/15/2014,16:00,63.08,63.37,62.79,62.84,3448100.0
01/16/2014,16:00,62.87,64.06,62.87,63.70,2028600.0
01/17/2014,16:00,63.90,63.98,62.79,62.84,2540800.0
01/21/2014,16:00,63.09,63.55,62.63,62.90,3623200.0
01/22/2014,16:00,62.93,63.03,60.88,61.96,4402500.0
01/23/2014,16:00,61.26,61.59,60.49,60.83,3306900.0
01/24/2014,16:00,60.52,61.09,59.21,59.22,2714000.0
01/27/2014,16:00,59.85,59.85,58.29,58.50,2779000.0
01/28/2014,16:00,58.56,59.40,58.56,59.00,2549100.0
01/29/2014,16:00,58.58,59.03,57.88,58.16,1820800.0
01/30/2014,16:00,58.79,59.11,58.34,58.40,4060600.0
01/31/2014,16:00,57.77,58.37,57.47,57.91,3156400.0
02/03/2014,16:00,57.76,57.76,56.46,56.64,2165600.0
02/04/2014,16:00,56.83,57.29,56.76,57.14,2087100.0
02/05/2014,16:00,56.84,57.71,56.41,57.33,1864100.0
02/06/2014,16:00,57.28,58.06,57.26,57.69,2077100.0
02/07/2014,16:00,59.12,59.74,58.40,59.12,5083400.0
02/10/2014,16:00,61.31,61.66,60.44,60.64,4028200.0
02/11/2014,16:00,60.48,61.19,59.99,61.05,2702200.0
02/12/2014,16:00,61.13,62.42,61.13,62.28,3169900.0
02/13/2014,16:00,61.98,63.10,61.66,63.09,2372700.0
02/14/2014,16:00,63.11,63.51,62.84,63.38,2072000.0
02/18/2014,16:00,63.51,64.34,63.03,64.13,1740400.0
02/19/2014,16:00,64.02,64.32,63.56,63.87,1883000.0
02/20/2014,16:00,63.88,64.87,63.37,64.77,2246700.0
02/21/2014,16:00,64.77,64.86,64.07,64.13,1755100.0
02/24/2014,16:00,64.11,65.08,63.93,64.57,1648100.0
02/25/2014,16:00,64.68,64.80,64.08,64.31,1200900.0
02/26/2014,16:00,64.54,65.06,64.39,64.59,2047500.0
02/27/2014,16:00,64.67,65.08,64.34,64.84,1117400.0
02/28/2014,16:00,64.71,64.83,63.60,64.19,2174700.0
03/03/2014,16:00,63.57,64.20,63.53,63.89,1395200.0
03/04/2014,16:00,64.58,65.41,64.58,65.30,1464600.0
03/05/2014,16:00,65.13,65.13,64.20,64.95,1846000.0
03/06/2014,16:00,64.88,65.59,64.79,64.81,1616600.0
03/07/2014,16:00,65.22,65.36,63.65,63.95,2844900.0
03/10/2014,16:00,63.79,63.92,63.13,63.41,2691100.0
03/11/2014,16:00,63.47,64.24,63.22,63.37,1439100.0
03/12/2014,16:00,63.31,63.87,63.22,63.85,1533500.0
03/13/2014,16:00,64.00,64.00,62.78,62.90,2254900.0
03/14/2014,16:00,62.90,63.49,62.20,62.31,1931900.0
03/17/2014,16:00,62.69,63.51,62.69,63.28,1478000.0
03/18/2014,16:00,63.51,64.27,63.43,64.13,1142700.0
03/19/2014,16:00,64.18,64.59,63.48,63.92,1343700.0
03/20/2014,16:00,63.91,63.98,62.90,63.31,1719800.0
03/21/2014,16:00,64.06,64.06,62.39,62.57,3549900.0
03/24/2014,16:00,64.01,64.01,61.71,62.47,1924500.0
03/25/2014,16:00,62.63,62.96,61.66,62.30,1559900.0
03/26/2014,16:00,62.69,62.98,62.16,62.17,1494500.0
03/27/2014,16:00,62.23,62.39,60.74,61.87,2037000.0
03/28/2014,16:00,62.15,62.67,61.81,62.03,1307200.0
03/31/2014,16:00,62.42,62.82,61.82,62.61,1705800.0
04/01/2014,16:00,62.82,63.83,62.65,63.80,1344000.0
04/02/2014,16:00,63.83,63.84,63.34,63.44,1113300.0
04/03/2014,16:00,63.44,63.89,63.15,63.41,1030700.0
04/04/2014,16:00,63.85,64.63,62.26,62.28,1542800.0
04/07/2014,16:00,62.09,62.24,60.55,60.80,2159400.0
04/08/2014,16:00,60.69,60.98,60.05,60.26,1917600.0
04/09/2014,16:00,60.29,61.57,59.69,61.54,1988100.0
04/10/2014,16:00,61.57,61.78,59.51,59.55,1763500.0
04/11/2014,16:00,59.36,60.18,58.86,59.02,1783800.0
04/14/2014,16:00,59.12,60.12,59.12,59.89,1395900.0
04/15/2014,16:00,59.98,61.09,59.09,60.53,2960400.0
04/16/2014,16:00,60.33,60.75,57.31,59.40,6015000.0
04/17/2014,16:00,59.15,59.98,58.34,59.84,2835000.0
04/21/2014,16:00,59.75,60.08,59.14,59.96,2046500.0
04/22/2014,16:00,60.21,61.42,60.07,60.27,2230000.0
04/23/2014,16:00,60.20,60.38,59.06,59.21,4108600.0
04/24/2014,16:00,59.63,60.06,59.04,59.85,1741100.0
04/25/2014,16:00,59.51,59.82,59.06,59.34,1514400.0
04/28/2014,16:00,59.61,59.66,58.72,59.28,1754600.0
04/29/2014,16:00,59.60,60.81,59.45,60.70,3159500.0
04/30/2014,16:00,60.60,60.82,60.14,60.77,2211300.0
05/01/2014,16:00,60.63,60.82,60.19,60.46,3006600.0
05/02/2014,16:00,60.89,61.59,60.62,61.50,2730400.0
05/05/2014,16:00,61.03,61.74,60.63,61.62,1923400.0
05/06/2014,16:00,61.29,61.62,60.91,61.24,2006100.0
05/07/2014,16:00,61.38,61.65,60.68,61.23,2623900.0
05/08/2014,16:00,61.19,61.74,60.46,60.53,2337600.0
05/09/2014,16:00,60.51,60.59,59.47,60.43,1559900.0
05/12/2014,16:00,60.77,61.49,60.51,61.48,1154600.0
05/13/2014,16:00,61.48,61.75,61.14,61.65,1380500.0
05/14/2014,16:00,61.65,61.85,61.28,61.46,1078100.0
05/15/2014,16:00,61.24,61.34,60.19,60.36,1675500.0
05/16/2014,16:00,60.33,60.63,60.09,60.59,1506900.0
05/19/2014,16:00,60.56,61.66,60.31,61.58,1315500.0
05/20/2014,16:00,61.40,61.62,60.71,61.41,1522000.0
05/21/2014,16:00,61.68,61.75,60.87,60.90,995700.0
05/22/2014,16:00,61.04,61.43,60.81,60.87,714900.0
05/23/2014,16:00,61.04,61.64,60.87,61.45,1027200.0
05/27/2014,16:00,61.69,61.73,61.00,61.42,1048300.0
05/28/2014,16:00,61.63,63.70,61.46,62.97,4092900.0
05/29/2014,16:00,62.86,63.10,62.14,62.17,1748400.0
05/30/2014,16:00,62.15,62.61,62.10,62.14,1473500.0
06/02/2014,16:00,62.16,62.32,61.29,61.93,1346100.0
06/03/2014,16:00,61.71,62.30,61.52,62.09,1449000.0
06/04/2014,16:00,61.83,62.49,61.78,62.38,967300.0
06/05/2014,16:00,62.48,63.11,62.12,62.87,910100.0
06/06/2014,16:00,62.99,63.42,62.93,63.07,1250100.0
06/09/2014,16:00,63.40,63.59,62.73,63.59,1689400.0
06/10/2014,16:00,63.43,63.54,62.75,63.22,1327800.0
06/11/2014,16:00,62.85,63.04,62.49,62.56,865800.0
06/12/2014,16:00,62.51,62.60,61.85,62.12,951200.0
06/13/2014,16:00,62.07,62.68,61.95,62.32,1121500.0
06/16/2014,16:00,62.83,63.85,62.83,63.44,2339000.0
06/17/2014,16:00,63.20,64.06,63.00,63.86,1528200.0
06/18/2014,16:00,63.73,64.74,63.30,64.66,1181900.0
06/19/2014,16:00,64.78,65.05,64.53,64.87,1029700.0
06/20/2014,16:00,65.24,66.89,65.20,66.87,2798900.0
06/23/2014,16:00,66.89,67.03,66.08,66.30,1495600.0
06/24/2014,16:00,66.29,67.13,66.26,66.54,1464600.0
06/25/2014,16:00,66.64,67.59,66.64,67.47,2002500.0
06/26/2014,16:00,67.60,67.60,66.54,67.20,1138400.0
06/27/2014,16:00,66.91,67.27,66.58,66.84,1629700.0
06/30/2014,16:00,67.12,67.18,66.45,66.56,1389200.0
07/01/2014,16:00,66.85,67.30,66.80,66.99,1284300.0
07/02/2014,16:00,66.77,67.63,66.57,67.29,1062100.0
07/03/2014,16:00,67.33,67.82,67.01,67.41,862500.0
07/07/2014,16:00,68.96,69.11,67.51,67.59,4012500.0
07/08/2014,16:00,67.60,67.74,66.77,67.51,2101700.0
07/09/2014,16:00,67.51,67.69,66.88,66.90,1535100.0
07/10/2014,16:00,66.18,66.61,65.42,66.33,2176300.0
07/11/2014,16:00,66.32,67.43,66.12,67.35,1316000.0
07/14/2014,16:00,67.55,67.55,66.70,66.91,1252700.0
07/15/2014,16:00,66.95,67.29,65.55,65.63,3858200.0
07/16/2014,16:00,65.65,66.24,64.53,65.04,2143600.0
07/17/2014,16:00,64.99,65.49,64.15,64.19,1883600.0
07/18/2014,16:00,64.35,64.56,64.07,64.54,2071800.0
07/21/2014,16:00,64.46,64.62,63.99,64.47,1717300.0
07/22/2014,16:00,64.75,65.09,64.21,64.45,1517000.0
07/23/2014,16:00,64.67,64.90,64.20,64.46,1314000.0
07/24/2014,16:00,64.33,64.54,64.00,64.43,1376200.0
07/25/2014,16:00,64.42,64.54,63.86,64.29,1156500.0
07/28/2014,16:00,64.25,64.35,63.64,64.17,1414600.0
07/29/2014,16:00,64.20,64.40,63.46,63.47,1297000.0
07/30/2014,16:00,63.62,64.20,63.52,63.97,784500.0
07/31/2014,16:00,63.53,63.53,62.60,62.66,1196700.0
08/01/2014,16:00,62.68,63.59,62.25,62.71,2115600.0
08/04/2014,16:00,62.93,63.27,62.26,63.21,1153300.0
08/05/2014,16:00,63.86,64.00,62.89,63.22,2402900.0
08/06/2014,16:00,62.78,63.54,62.30,62.40,2510500.0
08/07/2014,16:00,62.75,62.75,60.88,60.98,2588300.0
08/08/2014,16:00,61.11,61.89,60.63,61.82,1707600.0
08/11/2014,16:00,61.93,62.09,61.11,61.17,1035600.0
08/12/2014,16:00,60.69,61.20,60.59,60.75,1266100.0
08/13/2014,16:00,61.15,61.67,60.86,61.42,1570900.0
08/14/2014,16:00,61.52,61.94,61.13,61.28,1361400.0
08/15/2014,16:00,61.29,61.47,60.18,60.79,1212000.0
08/18/2014,16:00,61.21,61.71,61.01,61.67,1865800.0
08/19/2014,16:00,61.67,62.07,61.34,62.05,1304900.0
08/20/2014,16:00,61.93,62.26,61.58,61.83,1686800.0
08/21/2014,16:00,61.97,62.23,61.77,62.05,884200.0
08/22/2014,16:00,62.08,62.42,61.91,62.05,1068100.0
08/25/2014,16:00,62.28,62.71,62.08,62.31,697300.0
08/26/2014,16:00,62.33,62.44,61.84,62.31,1503400.0
08/27/2014,16:00,62.41,62.58,62.16,62.37,792200.0
08/28/2014,16:00,62.24,62.69,61.93,62.35,966500.0
08/29/2014,16:00,62.50,63.21,62.35,63.05,1331400.0
09/02/2014,16:00,63.14,63.26,62.60,63.04,1161900.0
09/03/2014,16:00,63.33,63.43,62.69,62.80,1434500.0
09/04/2014,16:00,62.84,63.37,62.49,62.63,916200.0
09/05/2014,16:00,62.56,62.94,62.13,62.94,800100.0
09/08/2014,16:00,62.96,63.05,62.42,62.68,777500.0
09/09/2014,16:00,62.68,62.78,62.11,62.32,1207200.0
09/10/2014,16:00,62.58,62.68,62.19,62.30,1085500.0
09/11/2014,16:00,62.08,62.44,61.58,62.32,973400.0
09/12/2014,16:00,62.28,62.30,60.21,60.63,2529600.0
09/15/2014,16:00,60.61,60.62,59.74,59.78,1666100.0
09/16/2014,16:00,59.79,60.35,58.95,60.33,1768000.0
09/17/2014,16:00,60.33,61.09,60.33,60.83,1516000.0
09/18/2014,16:00,60.93,61.20,60.71,61.00,1726900.0
09/19/2014,16:00,61.37,61.40,59.78,59.83,2019000.0
09/22/2014,16:00,59.84,60.08,59.30,59.98,1796127.0
09/23/2014,16:00,59.64,59.90,59.26,59.29,1185924.0
09/24/2014,16:00,59.41,59.91,59.00,59.70,1145231.0
09/25/2014,16:00,59.66,59.66,58.63,58.80,1429296.0
09/26/2014,16:00,59.15,59.88,58.99,59.51,1317057.0
09/29/2014,16:00,58.87,59.25,58.69,59.03,856568.0
09/30/2014,16:00,59.24,59.33,57.99,58.05,2538889.0
10/01/2014,16:00,58.20,58.37,57.71,58.29,2735305.0
10/02/2014,16:00,58.26,58.91,57.84,58.67,1456898.0
10/03/2014,16:00,59.22,60.07,59.05,59.68,1480923.0
10/06/2014,16:00,59.99,60.64,59.90,60.23,1935607.0
10/07/2014,16:00,59.66,60.29,59.23,59.33,1729692.0
10/08/2014,16:00,59.27,60.49,59.13,60.42,1175363.0
10/09/2014,16:00,60.24,60.63,59.39,59.81,2727876.0
10/10/2014,16:00,59.75,60.32,58.69,58.69,1946818.0
10/13/2014,16:00,58.78,59.30,58.27,58.52,2107553.0
10/14/2014,16:00,58.55,59.22,57.82,57.84,3000983.0
10/15/2014,16:00,55.37,57.40,54.68,55.30,4545482.0
10/16/2014,16:00,52.91,55.52,52.90,54.78,2842825.0
10/17/2014,16:00,55.29,56.56,55.08,56.26,2781471.0
10/20/2014,16:00,56.01,56.95,55.69,56.92,2580246.0
10/21/2014,16:00,57.39,58.03,57.06,57.92,1918395.0
10/22/2014,16:00,58.12,58.40,57.58,57.68,3160789.0
10/23/2014,16:00,58.13,58.28,57.73,57.94,2359172.0
10/24/2014,16:00,58.15,58.39,57.75,58.38,1385665.0
10/27/2014,16:00,58.37,58.70,57.94,58.33,1826804.0
10/28/2014,16:00,58.49,59.33,57.99,59.19,1764133.0
10/29/2014,16:00,59.30,59.80,59.08,59.76,1869805.0
10/30/2014,16:00,59.70,64.48,59.58,62.06,3548978.0
10/31/2014,16:00,62.39,62.61,61.11,61.95,3733267.0
11/03/2014,16:00,61.96,62.47,61.79,62.17,2143747.0
11/04/2014,16:00,61.66,62.27,61.53,62.19,2082395.0
11/05/2014,16:00,62.61,63.01,62.12,62.97,1666469.0
11/06/2014,16:00,63.09,63.86,62.66,63.76,1723798.0
11/07/2014,16:00,63.72,63.86,62.34,62.52,1447455.0
11/10/2014,16:00,62.67,63.43,62.59,63.43,923905.0
11/11/2014,16:00,63.61,63.82,63.16,63.51,926102.0
11/12/2014,16:00,63.23,63.57,62.96,63.41,1161851.0
11/13/2014,16:00,63.42,63.89,63.18,63.44,1073886.0
11/14/2014,16:00,63.33,63.38,62.39,62.74,1118803.0
11/17/2014,16:00,62.53,63.14,62.28,62.92,1208159.0
11/18/2014,16:00,63.05,63.18,62.37,62.70,2576054.0
11/19/2014,16:00,62.61,62.81,61.46,61.76,3223011.0
11/20/2014,16:00,61.67,62.06,61.26,62.05,1646906.0
11/21/2014,16:00,63.06,64.50,63.06,64.49,2890118.0
11/24/2014,16:00,64.52,65.83,64.52,65.74,3211248.0
11/25/2014,16:00,65.51,66.09,65.30,65.49,1947119.0
11/26/2014,16:00,65.42,65.65,65.08,65.49,844361.0
11/28/2014,16:00,65.62,66.02,65.49,65.61,848392.0
12/01/2014,16:00,65.27,65.60,64.87,65.00,1273746.0
12/02/2014,16:00,65.18,65.91,65.03,65.78,1260244.0
12/03/2014,16:00,65.66,67.02,65.48,66.77,1966922.0
12/04/2014,16:00,66.81,66.93,66.26,66.93,1420467.0
12/05/2014,16:00,67.27,67.81,66.87,67.53,1705183.0
12/08/2014,16:00,67.30,67.43,66.18,66.69,2394031.0
12/09/2014,16:00,65.81,66.61,65.71,66.60,1138791.0
12/10/2014,16:00,66.61,66.62,64.55,64.62,1548343.0
12/11/2014,16:00,64.86,65.39,64.51,64.69,1296435.0
12/12/2014,16:00,64.35,64.56,63.77,64.04,2238196.0
12/15/2014,16:00,64.48,64.66,62.82,62.97,1752619.0
12/16/2014,16:00,62.87,63.41,62.05,62.07,2007674.0
12/17/2014,16:00,62.07,63.54,61.64,63.34,2306385.0
12/18/2014,16:00,64.00,64.93,63.76,64.91,1769295.0
12/19/2014,16:00,65.15,65.54,64.34,64.85,2375437.0
12/22/2014,16:00,64.88,65.39,64.68,65.07,916495.0
12/23/2014,16:00,65.31,65.39,63.70,63.72,1176886.0
12/24/2014,16:00,63.76,64.77,63.76,64.37,435813.0
12/26/2014,16:00,64.66,64.67,64.11,64.17,527240.0
12/29/2014,16:00,64.14,64.73,64.02,64.45,943448.0
12/30/2014,16:00,64.40,64.62,63.99,64.17,922211.0
12/31/2014,16:00,64.27,64.83,63.00,63.04,1238346.0
01/02/2015,16:00,63.08,63.90,62.29,62.95,1480186.0
01/05/2015,16:00,62.32,63.80,62.32,62.80,2156936.0
01/06/2015,16:00,62.87,63.12,61.97,62.44,2089101.0
01/07/2015,16:00,62.90,63.85,62.43,63.81,1804989.0
01/08/2015,16:00,64.52,65.30,64.40,64.96,2696389.0
01/09/2015,16:00,65.10,65.21,64.16,64.17,1462339.0
01/12/2015,16:00,64.25,64.40,62.93,63.35,2480362.0
01/13/2015,16:00,63.55,64.50,63.11,63.77,2355307.0
01/14/2015,16:00,63.59,66.52,63.27,65.49,4385762.0
01/15/2015,16:00,65.87,65.87,63.35,63.43,3011141.0
01/16/2015,16:00,63.17,64.36,62.97,64.31,1999759.0
01/20/2015,16:00,64.51,64.95,63.40,63.63,2343864.0
01/21/2015,16:00,63.55,63.97,62.81,63.29,2175811.0
01/22/2015,16:00,63.50,64.71,63.07,64.64,2084610.0
01/23/2015,16:00,63.64,63.69,62.29,63.00,4484110.0
01/26/2015,16:00,62.71,63.98,62.57,63.97,2637663.0
01/27/2015,16:00,63.63,65.10,63.16,64.59,2842042.0
01/28/2015,16:00,63.29,66.65,63.20,65.32,5278267.0
01/29/2015,16:00,65.34,65.40,63.96,64.31,2636765.0
01/30/2015,16:00,63.69,64.74,63.44,63.85,3770453.0
02/02/2015,16:00,63.94,64.99,63.65,64.85,2903323.0
02/03/2015,16:00,64.89,66.14,64.76,65.61,3221515.0
02/04/2015,16:00,65.15,65.82,64.28,64.49,2965683.0
02/05/2015,16:00,64.61,66.03,64.60,65.63,2985870.0
02/06/2015,16:00,65.55,65.90,63.93,64.18,3726892.0
02/09/2015,16:00,63.73,64.18,62.65,62.83,2692252.0
02/10/2015,16:00,63.69,64.31,63.45,64.04,1989853.0
02/11/2015,16:00,63.93,65.05,63.93,64.30,1740811.0
02/12/2015,16:00,64.87,64.93,64.17,64.78,1761917.0
02/13/2015,16:00,64.73,65.53,64.47,65.41,1723450.0
02/17/2015,16:00,65.51,65.72,64.63,65.20,1552669.0
02/18/2015,16:00,64.86,65.26,64.41,65.18,1530417.0
02/19/2015,16:00,65.03,65.49,64.82,65.12,1074450.0
02/20/2015,16:00,64.98,66.30,64.67,66.19,1161891.0
02/23/2015,16:00,66.12,66.71,65.93,66.45,1530990.0
02/24/2015,16:00,65.41,65.67,64.81,64.86,2871449.0
02/25/2015,16:00,64.69,65.19,64.67,64.94,1682034.0
02/26/2015,16:00,64.75,64.96,64.23,64.75,1193943.0
02/27/2015,16:00,64.80,65.28,64.56,64.64,1248053.0
03/02/2015,16:00,64.74,66.88,64.68,66.26,2627059.0
03/03/2015,16:00,65.94,66.17,65.24,65.53,1374208.0
03/04/2015,16:00,65.34,65.48,64.85,65.08,1142407.0
03/05/2015,16:00,65.37,65.81,65.02,65.65,914222.0
03/06/2015,16:00,65.34,65.35,64.23,64.49,2094855.0
03/09/2015,16:00,64.68,64.77,64.06,64.74,1632612.0
03/10/2015,16:00,64.22,64.53,63.70,64.36,1421707.0
03/11/2015,16:00,64.45,64.69,63.88,64.44,1449990.0
03/12/2015,16:00,64.77,65.03,64.49,65.01,1220020.0
03/13/2015,16:00,64.95,65.10,63.49,64.25,1653978.0
03/16/2015,16:00,64.82,65.75,64.64,65.39,1686956.0
03/17/2015,16:00,65.01,65.21,63.33,63.44,2416581.0
03/18/2015,16:00,62.29,63.72,62.04,63.57,4674693.0
03/19/2015,16:00,63.63,64.67,63.29,64.63,1703827.0
03/20/2015,16:00,65.28,65.31,64.40,65.02,2449799.0
03/23/2015,16:00,64.96,65.41,64.76,65.20,1534174.0
03/24/2015,16:00,65.27,65.57,64.69,64.74,1020644.0
03/25/2015,16:00,64.75,65.21,63.41,63.42,1819880.0
03/26/2015,16:00,63.25,63.72,62.85,63.28,1385405.0
03/27/2015,16:00,63.29,64.19,63.26,64.08,770603.0
03/30/2015,16:00,64.36,65.20,64.20,64.91,1525805.0
03/31/2015,16:00,64.59,64.86,63.67,63.67,1849960.0
04/01/2015,16:00,63.66,64.03,63.10,63.55,2359714.0
04/02/2015,16:00,63.69,64.23,63.29,63.61,964447.0
04/06/2015,16:00,63.37,64.70,63.25,64.59,1420066.0
04/07/2015,16:00,64.55,65.64,64.44,64.82,1238281.0
04/08/2015,16:00,65.03,65.93,64.83,65.76,2385774.0
04/09/2015,16:00,65.67,66.20,65.09,66.15,1900179.0
04/10/2015,16:00,65.97,66.69,65.69,66.37,1240823.0
04/13/2015,16:00,66.57,67.37,65.73,65.87,1885431.0
04/14/2015,16:00,65.70,65.88,64.98,65.59,1034419.0
04/15/2015,16:00,65.74,67.03,65.74,66.74,1616210.0
04/16/2015,16:00,66.63,66.78,65.95,66.48,875032.0
04/17/2015,16:00,65.91,66.20,65.46,65.97,1337989.0
04/20/2015,16:00,66.24,66.84,66.09,66.43,1222429.0
04/21/2015,16:00,66.63,67.39,66.40,67.30,2102173.0
04/22/2015,16:00,68.30,71.80,68.24,71.61,7001243.0
04/23/2015,16:00,72.92,73.73,71.82,72.06,4722875.0
04/24/2015,16:00,71.58,72.24,71.07,71.53,3091784.0
04/27/2015,16:00,71.98,72.05,70.21,70.39,2217818.0
04/28/2015,16:00,70.36,70.97,69.69,70.67,1840773.0
04/29/2015,16:00,70.33,70.98,69.33,69.78,1821003.0
04/30/2015,16:00,69.05,69.59,67.86,68.20,2166884.0
05/01/2015,16:00,68.86,69.76,68.84,69.58,2078790.0
05/04/2015,16:00,69.75,71.21,69.39,70.68,1922026.0
05/05/2015,16:00,70.42,70.50,69.28,69.45,1438300.0
05/06/2015,16:00,69.45,69.74,68.74,69.20,1446257.0
05/07/2015,16:00,69.33,69.98,69.22,69.47,1544687.0
05/08/2015,16:00,70.18,70.86,70.14,70.55,1041167.0
05/11/2015,16:00,70.31,70.91,70.17,70.62,1042415.0
05/12/2015,16:00,70.05,70.45,69.63,69.88,965558.0
05/13/2015,16:00,69.73,70.31,69.61,69.87,1070271.0
05/14/2015,16:00,70.50,72.69,70.10,72.53,2395250.0
05/15/2015,16:00,72.53,73.14,71.79,72.98,2502825.0
05/18/2015,16:00,72.99,73.25,72.54,72.76,1567154.0
05/19/2015,16:00,72.76,72.94,72.28,72.61,976082.0
05/20/2015,16:00,72.73,73.02,72.40,72.50,1223172.0
05/21/2015,16:00,72.38,72.90,72.18,72.77,882969.0
05/22/2015,16:00,72.55,72.68,72.18,72.31,994234.0
05/26/2015,16:00,72.33,72.42,71.57,71.75,1075143.0
05/27/2015,16:00,72.24,72.52,71.65,72.34,780733.0
05/28/2015,16:00,72.33,73.07,71.97,72.19,1076910.0
05/29/2015,16:00,72.17,72.32,71.55,71.81,1834866.0
06/01/2015,16:00,72.19,73.19,71.57,72.43,1739699.0
06/02/2015,16:00,72.29,72.84,71.69,72.25,991906.0
06/03/2015,16:00,72.42,72.83,72.09,72.51,728181.0
06/04/2015,16:00,72.08,72.39,71.27,71.42,1222951.0
06/05/2015,16:00,71.42,71.94,70.89,71.88,1038139.0
06/08/2015,16:00,71.82,72.08,71.20,71.21,1123447.0
06/09/2015,16:00,71.16,71.79,71.00,71.45,875695.0
06/10/2015,16:00,71.59,72.63,71.42,72.48,895334.0
06/11/2015,16:00,72.81,73.76,72.58,73.16,1331364.0
06/12/2015,16:00,72.79,72.89,72.03,72.38,743852.0
06/15/2015,16:00,71.55,71.94,70.80,71.91,1179249.0
06/16/2015,16:00,71.94,72.24,71.51,72.04,979860.0
06/17/2015,16:00,72.37,72.70,71.74,72.24,1394013.0
06/18/2015,16:00,72.48,73.96,72.22,73.84,1548710.0
06/19/2015,16:00,73.77,73.87,73.53,73.66,1015451.0
06/22/2015,16:00,74.04,74.32,73.66,73.82,557544.0
06/23/2015,16:00,73.81,73.95,73.11,73.31,811017.0
06/24/2015,16:00,73.10,73.24,72.41,72.47,994051.0
06/25/2015,16:00,72.58,73.29,72.41,72.68,654783.0
06/26/2015,16:00,72.90,73.04,72.38,72.70,1282588.0
06/29/2015,16:00,71.95,72.81,71.12,71.21,1177906.0
06/30/2015,16:00,71.96,72.14,71.04,71.42,931036.0
07/01/2015,16:00,72.08,72.57,71.44,71.97,1447858.0
07/02/2015,16:00,72.06,72.06,70.77,71.38,1030167.0
07/06/2015,16:00,70.74,71.79,70.40,71.40,1480351.0
07/07/2015,16:00,71.74,72.47,70.62,72.39,1349517.0
07/08/2015,16:00,72.54,72.87,71.85,72.03,1597018.0
07/09/2015,16:00,73.02,73.39,72.73,72.86,1842633.0
07/10/2015,16:00,73.46,73.89,73.10,73.63,977861.0
07/13/2015,16:00,74.14,74.82,73.95,74.70,1249476.0
07/14/2015,16:00,74.69,75.56,74.45,75.23,1514165.0
07/15/2015,16:00,75.30,75.35,74.38,74.54,1470367.0
07/16/2015,16:00,74.29,75.52,73.49,75.43,1266737.0
07/17/2015,16:00,75.27,75.49,74.58,75.42,1279867.0
07/20/2015,16:00,75.36,75.60,74.76,74.84,1374035.0
07/21/2015,16:00,75.10,79.02,73.68,74.98,3834868.0
07/22/2015,16:00,73.94,76.13,73.65,74.94,4451995.0
07/23/2015,16:00,74.33,74.80,73.36,73.82,2896784.0
07/24/2015,16:00,73.41,74.20,72.12,72.27,1998596.0
07/27/2015,16:00,72.23,72.75,71.37,71.53,1927862.0
07/28/2015,16:00,71.81,72.57,71.55,72.52,1441464.0
07/29/2015,16:00,72.63,72.84,71.95,72.74,1466933.0
07/30/2015,16:00,72.47,72.65,71.91,72.24,1139420.0
07/31/2015,16:00,72.66,72.85,72.05,72.15,1847531.0
08/03/2015,16:00,72.20,72.60,71.65,71.74,1811935.0
08/04/2015,16:00,71.83,72.02,70.95,71.12,1462242.0
08/05/2015,16:00,71.92,72.48,71.48,71.65,1157343.0
08/06/2015,16:00,71.55,71.96,70.15,70.32,1292320.0
08/07/2015,16:00,70.22,70.48,69.09,69.82,1526799.0
08/10/2015,16:00,70.13,70.72,70.13,70.37,1186411.0
08/11/2015,16:00,69.94,70.42,69.58,69.97,1021455.0
08/12/2015,16:00,69.31,69.81,68.60,69.63,1472543.0
08/13/2015,16:00,69.77,69.91,68.88,69.61,2291508.0
08/14/2015,16:00,69.51,69.64,68.96,69.34,1148137.0
08/17/2015,16:00,69.07,70.98,68.60,70.90,2293102.0
08/18/2015,16:00,70.69,71.24,70.57,70.86,1672678.0
08/19/2015,16:00,70.50,71.09,69.79,70.51,1583920.0
08/20/2015,16:00,69.86,70.17,68.66,68.71,1133450.0
08/21/2015,16:00,68.00,68.11,66.48,66.48,1658112.0
08/24/2015,16:00,63.83,66.58,62.50,64.92,3085599.0
08/25/2015,16:00,67.06,68.42,65.84,66.72,4329918.0
08/26/2015,16:00,67.91,68.11,65.68,67.77,2260078.0
08/27/2015,16:00,71.35,71.71,69.17,70.79,8793428.0
08/28/2015,16:00,70.24,71.27,70.23,70.98,1679761.0
08/31/2015,16:00,70.75,71.09,69.15,69.21,1330107.0
09/01/2015,16:00,67.74,68.89,66.61,67.13,1977560.0
09/02/2015,16:00,68.18,69.48,67.31,69.46,2013964.0
09/03/2015,16:00,69.78,70.05,68.53,68.79,1437275.0
09/04/2015,16:00,68.24,68.48,67.34,68.07,1146448.0
09/08/2015,16:00,69.11,69.65,68.67,69.63,1205248.0
09/09/2015,16:00,69.82,70.28,66.88,67.04,2592974.0
09/10/2015,16:00,67.17,68.44,66.90,68.16,1531671.0
09/11/2015,16:00,67.88,68.50,67.56,68.21,1021289.0
09/14/2015,16:00,68.30,68.67,66.63,66.91,1966801.0
09/15/2015,16:00,67.28,67.55,66.81,67.48,1896858.0
09/16/2015,16:00,67.50,68.04,67.41,67.75,1855254.0
09/17/2015,16:00,67.91,68.76,67.34,67.68,1162029.0
09/18/2015,16:00,66.49,66.87,65.68,65.79,3138863.0
09/21/2015,16:00,66.27,66.51,65.12,65.46,1319045.0
09/22/2015,16:00,64.99,65.85,64.53,65.10,1691247.0
09/23/2015,16:00,65.07,65.60,64.74,64.85,1140277.0
09/24/2015,16:00,64.59,65.01,64.34,64.88,1560281.0
09/25/2015,16:00,65.37,65.57,62.95,63.39,1416761.0
09/28/2015,16:00,63.05,63.28,61.23,61.65,2276066.0
09/29/2015,16:00,61.97,62.90,61.27,61.80,1708416.0
09/30/2015,16:00,62.65,62.67,61.52,61.95,2285443.0
10/01/2015,16:00,62.21,62.57,61.34,61.63,2687319.0
10/02/2015,16:00,60.74,62.76,59.91,62.66,2482667.0
10/05/2015,16:00,62.25,63.43,61.96,62.84,2034922.0
10/06/2015,16:00,62.65,62.76,60.64,61.35,2234180.0
10/07/2015,16:00,61.72,62.21,61.17,61.96,1504371.0
10/08/2015,16:00,61.91,62.30,61.51,62.05,1429220.0
10/09/2015,16:00,61.95,62.87,61.84,62.83,3106952.0
10/12/2015,16:00,62.74,64.47,62.68,64.21,2667181.0
10/13/2015,16:00,64.19,67.34,63.92,65.29,4339687.0
10/14/2015,16:00,65.32,65.79,64.60,64.69,1821532.0
10/15/2015,16:00,64.88,66.04,64.85,65.97,1555890.0
10/16/2015,16:00,66.14,67.01,66.06,66.77,1556068.0
10/19/2015,16:00,66.65,67.11,66.25,66.99,1348904.0
10/20/2015,16:00,66.80,67.72,66.63,67.12,2523095.0
10/21/2015,16:00,63.26,63.79,61.01,61.17,5381759.0
10/22/2015,16:00,61.11,61.31,59.25,60.70,4229458.0
10/23/2015,16:00,61.13,61.92,60.86,61.72,2562475.0
10/26/2015,16:00,61.69,62.23,61.39,61.78,1708033.0
10/27/2015,16:00,61.82,62.13,61.10,61.67,1724750.0
10/28/2015,16:00,61.61,61.95,60.51,61.76,2434833.0
10/29/2015,16:00,61.67,62.54,61.67,62.43,1770491.0
10/30/2015,16:00,62.57,62.95,62.31,62.66,1685484.0
11/02/2015,16:00,62.79,63.63,62.66,63.49,1419216.0
11/03/2015,16:00,63.38,63.57,62.55,62.89,1685040.0
11/04/2015,16:00,63.30,63.47,62.04,63.24,1485807.0
11/05/2015,16:00,63.20,63.51,62.71,63.43,1148482.0
11/06/2015,16:00,63.07,63.70,62.73,63.65,1479499.0
11/09/2015,16:00,63.06,63.35,61.96,62.48,1296706.0
11/10/2015,16:00,62.40,62.95,62.15,62.84,806856.0
11/11/2015,16:00,62.99,63.30,62.18,62.21,670841.0
11/12/2015,16:00,61.99,62.13,61.02,61.06,997387.0
11/13/2015,16:00,60.88,61.43,60.53,60.72,1103075.0
11/16/2015,16:00,60.67,61.34,60.45,61.31,1115375.0
11/17/2015,16:00,61.43,61.89,60.98,61.54,904423.0
11/18/2015,16:00,61.77,62.35,61.39,62.28,1249946.0
11/19/2015,16:00,62.01,62.11,61.30,61.39,1144706.0
11/20/2015,16:00,61.64,62.06,60.49,60.81,2428612.0
11/23/2015,16:00,60.88,62.27,60.75,61.94,1621169.0
11/24/2015,16:00,61.48,61.77,60.79,61.65,1136476.0
11/25/2015,16:00,61.64,61.90,61.30,61.83,981203.0
11/27/2015,16:00,62.00,62.56,61.91,62.51,511000.0
11/30/2015,16:00,62.67,62.88,61.93,61.96,2004294.0
12/01/2015,16:00,62.43,62.63,61.60,61.83,2094217.0
12/02/2015,16:00,61.98,62.51,61.63,61.83,1751528.0
12/03/2015,16:00,61.86,62.26,60.37,60.50,1856979.0
12/04/2015,16:00,60.70,61.36,60.56,61.18,1590815.0
12/07/2015,16:00,61.07,61.29,60.16,60.51,1002419.0
12/08/2015,16:00,60.30,60.50,59.62,59.84,1808026.0
12/09/2015,16:00,59.56,60.49,59.33,59.47,1690000.0
12/10/2015,16:00,59.58,60.81,59.28,60.58,1612308.0
12/11/2015,16:00,59.82,59.95,59.01,59.53,1656477.0
12/14/2015,16:00,59.62,59.90,58.79,59.16,1690255.0
12/15/2015,16:00,59.78,61.03,59.67,60.60,1779842.0
12/16/2015,16:00,61.04,61.94,60.13,61.07,2450477.0
12/17/2015,16:00,61.08,61.49,59.96,59.96,1809811.0
12/18/2015,16:00,59.99,60.58,59.60,59.77,2493634.0
12/21/2015,16:00,59.89,60.11,59.37,59.86,1525323.0
12/22/2015,16:00,60.04,60.43,59.44,60.12,1423183.0
12/23/2015,16:00,60.40,60.68,59.70,60.41,1489272.0
12/24/2015,16:00,60.34,60.49,59.98,60.03,1015217.0
12/28/2015,16:00,59.92,60.50,59.60,60.49,1106222.0
12/29/2015,16:00,60.86,62.20,60.56,61.81,1583323.0
12/30/2015,16:00,61.84,61.93,61.20,61.38,1002708.0
12/31/2015,16:00,61.21,61.99,60.66,60.93,1046339.0
01/04/2016,16:00,59.83,60.62,59.21,59.58,2766165.0
01/05/2016,16:00,59.60,60.14,59.35,59.97,2186173.0
01/06/2016,16:00,59.04,59.78,58.90,59.29,1661665.0
01/07/2016,16:00,58.17,59.10,57.37,57.64,2108617.0
01/08/2016,16:00,58.33,59.15,57.22,57.37,1761606.0
01/11/2016,16:00,57.47,57.86,55.54,56.41,2313190.0
01/12/2016,16:00,56.87,58.55,56.86,58.39,3121264.0
01/13/2016,16:00,58.23,58.75,54.24,54.29,4266001.0
01/14/2016,16:00,54.28,55.08,53.53,54.74,4759982.0
01/15/2016,16:00,53.60,54.48,53.06,54.14,3336083.0
01/19/2016,16:00,53.57,54.58,52.51,53.05,2744990.0
01/20/2016,16:00,52.18,53.64,51.46,53.25,2716889.0
01/21/2016,16:00,53.44,53.69,52.57,52.99,3493619.0
01/22/2016,16:00,53.56,54.08,53.47,54.03,1889777.0
01/25/2016,16:00,53.99,54.17,53.39,53.43,2678972.0
01/26/2016,16:00,53.70,54.01,53.21,53.71,2230833.0
01/27/2016,16:00,52.53,55.24,52.27,53.56,4261594.0
01/28/2016,16:00,54.03,55.23,51.95,52.04,3066759.0
01/29/2016,16:00,52.25,52.74,51.61,52.14,4148135.0
02/01/2016,16:00,51.99,52.72,51.72,52.58,2687636.0
02/02/2016,16:00,51.71,52.44,51.41,52.06,1982002.0
02/03/2016,16:00,52.53,52.53,51.21,51.89,1988381.0
02/04/2016,16:00,52.15,52.40,51.67,52.33,2428531.0
02/05/2016,16:00,51.62,51.69,50.31,50.52,2687857.0
02/08/2016,16:00,50.43,50.74,48.63,49.62,2310374.0
02/09/2016,16:00,49.16,50.34,49.03,49.77,1993501.0
02/10/2016,16:00,50.13,51.00,49.84,50.03,1345941.0
02/11/2016,16:00,48.95,49.42,48.17,48.79,2292790.0
02/12/2016,16:00,49.08,49.75,48.63,49.72,2286395.0
02/16/2016,16:00,50.24,51.38,49.99,51.24,2081726.0
02/17/2016,16:00,52.28,52.55,51.92,52.43,3299814.0
02/18/2016,16:00,52.36,52.62,52.07,52.27,1556746.0
02/19/2016,16:00,52.19,52.79,51.88,52.69,2018745.0
02/22/2016,16:00,52.81,54.09,52.81,53.27,1875101.0
02/23/2016,16:00,52.97,53.57,52.87,53.26,1497043.0
02/24/2016,16:00,52.92,53.60,52.22,53.47,1274303.0
02/25/2016,16:00,53.37,53.62,52.74,53.56,1873695.0
02/26/2016,16:00,53.72,54.10,53.54,53.84,1562654.0
02/29/2016,16:00,53.61,53.69,52.94,52.96,1723046.0
03/01/2016,16:00,53.03,53.42,52.16,53.40,2082334.0
03/02/2016,16:00,53.43,54.18,53.32,54.17,1682602.0
03/03/2016,16:00,54.01,54.31,53.61,54.26,1463708.0
03/04/2016,16:00,54.09,55.05,54.06,54.93,1452064.0
03/07/2016,16:00,54.58,55.36,54.37,54.83,1526084.0
03/08/2016,16:00,54.44,54.82,53.69,53.92,1424430.0
03/09/2016,16:00,54.18,54.35,53.61,53.85,1096994.0
03/10/2016,16:00,54.04,54.30,53.30,54.02,1503852.0
03/11/2016,16:00,54.43,55.58,54.35,55.57,1483149.0
03/14/2016,16:00,55.17,55.81,54.97,55.66,1148038.0
03/15/2016,16:00,55.55,55.93,54.44,54.60,1649448.0
03/16/2016,16:00,54.48,54.85,53.33,53.76,2107129.0
03/17/2016,16:00,53.84,53.84,52.59,53.31,2133237.0
03/18/2016,16:00,53.46,54.11,53.12,53.97,5643955.0
03/21/2016,16:00,54.08,54.13,53.60,53.71,2128274.0
03/22/2016,16:00,53.22,54.29,52.49,54.26,5611315.0
03/23/2016,16:00,54.31,54.49,53.87,54.03,2005624.0
03/24/2016,16:00,53.58,53.89,53.17,53.53,1357047.0
03/28/2016,16:00,53.64,53.80,53.33,53.65,1033132.0
03/29/2016,16:00,53.69,54.64,53.50,54.59,1654599.0
03/30/2016,16:00,54.92,55.31,54.47,54.61,966716.0
03/31/2016,16:00,54.75,54.90,54.33,54.56,1769458.0
04/01/2016,16:00,54.34,54.85,54.34,54.75,1936763.0
04/04/2016,16:00,54.91,56.25,54.91,55.62,2617276.0
04/05/2016,16:00,55.20,55.29,54.24,54.45,2653735.0
04/06/2016,16:00,54.41,55.46,54.41,55.36,3419990.0
04/07/2016,16:00,55.19,55.63,54.57,54.83,1768255.0
04/08/2016,16:00,55.06,55.42,54.74,54.93,1338918.0
04/11/2016,16:00,55.04,56.03,54.78,55.76,2724325.0
04/12/2016,16:00,56.14,57.21,55.75,57.04,3317154.0
04/13/2016,16:00,57.53,58.02,57.32,57.89,2730486.0
04/14/2016,16:00,58.02,58.20,57.56,58.09,1388876.0
04/15/2016,16:00,58.02,58.25,57.67,58.21,1468536.0
04/18/2016,16:00,57.80,58.45,57.38,58.18,2031924.0
04/19/2016,16:00,58.18,58.44,57.49,58.13,2390608.0
04/20/2016,16:00,60.27,61.08,59.79,60.45,3162547.0
04/21/2016,16:00,60.51,60.86,59.62,60.00,3121482.0
04/22/2016,16:00,60.15,60.46,59.88,60.19,1990915.0
04/25/2016,16:00,60.19,60.51,60.00,60.07,1869482.0
04/26/2016,16:00,60.18,60.24,59.49,59.70,1693569.0
04/27/2016,16:00,59.86,61.62,59.74,61.46,2975567.0
04/28/2016,16:00,76.39,78.98,76.34,77.17,32961004.0
04/29/2016,16:00,76.83,77.07,75.53,75.59,15432791.0
05/02/2016,16:00,75.76,76.09,75.39,75.69,11043738.0
05/03/2016,16:00,75.52,75.69,75.11,75.25,8664376.0
05/04/2016,16:00,74.90,75.28,74.66,74.76,7304450.0
05/05/2016,16:00,74.80,75.46,74.71,74.91,9452153.0
05/06/2016,16:00,74.60,74.99,74.34,74.50,3589843.0
05/09/2016,16:00,74.64,75.24,74.51,74.52,5866874.0
05/10/2016,16:00,74.92,75.05,74.65,74.91,6456805.0
05/11/2016,16:00,75.05,75.15,74.81,75.08,4570566.0
05/12/2016,16:00,75.10,75.31,74.87,75.23,4204221.0
05/13/2016,16:00,75.08,75.59,74.97,75.14,4513625.0
05/16/2016,16:00,75.24,75.94,75.15,75.79,3785669.0
05/17/2016,16:00,75.78,75.89,75.37,75.48,4226752.0
05/18/2016,16:00,75.58,76.17,75.41,75.74,6760950.0
05/19/2016,16:00,75.61,75.74,75.16,75.59,2910698.0
05/20/2016,16:00,76.01,76.23,75.78,76.17,4092199.0
05/23/2016,16:00,76.13,76.24,75.67,75.69,3731971.0
05/24/2016,16:00,75.79,76.55,75.72,76.40,3561246.0
05/25/2016,16:00,76.43,77.01,76.36,76.82,3282018.0
05/26/2016,16:00,76.78,77.26,76.64,77.22,1813398.0
05/27/2016,16:00,77.29,77.58,77.20,77.56,2572477.0
05/31/2016,16:00,77.46,77.92,77.30,77.74,3924763.0
06/01/2016,16:00,77.41,77.80,77.38,77.65,2899024.0
06/02/2016,16:00,77.68,77.90,77.50,77.78,2172848.0
06/03/2016,16:00,77.67,77.78,77.38,77.65,2551253.0
06/06/2016,16:00,77.65,77.84,77.50,77.53,3869139.0
06/07/2016,16:00,77.47,77.74,77.26,77.27,3339367.0
06/08/2016,16:00,77.12,77.58,77.08,77.34,2324081.0
06/09/2016,16:00,77.20,77.56,77.20,77.45,2613473.0
06/10/2016,16:00,77.23,77.41,76.73,76.73,1636692.0
06/13/2016,16:00,76.69,77.08,76.17,76.21,3985732.0
06/14/2016,16:00,76.25,76.41,76.00,76.20,3297100.0
06/15/2016,16:00,76.38,76.42,75.92,75.93,2563484.0
06/16/2016,16:00,75.86,76.20,75.45,76.12,2101649.0
06/17/2016,16:00,76.02,76.16,75.80,75.83,4530758.0
06/20/2016,16:00,76.46,76.60,76.21,76.29,3395631.0
06/21/2016,16:00,76.60,76.66,76.24,76.24,1548207.0
06/22/2016,16:00,76.31,77.19,76.23,77.05,2040343.0
06/23/2016,16:00,77.33,77.87,77.30,77.87,1978545.0
06/24/2016,16:00,76.65,76.92,76.23,76.27,5390442.0
06/27/2016,16:00,75.89,76.07,75.28,75.51,5061482.0
06/28/2016,16:00,76.00,76.26,75.70,76.25,3239872.0
06/29/2016,16:00,76.63,77.32,76.50,77.25,1810384.0
06/30/2016,16:00,77.37,77.81,77.06,77.69,2243087.0
07/01/2016,16:00,77.67,78.19,77.57,77.93,1832785.0
07/05/2016,16:00,77.80,77.89,77.54,77.82,2902754.0
07/06/2016,16:00,77.72,79.19,77.62,79.12,1912355.0
07/07/2016,16:00,79.03,79.85,79.03,79.83,1983440.0
07/08/2016,16:00,80.02,80.50,79.82,80.26,1186619.0
07/11/2016,16:00,80.35,80.59,80.23,80.35,1582856.0
07/12/2016,16:00,80.43,80.89,80.36,80.56,2007320.0
07/13/2016,16:00,80.61,80.86,80.10,80.13,3750100.0
07/14/2016,16:00,80.27,80.59,80.17,80.41,2111332.0
07/15/2016,16:00,80.62,80.62,80.08,80.17,2285926.0
07/18/2016,16:00,80.23,80.27,79.96,80.24,2458871.0
07/19/2016,16:00,79.94,80.10,79.62,79.89,2459400.0
07/20/2016,16:00,80.32,81.09,80.17,80.92,1710260.0
07/21/2016,16:00,80.93,81.54,80.90,81.24,2004418.0
07/22/2016,16:00,81.08,81.53,81.06,81.38,1608899.0
07/25/2016,16:00,81.31,81.74,81.31,81.69,1648152.0
07/26/2016,16:00,81.58,81.88,81.38,81.86,1318593.0
07/27/2016,16:00,81.71,82.11,81.54,81.89,1867868.0
07/28/2016,16:00,82.06,83.19,82.05,82.33,2608619.0
07/29/2016,16:00,82.36,83.15,82.27,82.71,2096604.0
08/01/2016,16:00,82.76,83.47,82.76,83.40,1262064.0
08/02/2016,16:00,83.52,83.60,82.91,83.19,996838.0
08/03/2016,16:00,83.17,83.23,82.97,83.20,1102077.0
08/04/2016,16:00,82.98,83.28,82.98,83.12,1043777.0
08/05/2016,16:00,83.14,83.61,83.11,83.57,1032576.0
08/08/2016,16:00,83.47,83.67,83.13,83.18,1877099.0
08/09/2016,16:00,83.15,83.48,83.14,83.39,1854141.0
08/10/2016,16:00,83.32,83.63,82.99,83.12,1153386.0
08/11/2016,16:00,83.25,83.50,83.12,83.34,1948249.0
08/12/2016,16:00,83.22,83.36,82.85,83.31,1420454.0
08/15/2016,16:00,83.25,83.50,83.08,83.31,1108518.0
08/16/2016,16:00,83.17,83.30,82.96,83.05,2371063.0
08/17/2016,16:00,83.25,83.42,82.70,82.87,2837302.0
08/18/2016,16:00,82.71,82.99,82.48,82.59,1414204.0
08/19/2016,16:00,82.40,82.65,81.98,82.65,2880522.0
08/22/2016,16:00,82.48,82.65,82.17,82.55,2297646.0
08/23/2016,16:00,82.67,82.82,82.34,82.42,1958505.0
08/24/2016,16:00,82.43,82.57,81.47,81.56,2835459.0
08/25/2016,16:00,81.41,81.67,73.11,77.51,33118060.0
08/26/2016,16:00,77.40,77.87,75.04,77.70,13183950.0
08/29/2016,16:00,77.96,78.33,77.33,77.94,9116633.0
08/30/2016,16:00,77.94,78.84,77.46,78.32,9929214.0
08/31/2016,16:00,78.88,78.88,77.05,77.61,4419619.0
09/01/2016,16:00,77.72,78.09,77.48,77.83,3352735.0
09/02/2016,16:00,78.09,78.43,77.95,78.34,1890972.0
09/06/2016,16:00,78.24,78.77,77.95,78.59,2020975.0
09/07/2016,16:00,78.59,79.37,78.55,78.87,4492622.0
09/08/2016,16:00,79.01,79.28,78.89,79.08,1854779.0
09/09/2016,16:00,78.63,78.70,77.73,77.73,4263959.0
09/12/2016,16:00,77.39,78.69,77.31,78.53,2026019.0
09/13/2016,16:00,78.05,78.34,77.72,77.83,1403915.0
09/14/2016,16:00,77.71,78.30,77.69,77.87,2093783.0
09/15/2016,16:00,78.02,78.46,77.82,78.34,1126634.0
09/16/2016,16:00,78.36,79.04,77.96,78.88,2393616.0
09/19/2016,16:00,79.19,79.43,78.70,78.73,2480657.0
09/20/2016,16:00,79.06,79.22,78.58,78.58,1942552.0
09/21/2016,16:00,78.57,79.23,78.34,79.13,2371775.0
09/22/2016,16:00,79.39,79.59,79.21,79.30,2229774.0
09/23/2016,16:00,79.34,79.57,79.09,79.33,1174683.0
09/26/2016,16:00,79.19,79.39,78.68,78.75,1866214.0
09/27/2016,16:00,78.71,79.64,78.69,79.60,2345013.0
09/28/2016,16:00,79.64,79.87,79.35,79.73,1165718.0
09/29/2016,16:00,79.45,79.65,78.76,78.96,2345676.0
09/30/2016,16:00,79.29,80.12,79.20,79.76,2650776.0
10/03/2016,16:00,79.43,80.21,79.43,80.16,1381402.0
10/04/2016,16:00,80.25,80.71,79.55,79.83,2393253.0
10/05/2016,16:00,79.92,80.37,79.76,80.31,1487541.0
10/06/2016,16:00,80.07,81.01,80.04,80.74,2598327.0
10/07/2016,16:00,80.7,81.0,80.44,80.86,1298267.0
10/10/2016,16:00,80.86,81.53,80.86,81.28,2393816.0
10/11/2016,16:00,79.89,80.05,78.12,78.41,12729047.0
10/12/2016,16:00,78.63,78.76,78.25,78.35,1565785.0
10/13/2016,16:00,77.97,78.45,77.75,78.16,2430458.0
10/14/2016,16:00,78.4,78.71,77.94,77.98,1422465.0
10/17/2016,16:00,77.95,78.22,77.64,77.66,2090215.0
10/18/2016,16:00,78.87,79.68,78.62,79.44,4591556.0
10/19/2016,16:00,79.26,80.13,78.67,78.7,6970414.0
10/20/2016,16:00,78.65,79.74,78.65,79.63,2970522.0
10/21/2016,16:00,79.12,79.50,78.92,79.36,1918934.0
10/24/2016,16:00,79.65,79.81,79.12,79.42,2750866.0
10/25/2016,16:00,79.52,79.54,78.87,79.01,2315660.0
10/26/2016,16:00,78.78,79.28,78.64,78.7,1333726.0
10/27/2016,16:00,78.94,79.39,78.86,79.01,1569324.0
10/28/2016,16:00,78.88,79.19,77.94,77.97,5671608.0
10/31/2016,16:00,77.84,78.20,77.51,77.84,1958811.0
11/01/2016,16:00,77.75,78.11,77.54,77.81,2503556.0
11/02/2016,16:00,77.76,78.15,77.59,77.64,1382375.0
11/03/2016,16:00,77.87,78.15,77.32,77.44,1394363.0
11/04/2016,16:00,77.55,78.33,77.47,77.98,1046171.0
11/07/2016,16:00,78.57,79.0,78.57,78.96,1316232.0
11/08/2016,16:00,78.84,79.13,78.38,78.95,1970667.0
11/09/2016,16:00,79.18,80.11,78.42,79.21,1801347.0
11/10/2016,16:00,79.62,79.98,79.39,79.73,1959463.0
11/11/2016,16:00,79.81,79.81,79.17,79.4,1399003.0
11/14/2016,16:00,79.49,79.49,78.47,78.47,2338084.0
11/15/2016,16:00,78.68,80.53,78.6,79.75,3209469.0
11/16/2016,16:00,79.14,80.09,79.14,79.77,1647677.0
11/17/2016,16:00,79.66,80.28,79.56,80.22,1279422.0
11/18/2016,16:00,80.07,80.27,79.87,80.02,2300482.0
11/21/2016,16:00,80.2,80.66,79.96,80.27,5271991.0
11/22/2016,16:00,79.91,79.98,78.51,78.9,2002185.0
11/23/2016,16:00,78.86,80.05,78.64,80.02,2868742.0
11/25/2016,16:00,80.24,80.29,79.87,80.29,546148.0
11/28/2016,16:00,80.06,80.23,79.74,79.74,1267369.0
11/29/2016,16:00,80.0,80.15,79.66,79.7,1608948.0
11/30/2016,16:00,79.69,79.86,79.12,79.2,2001269.0
12/01/2016,16:00,79.19,79.48,78.54,78.78,1982621.0
12/02/2016,16:00,78.95,79.25,78.78,79.02,1450233.0
12/05/2016,16:00,79.2,79.52,79.13,79.49,2666997.0
12/06/2016,16:00,79.65,79.7,79.31,79.55,2045231.0
12/07/2016,16:00,78.9,79.68,78.59,79.68,2386081.0
12/08/2016,16:00,79.67,79.91,79.22,79.9,2185694.0
12/09/2016,16:00,79.93,80.41,79.9,80.3,1859684.0
12/12/2016,16:00,80.1,80.56,79.97,80.2,2422384.0
12/13/2016,16:00,80.25,80.68,80.22,80.41,2462510.0
12/14/2016,16:00,80.46,80.73,79.59,79.76,2708237.0
12/15/2016,16:00,79.62,80.0,79.29,79.88,2486103.0
12/16/2016,16:00,80.1,80.29,79.09,79.2,2554717.0
12/19/2016,16:00,79.16,79.82,79.15,79.79,2115499.0
12/20/2016,16:00,79.8,79.8,79.16,79.42,1994517.0
12/21/2016,16:00,79.33,79.41,79.04,79.28,1509212.0
12/22/2016,16:00,79.2,80.0,79.08,79.7,3153012.0
12/23/2016,16:00,79.8,80.03,79.62,79.83,1516298.0
12/27/2016,16:00,79.98,80.32,79.84,80.15,3178104.0
12/28/2016,16:00,80.29,80.37,79.65,79.81,1722318.0
12/29/2016,16:00,79.78,80.03,79.68,79.83,1218880.0
12/30/2016,16:00,79.85,80.53,79.82,80.19,3893045.0
01/03/2017,16:00,80.4,80.77,80.11,80.69,2340527.0
01/04/2017,16:00,80.81,81.31,80.72,80.82,14736217.0
