Date,Time,Open,High,Low,Close,Vol
07/25/2008,16:00,1.9,1.93,1.89,1.93,16200.0
07/28/2008,16:00,1.91,1.95,1.88,1.88,17000.0
07/29/2008,16:00,1.81,1.96,1.81,1.81,20800.0
07/30/2008,16:00,1.8,1.83,1.77,1.77,13600.0
07/31/2008,16:00,1.77,1.86,1.77,1.86,18100.0
08/01/2008,16:00,1.7,1.8,1.7,1.71,60900.0
08/04/2008,16:00,1.54,1.85,1.54,1.81,22200.0
08/05/2008,16:00,1.64,1.65,1.57,1.63,81900.0
08/06/2008,16:00,1.7,1.7,1.52,1.63,25600.0
08/07/2008,16:00,1.56,1.59,1.5,1.51,8100.0
08/08/2008,16:00,1.5,1.5,1.43,1.45,11200.0
08/11/2008,16:00,1.44,1.44,1.31,1.33,274100.0
08/12/2008,16:00,1.3,1.36,1.2,1.22,130500.0
08/13/2008,16:00,1.39,1.8,1.32,1.62,98800.0
08/14/2008,16:00,1.71,1.71,1.5,1.53,49900.0
08/15/2008,16:00,1.41,1.5,1.41,1.45,22100.0
08/18/2008,16:00,1.45,1.53,1.35,1.37,17700.0
08/19/2008,16:00,1.41,1.47,1.38,1.47,24700.0
08/20/2008,16:00,1.45,1.51,1.43,1.43,56900.0
08/21/2008,16:00,1.45,1.48,1.43,1.48,51600.0
08/22/2008,16:00,1.63,1.63,1.42,1.42,11900.0
08/25/2008,16:00,1.28,1.48,1.28,1.44,8700.0
08/26/2008,16:00,1.49,1.49,1.42,1.43,16100.0
08/27/2008,16:00,1.38,1.43,1.38,1.43,8300.0
08/28/2008,16:00,1.47,1.53,1.44,1.47,72200.0
08/29/2008,16:00,1.49,1.52,1.47,1.47,14100.0
09/02/2008,16:00,1.43,1.43,1.35,1.38,32000.0
09/03/2008,16:00,1.38,1.42,1.3,1.36,25000.0
09/04/2008,16:00,1.3,1.39,1.27,1.29,23500.0
09/05/2008,16:00,1.25,1.28,1.23,1.25,143500.0
09/08/2008,16:00,1.35,1.35,1.23,1.24,58200.0
09/09/2008,16:00,1.24,1.24,1.09,1.14,100400.0
09/10/2008,16:00,1.02,1.21,0.82,0.93,553100.0
09/11/2008,16:00,0.97,1.05,0.83,0.87,203100.0
09/12/2008,16:00,0.91,1.02,0.89,0.96,67400.0
09/15/2008,16:00,0.94,1.0,0.84,0.85,92700.0
09/16/2008,16:00,0.81,0.81,0.74,0.76,171400.0
09/17/2008,16:00,0.76,0.78,0.7,0.78,131500.0
09/18/2008,16:00,0.79,0.91,0.68,0.72,291000.0
09/19/2008,16:00,0.8,0.89,0.75,0.84,239700.0
09/22/2008,16:00,0.87,0.87,0.77,0.8,130600.0
09/23/2008,16:00,0.8,0.83,0.75,0.83,241000.0
09/24/2008,16:00,0.95,0.95,0.76,0.76,72100.0
09/25/2008,16:00,0.78,0.8,0.71,0.75,178200.0
09/26/2008,16:00,0.75,0.75,0.67,0.69,90900.0
09/29/2008,16:00,0.69,0.7,0.55,0.59,214000.0
09/30/2008,16:00,0.58,0.63,0.56,0.63,275000.0
10/01/2008,16:00,0.65,0.65,0.59,0.61,268700.0
10/02/2008,16:00,0.6,0.62,0.53,0.54,128300.0
10/03/2008,16:00,0.53,0.56,0.5,0.55,175700.0
10/06/2008,16:00,0.52,0.53,0.4,0.45,473500.0
10/07/2008,16:00,0.45,0.46,0.38,0.39,128500.0
10/08/2008,16:00,0.4,0.41,0.35,0.38,1103600.0
10/09/2008,16:00,0.38,0.4,0.35,0.39,1202000.0
10/10/2008,16:00,0.37,0.37,0.3,0.37,153900.0
10/13/2008,16:00,0.37,0.47,0.37,0.44,179700.0
10/14/2008,16:00,0.45,0.45,0.34,0.35,629200.0
10/15/2008,16:00,0.38,0.38,0.3,0.3,117200.0
10/16/2008,16:00,0.34,0.4,0.29,0.38,808500.0
10/17/2008,16:00,0.38,0.41,0.33,0.35,336000.0
10/20/2008,16:00,0.36,0.38,0.35,0.36,572500.0
10/21/2008,16:00,0.36,0.36,0.32,0.33,296700.0
10/22/2008,16:00,0.33,0.34,0.3,0.3,138000.0
10/23/2008,16:00,0.33,0.33,0.29,0.3,67700.0
10/24/2008,16:00,0.3,0.32,0.28,0.3,83800.0
10/27/2008,16:00,0.31,0.31,0.28,0.29,180900.0
10/28/2008,16:00,0.29,0.32,0.29,0.3,221200.0
10/29/2008,16:00,0.33,0.39,0.33,0.39,99900.0
10/30/2008,16:00,0.4,0.41,0.38,0.39,242400.0
10/31/2008,16:00,0.42,0.54,0.42,0.52,165700.0
11/03/2008,16:00,0.48,0.5,0.47,0.47,135900.0
11/04/2008,16:00,0.5,0.54,0.46,0.48,345600.0
11/05/2008,16:00,0.49,0.60,0.49,0.52,712400.0
11/06/2008,16:00,0.53,0.75,0.52,0.54,719700.0
11/07/2008,16:00,0.57,0.6,0.57,0.59,21900.0
11/10/2008,16:00,0.58,0.65,0.56,0.60,190600.0
11/11/2008,16:00,0.53,0.55,0.49,0.54,96400.0
11/12/2008,16:00,0.51,0.52,0.47,0.52,130300.0
11/13/2008,16:00,0.5,0.55,0.45,0.50,156600.0
11/14/2008,16:00,0.54,0.54,0.48,0.49,105900.0
11/17/2008,16:00,0.45,0.48,0.43,0.46,197500.0
11/18/2008,16:00,0.44,0.45,0.39,0.42,132300.0
11/19/2008,16:00,0.42,0.42,0.39,0.39,111700.0
11/20/2008,16:00,0.4,0.4,0.35,0.39,308500.0
11/21/2008,16:00,0.39,0.39,0.35,0.39,91400.0
11/24/2008,16:00,0.37,0.58,0.37,0.55,219400.0
11/25/2008,16:00,0.54,0.55,0.49,0.54,54400.0
11/26/2008,16:00,0.52,0.55,0.46,0.55,154100.0
11/28/2008,16:00,0.55,0.55,0.5,0.51,154300.0
12/01/2008,16:00,0.51,0.55,0.51,0.55,65600.0
12/02/2008,16:00,0.55,0.59,0.55,0.56,30000.0
12/03/2008,16:00,0.59,0.59,0.52,0.57,132400.0
12/04/2008,16:00,0.57,0.57,0.53,0.53,14800.0
12/05/2008,16:00,0.5,0.53,0.48,0.53,181700.0
12/08/2008,16:00,0.46,0.56,0.46,0.49,84400.0
12/09/2008,16:00,0.49,0.5,0.43,0.43,178800.0
12/10/2008,16:00,0.42,0.47,0.41,0.46,95100.0
12/11/2008,16:00,0.48,0.5,0.42,0.42,73500.0
12/12/2008,16:00,0.43,0.45,0.38,0.39,364100.0
12/15/2008,16:00,0.4,0.44,0.4,0.4,161700.0
12/16/2008,16:00,0.42,0.42,0.4,0.41,208500.0
12/17/2008,16:00,0.39,0.43,0.39,0.41,122100.0
12/18/2008,16:00,0.42,0.45,0.41,0.44,121000.0
12/19/2008,16:00,0.48,0.48,0.43,0.47,106000.0
12/22/2008,16:00,0.48,0.5,0.44,0.47,287200.0
12/23/2008,16:00,0.45,0.49,0.44,0.48,160200.0
12/24/2008,16:00,0.49,0.55,0.48,0.53,307900.0
12/26/2008,16:00,0.53,0.57,0.5,0.53,12300.0
12/29/2008,16:00,0.53,0.57,0.5,0.5,39900.0
12/30/2008,16:00,0.53,0.58,0.51,0.54,72300.0
12/31/2008,16:00,0.56,0.58,0.52,0.58,85500.0
01/02/2009,16:00,0.59,0.73,0.56,0.67,90500.0
01/05/2009,16:00,0.67,0.76,0.65,0.69,289600.0
01/06/2009,16:00,0.7,0.77,0.68,0.7,314500.0
01/07/2009,16:00,0.73,0.73,0.66,0.69,164500.0
01/08/2009,16:00,0.67,0.7,0.64,0.7,44400.0
01/09/2009,16:00,0.69,0.69,0.66,0.68,43700.0
01/12/2009,16:00,0.66,0.69,0.63,0.64,130600.0
01/13/2009,16:00,0.64,0.67,0.61,0.67,46900.0
01/14/2009,16:00,0.67,0.67,0.61,0.63,62500.0
01/15/2009,16:00,0.6,0.63,0.56,0.58,258300.0
01/16/2009,16:00,0.58,0.62,0.58,0.59,22100.0
01/20/2009,16:00,0.59,0.64,0.59,0.61,117500.0
01/21/2009,16:00,0.64,0.64,0.59,0.59,118800.0
01/22/2009,16:00,0.59,0.6,0.58,0.59,6200.0
01/23/2009,16:00,0.59,0.65,0.59,0.59,91900.0
01/26/2009,16:00,0.61,0.62,0.59,0.60,92900.0
01/27/2009,16:00,0.62,0.63,0.58,0.62,111800.0
01/28/2009,16:00,0.63,0.67,0.63,0.63,164400.0
01/29/2009,16:00,0.63,0.63,0.61,0.63,16400.0
01/30/2009,16:00,0.63,0.65,0.6,0.63,49200.0
02/02/2009,16:00,0.6,0.6,0.59,0.59,109000.0
02/03/2009,16:00,0.58,0.59,0.57,0.58,95100.0
02/04/2009,16:00,0.59,0.59,0.56,0.56,89900.0
02/05/2009,16:00,0.58,0.59,0.56,0.58,25000.0
02/06/2009,16:00,0.58,0.59,0.56,0.59,269000.0
02/09/2009,16:00,0.58,0.58,0.57,0.57,119900.0
02/10/2009,16:00,0.58,0.6,0.57,0.57,48700.0
02/11/2009,16:00,0.6,0.6,0.59,0.59,65300.0
02/12/2009,16:00,0.6,0.6,0.57,0.58,20400.0
02/13/2009,16:00,0.53,0.58,0.53,0.57,39900.0
02/17/2009,16:00,0.57,0.57,0.54,0.55,150300.0
02/18/2009,16:00,0.55,0.55,0.49,0.49,193500.0
02/19/2009,16:00,0.5,0.53,0.5,0.52,216400.0
02/20/2009,16:00,0.55,0.55,0.5,0.51,75700.0
02/23/2009,16:00,0.51,0.52,0.5,0.51,72100.0
02/24/2009,16:00,0.51,0.53,0.5,0.52,131000.0
02/25/2009,16:00,0.52,0.53,0.49,0.52,146300.0
02/26/2009,16:00,0.49,0.53,0.49,0.53,16400.0
02/27/2009,16:00,0.52,0.55,0.52,0.55,65300.0
03/02/2009,16:00,0.55,0.55,0.5,0.5,40100.0
03/03/2009,16:00,0.5,0.53,0.49,0.53,165400.0
03/04/2009,16:00,0.53,0.55,0.50,0.53,90700.0
03/05/2009,16:00,0.5,0.53,0.5,0.53,26200.0
03/06/2009,16:00,0.52,0.52,0.49,0.5,102800.0
03/09/2009,16:00,0.47,0.5,0.47,0.47,66700.0
03/10/2009,16:00,0.46,0.51,0.46,0.51,7000.0
03/11/2009,16:00,0.52,0.52,0.49,0.5,3600.0
03/12/2009,16:00,0.5,0.52,0.5,0.51,25800.0
03/13/2009,16:00,0.51,0.54,0.50,0.54,63300.0
03/16/2009,16:00,0.55,0.55,0.51,0.52,68100.0
03/17/2009,16:00,0.52,0.52,0.5,0.52,33000.0
03/18/2009,16:00,0.51,0.51,0.49,0.5,183800.0
03/19/2009,16:00,0.53,0.54,0.51,0.52,108800.0
03/20/2009,16:00,0.53,0.53,0.46,0.48,308300.0
03/23/2009,16:00,0.5,0.51,0.49,0.50,55100.0
03/24/2009,16:00,0.50,0.51,0.49,0.51,163500.0
03/25/2009,16:00,0.51,0.55,0.51,0.55,324300.0
03/26/2009,16:00,0.55,0.56,0.54,0.56,554000.0
03/27/2009,16:00,0.54,0.54,0.52,0.54,45400.0
03/30/2009,16:00,0.55,0.55,0.51,0.51,11600.0
03/31/2009,16:00,0.51,0.53,0.51,0.53,120500.0
04/01/2009,16:00,0.52,0.55,0.52,0.55,66700.0
04/02/2009,16:00,0.55,0.6,0.55,0.59,214900.0
04/03/2009,16:00,0.59,0.59,0.57,0.57,9100.0
04/06/2009,16:00,0.6,0.6,0.54,0.56,34000.0
04/07/2009,16:00,0.54,0.56,0.53,0.53,40700.0
04/08/2009,16:00,0.55,0.55,0.55,0.55,6100.0
04/09/2009,16:00,0.55,0.58,0.55,0.57,97700.0
04/13/2009,16:00,0.58,0.58,0.55,0.57,169500.0
04/14/2009,16:00,0.56,0.65,0.56,0.63,193600.0
04/15/2009,16:00,0.66,0.7,0.65,0.65,113000.0
04/16/2009,16:00,0.68,0.75,0.65,0.71,158400.0
04/17/2009,16:00,0.69,0.73,0.68,0.68,105500.0
04/20/2009,16:00,0.67,0.68,0.58,0.59,135700.0
04/21/2009,16:00,0.59,0.64,0.58,0.62,163600.0
04/22/2009,16:00,0.64,0.68,0.63,0.67,172700.0
04/23/2009,16:00,0.7,0.75,0.69,0.75,231900.0
04/24/2009,16:00,0.72,0.88,0.72,0.82,301400.0
04/27/2009,16:00,0.82,0.99,0.82,0.93,543400.0
04/28/2009,16:00,0.92,0.94,0.87,0.88,92200.0
04/29/2009,16:00,0.9,0.99,0.9,0.95,562900.0
04/30/2009,16:00,1.0,1.03,0.85,0.87,873200.0
05/01/2009,16:00,0.86,0.96,0.86,0.95,189400.0
05/04/2009,16:00,1.0,1.05,0.99,1.04,321900.0
05/05/2009,16:00,1.05,1.05,0.95,0.98,77000.0
05/06/2009,16:00,1.0,1.05,0.99,1.04,274300.0
05/07/2009,16:00,1.08,1.08,0.98,0.99,523200.0
05/08/2009,16:00,1.0,1.04,0.99,1.04,90900.0
05/11/2009,16:00,1.03,1.08,1.0,1.08,107900.0
05/12/2009,16:00,1.1,1.18,1.09,1.15,1024400.0
05/13/2009,16:00,1.13,1.18,1.0,1.03,185900.0
05/14/2009,16:00,1.03,1.04,0.99,1.03,384500.0
05/15/2009,16:00,1.03,1.04,0.99,0.99,112100.0
05/18/2009,16:00,0.99,1.08,0.99,0.99,34900.0
05/19/2009,16:00,1.02,1.11,1.02,1.09,104600.0
05/20/2009,16:00,1.1,1.15,1.08,1.09,134600.0
05/21/2009,16:00,1.07,1.09,1.06,1.06,15300.0
05/22/2009,16:00,1.06,1.08,1.05,1.05,54700.0
05/26/2009,16:00,1.02,1.06,1.01,1.01,217400.0
05/27/2009,16:00,1.02,1.03,0.93,0.94,225900.0
05/28/2009,16:00,0.96,1.04,0.96,1.04,82100.0
05/29/2009,16:00,1.14,1.14,1.02,1.1,180100.0
06/01/2009,16:00,1.11,1.11,1.07,1.09,175500.0
06/02/2009,16:00,1.15,1.15,1.08,1.09,63800.0
06/03/2009,16:00,1.07,1.07,0.99,1.04,57200.0
06/04/2009,16:00,1.0,1.06,1.0,1.05,77200.0
06/05/2009,16:00,1.04,1.04,1.01,1.01,44100.0
06/08/2009,16:00,1.02,1.02,0.97,1.0,91500.0
06/09/2009,16:00,1.00,1.01,0.98,1.01,156300.0
06/10/2009,16:00,1.01,1.01,0.97,0.97,104200.0
06/11/2009,16:00,1.0,1.01,0.97,0.99,139400.0
06/12/2009,16:00,1.05,1.12,0.94,0.98,131800.0
06/15/2009,16:00,1.02,1.02,0.93,0.93,40000.0
06/16/2009,16:00,0.95,0.97,0.88,0.89,138700.0
06/17/2009,16:00,0.87,0.89,0.82,0.83,145700.0
06/18/2009,16:00,0.84,0.84,0.8,0.8,160800.0
06/19/2009,16:00,0.81,0.82,0.81,0.81,97600.0
06/22/2009,16:00,0.8,0.8,0.73,0.73,301600.0
06/23/2009,16:00,0.72,0.76,0.70,0.75,241400.0
06/24/2009,16:00,0.76,0.79,0.76,0.77,49900.0
06/25/2009,16:00,0.77,0.84,0.76,0.83,107300.0
06/26/2009,16:00,0.84,0.84,0.81,0.82,18300.0
06/29/2009,16:00,0.81,0.81,0.8,0.81,26500.0
06/30/2009,16:00,0.8,0.81,0.75,0.79,178000.0
07/01/2009,16:00,0.8,0.87,0.8,0.87,69200.0
07/02/2009,16:00,0.81,0.86,0.79,0.82,95000.0
07/06/2009,16:00,0.8,0.84,0.8,0.84,46000.0
07/07/2009,16:00,0.82,0.85,0.81,0.83,44900.0
07/08/2009,16:00,0.81,0.84,0.79,0.80,79800.0
07/09/2009,16:00,0.81,0.84,0.8,0.84,23000.0
07/10/2009,16:00,0.82,0.83,0.81,0.83,59600.0
07/13/2009,16:00,0.83,0.84,0.82,0.84,12000.0
07/14/2009,16:00,0.85,0.9,0.84,0.9,26100.0
07/15/2009,16:00,0.88,0.96,0.88,0.94,57000.0
07/16/2009,16:00,0.94,0.97,0.91,0.93,35600.0
07/17/2009,16:00,0.94,0.95,0.92,0.95,65300.0
07/20/2009,16:00,0.95,0.97,0.95,0.95,21900.0
07/21/2009,16:00,0.86,0.98,0.86,0.97,22500.0
07/22/2009,16:00,0.95,0.95,0.91,0.91,12200.0
07/23/2009,16:00,0.92,0.96,0.92,0.95,44000.0
07/24/2009,16:00,0.95,0.95,0.92,0.94,10800.0
07/27/2009,16:00,0.91,0.97,0.91,0.97,59400.0
07/28/2009,16:00,0.96,0.96,0.92,0.92,91500.0
07/29/2009,16:00,0.92,0.92,0.91,0.91,11200.0
07/30/2009,16:00,0.92,0.96,0.92,0.93,23100.0
07/31/2009,16:00,0.92,0.92,0.91,0.92,22800.0
08/03/2009,16:00,0.93,0.94,0.93,0.93,11000.0
08/04/2009,16:00,0.93,0.96,0.93,0.93,59000.0
08/05/2009,16:00,0.94,0.94,0.92,0.92,36300.0
08/06/2009,16:00,0.94,0.97,0.93,0.97,232800.0
08/07/2009,16:00,0.94,1.05,0.87,1.01,363400.0
08/10/2009,16:00,1.0,1.07,0.96,0.98,118700.0
08/11/2009,16:00,0.96,1.0,0.92,0.93,70500.0
08/12/2009,16:00,0.92,0.99,0.89,0.91,574300.0
08/13/2009,16:00,0.92,0.93,0.91,0.93,44300.0
08/14/2009,16:00,0.93,0.93,0.91,0.91,106600.0
08/17/2009,16:00,0.9,0.9,0.86,0.86,215100.0
08/18/2009,16:00,0.87,0.88,0.87,0.87,22800.0
08/19/2009,16:00,0.87,0.87,0.86,0.87,32200.0
08/20/2009,16:00,0.88,0.88,0.85,0.87,120000.0
08/21/2009,16:00,0.87,0.88,0.86,0.88,118700.0
08/24/2009,16:00,0.89,0.89,0.86,0.87,54900.0
08/25/2009,16:00,0.89,0.89,0.83,0.83,83700.0
08/26/2009,16:00,0.84,0.84,0.81,0.82,108600.0
08/27/2009,16:00,0.83,0.85,0.81,0.83,45500.0
08/28/2009,16:00,0.84,0.84,0.83,0.83,20500.0
08/31/2009,16:00,0.85,0.85,0.81,0.84,102400.0
09/01/2009,16:00,0.85,0.85,0.82,0.82,36300.0
09/02/2009,16:00,0.82,0.85,0.81,0.81,181500.0
09/03/2009,16:00,0.83,0.85,0.82,0.83,43200.0
09/04/2009,16:00,0.83,0.86,0.83,0.86,134500.0
09/08/2009,16:00,0.86,0.86,0.83,0.85,84100.0
09/09/2009,16:00,0.85,0.86,0.83,0.84,27800.0
09/10/2009,16:00,0.9,0.9,0.83,0.86,145000.0
09/11/2009,16:00,0.84,0.87,0.84,0.87,104000.0
09/14/2009,16:00,0.84,0.85,0.84,0.85,15700.0
09/15/2009,16:00,0.84,0.88,0.83,0.88,122400.0
09/16/2009,16:00,0.87,0.92,0.86,0.92,220500.0
09/17/2009,16:00,0.91,0.94,0.86,0.87,255200.0
09/18/2009,16:00,0.87,0.87,0.85,0.86,107700.0
09/21/2009,16:00,0.85,0.85,0.83,0.84,56100.0
09/22/2009,16:00,0.86,0.89,0.85,0.88,32900.0
09/23/2009,16:00,0.86,0.90,0.86,0.9,115300.0
09/24/2009,16:00,0.89,0.89,0.85,0.87,121800.0
09/25/2009,16:00,0.86,0.89,0.85,0.88,768100.0
09/28/2009,16:00,0.89,0.89,0.87,0.88,70100.0
09/29/2009,16:00,0.88,0.88,0.85,0.85,69800.0
09/30/2009,16:00,0.87,0.87,0.86,0.86,24700.0
10/01/2009,16:00,0.85,0.86,0.82,0.83,102600.0
10/02/2009,16:00,0.82,0.83,0.79,0.81,138000.0
10/05/2009,16:00,0.78,0.85,0.78,0.85,19900.0
10/06/2009,16:00,0.85,0.9,0.84,0.87,101000.0
10/07/2009,16:00,0.88,0.93,0.86,0.93,103700.0
10/08/2009,16:00,0.94,0.99,0.94,0.99,228600.0
10/09/2009,16:00,1.0,1.0,0.96,0.97,47400.0
10/12/2009,16:00,0.97,0.98,0.91,0.93,37200.0
10/13/2009,16:00,0.99,0.99,0.96,0.98,132000.0
10/14/2009,16:00,0.99,1.0,0.96,0.98,130000.0
10/15/2009,16:00,0.97,0.97,0.95,0.95,6300.0
10/16/2009,16:00,0.95,0.96,0.93,0.94,33700.0
10/19/2009,16:00,0.93,0.95,0.92,0.93,27200.0
10/20/2009,16:00,0.92,0.99,0.92,0.98,114500.0
10/21/2009,16:00,0.98,0.99,0.96,0.98,410200.0
10/22/2009,16:00,0.98,0.98,0.96,0.96,18300.0
10/23/2009,16:00,0.95,0.95,0.93,0.93,10000.0
10/26/2009,16:00,0.95,0.95,0.87,0.88,160800.0
10/27/2009,16:00,0.88,0.88,0.86,0.87,35600.0
10/28/2009,16:00,0.88,0.88,0.82,0.83,71700.0
10/29/2009,16:00,0.83,0.87,0.83,0.84,47600.0
10/30/2009,16:00,0.84,0.86,0.81,0.84,48900.0
11/02/2009,16:00,0.81,0.85,0.81,0.81,174700.0
11/03/2009,16:00,0.81,0.84,0.81,0.83,35300.0
11/04/2009,16:00,0.84,0.85,0.83,0.84,43700.0
11/05/2009,16:00,0.84,0.87,0.84,0.85,62000.0
11/06/2009,16:00,0.84,0.88,0.83,0.87,76400.0
11/09/2009,16:00,0.88,0.89,0.86,0.87,131200.0
11/10/2009,16:00,0.87,0.87,0.84,0.84,70800.0
11/11/2009,16:00,0.84,0.84,0.8,0.82,93500.0
11/12/2009,16:00,0.81,0.82,0.79,0.79,192100.0
11/13/2009,16:00,0.79,0.81,0.78,0.81,131000.0
11/16/2009,16:00,0.82,0.86,0.80,0.81,81800.0
11/17/2009,16:00,0.8,0.8,0.77,0.79,40800.0
11/18/2009,16:00,0.78,0.79,0.76,0.76,217100.0
11/19/2009,16:00,0.76,0.76,0.75,0.76,184900.0
11/20/2009,16:00,0.75,0.76,0.75,0.76,25900.0
11/23/2009,16:00,0.77,0.79,0.74,0.76,116700.0
11/24/2009,16:00,0.77,0.78,0.75,0.77,123200.0
11/25/2009,16:00,0.75,0.79,0.75,0.77,247000.0
11/27/2009,16:00,0.76,0.79,0.74,0.78,37300.0
11/30/2009,16:00,0.78,0.8,0.77,0.79,89000.0
12/01/2009,16:00,0.61,0.84,0.61,0.82,116100.0
12/02/2009,16:00,0.82,0.82,0.78,0.8,57400.0
12/03/2009,16:00,0.79,0.81,0.78,0.8,38800.0
12/04/2009,16:00,0.8,0.81,0.79,0.79,43500.0
12/07/2009,16:00,0.79,0.81,0.78,0.8,15700.0
12/08/2009,16:00,0.79,0.79,0.78,0.78,63900.0
12/09/2009,16:00,0.78,0.79,0.78,0.78,37700.0
12/10/2009,16:00,0.79,0.8,0.76,0.76,94200.0
12/11/2009,16:00,0.77,0.78,0.76,0.76,31200.0
12/14/2009,16:00,0.78,0.8,0.77,0.8,26400.0
12/15/2009,16:00,0.79,0.79,0.77,0.77,10400.0
12/16/2009,16:00,0.8,0.8,0.77,0.79,101000.0
12/17/2009,16:00,0.78,0.78,0.76,0.76,62400.0
12/18/2009,16:00,0.76,0.78,0.75,0.75,51900.0
12/21/2009,16:00,0.75,0.77,0.75,0.76,72000.0
12/22/2009,16:00,0.75,0.76,0.75,0.75,41200.0
12/23/2009,16:00,0.75,0.78,0.75,0.77,18100.0
12/24/2009,16:00,0.78,0.78,0.75,0.76,40100.0
12/28/2009,16:00,0.76,0.76,0.75,0.75,31600.0
12/29/2009,16:00,0.76,0.76,0.75,0.75,127500.0
12/30/2009,16:00,0.76,0.77,0.76,0.77,21800.0
12/31/2009,16:00,0.76,0.77,0.76,0.76,44700.0
01/04/2010,16:00,0.8,0.8,0.78,0.79,12300.0
01/05/2010,16:00,0.78,0.87,0.78,0.86,126700.0
01/06/2010,16:00,0.89,0.91,0.88,0.9,103700.0
01/07/2010,16:00,0.89,0.91,0.87,0.91,30200.0
01/08/2010,16:00,0.88,0.92,0.87,0.92,59900.0
01/11/2010,16:00,0.92,0.94,0.92,0.92,77200.0
01/12/2010,16:00,0.92,0.92,0.88,0.91,237100.0
01/13/2010,16:00,0.93,0.93,0.91,0.91,65900.0
01/14/2010,16:00,0.92,0.93,0.91,0.93,43300.0
01/15/2010,16:00,0.92,0.94,0.92,0.94,24700.0
01/19/2010,16:00,0.93,0.99,0.92,0.99,113500.0
01/20/2010,16:00,1.0,1.0,0.92,0.93,182400.0
01/21/2010,16:00,0.93,0.94,0.87,0.87,83400.0
01/22/2010,16:00,0.89,0.91,0.89,0.90,43700.0
01/25/2010,16:00,0.9,0.90,0.86,0.86,92400.0
01/26/2010,16:00,0.86,0.86,0.83,0.83,43600.0
01/27/2010,16:00,0.8,0.84,0.8,0.81,109100.0
01/28/2010,16:00,0.8,0.81,0.77,0.78,48900.0
01/29/2010,16:00,0.79,0.99,0.79,0.8,119700.0
02/01/2010,16:00,0.82,0.83,0.79,0.8,87200.0
02/02/2010,16:00,0.81,0.82,0.80,0.82,28800.0
02/03/2010,16:00,0.82,0.82,0.79,0.81,129600.0
02/04/2010,16:00,0.81,0.81,0.77,0.79,172900.0
02/05/2010,16:00,0.78,0.78,0.76,0.77,160300.0
02/08/2010,16:00,0.77,0.77,0.76,0.76,7100.0
02/09/2010,16:00,0.76,0.77,0.76,0.77,24700.0
02/10/2010,16:00,0.76,0.77,0.75,0.75,64900.0
02/11/2010,16:00,0.75,0.76,0.73,0.75,85100.0
02/12/2010,16:00,0.74,0.77,0.73,0.76,147100.0
02/16/2010,16:00,0.79,0.79,0.77,0.78,63800.0
02/17/2010,16:00,0.79,0.79,0.76,0.78,55400.0
02/18/2010,16:00,0.78,0.79,0.77,0.78,78800.0
02/19/2010,16:00,0.8,0.81,0.77,0.81,66500.0
02/22/2010,16:00,0.83,0.86,0.82,0.86,83000.0
02/23/2010,16:00,0.92,0.92,0.79,0.85,323400.0
02/24/2010,16:00,0.86,0.86,0.82,0.82,161100.0
02/25/2010,16:00,0.83,0.83,0.79,0.81,204200.0
02/26/2010,16:00,0.8,0.81,0.8,0.8,26700.0
03/01/2010,16:00,0.8,0.81,0.78,0.79,87800.0
03/02/2010,16:00,0.8,0.81,0.79,0.81,111600.0
03/03/2010,16:00,0.81,0.81,0.8,0.8,235100.0
03/04/2010,16:00,0.79,0.8,0.77,0.77,87300.0
03/05/2010,16:00,0.77,0.79,0.77,0.78,235700.0
03/08/2010,16:00,0.76,0.79,0.75,0.79,356200.0
03/09/2010,16:00,0.8,0.81,0.79,0.8,85000.0
03/10/2010,16:00,0.8,0.80,0.8,0.8,139600.0
03/11/2010,16:00,0.8,0.80,0.8,0.80,18800.0
03/12/2010,16:00,0.8,0.81,0.8,0.80,21900.0
03/15/2010,16:00,0.8,0.8,0.79,0.79,24900.0
03/16/2010,16:00,0.81,0.81,0.78,0.78,26900.0
03/17/2010,16:00,0.79,0.81,0.78,0.81,117200.0
03/18/2010,16:00,0.80,0.82,0.80,0.82,237700.0
03/19/2010,16:00,0.78,0.81,0.78,0.81,128300.0
03/22/2010,16:00,0.82,0.82,0.78,0.80,54800.0
03/23/2010,16:00,0.81,0.81,0.8,0.8,25500.0
03/24/2010,16:00,0.8,0.83,0.79,0.83,52100.0
03/25/2010,16:00,0.85,0.85,0.81,0.82,26000.0
03/26/2010,16:00,0.82,0.84,0.82,0.83,10500.0
03/29/2010,16:00,0.83,0.86,0.83,0.84,74700.0
03/30/2010,16:00,0.84,0.86,0.84,0.84,33800.0
03/31/2010,16:00,0.85,0.85,0.83,0.84,69800.0
04/01/2010,16:00,0.81,0.86,0.81,0.85,32400.0
04/05/2010,16:00,0.85,0.85,0.84,0.85,61200.0
04/06/2010,16:00,0.85,0.88,0.85,0.87,173300.0
04/07/2010,16:00,0.9,0.95,0.9,0.94,323800.0
04/08/2010,16:00,0.96,0.96,0.92,0.93,102600.0
04/09/2010,16:00,0.92,0.93,0.92,0.93,149400.0
04/12/2010,16:00,0.93,0.95,0.9,0.91,202900.0
04/13/2010,16:00,0.89,0.91,0.88,0.91,58600.0
04/14/2010,16:00,0.9,0.93,0.89,0.93,142700.0
04/15/2010,16:00,0.89,0.94,0.89,0.94,173600.0
04/16/2010,16:00,0.93,0.94,0.9,0.94,64000.0
04/19/2010,16:00,0.95,0.95,0.90,0.93,110500.0
04/20/2010,16:00,0.93,0.93,0.9,0.92,77100.0
04/21/2010,16:00,0.91,0.91,0.9,0.90,61800.0
04/22/2010,16:00,0.88,0.91,0.88,0.91,77300.0
04/23/2010,16:00,0.89,0.93,0.89,0.93,46700.0
04/26/2010,16:00,0.93,0.94,0.91,0.93,94800.0
04/27/2010,16:00,0.91,0.92,0.9,0.9,71600.0
04/28/2010,16:00,0.92,0.94,0.92,0.92,53300.0
04/29/2010,16:00,0.9,0.95,0.9,0.91,46500.0
04/30/2010,16:00,0.91,0.93,0.91,0.92,52500.0
05/03/2010,16:00,0.91,0.94,0.91,0.94,70200.0
05/04/2010,16:00,0.94,0.95,0.92,0.94,278200.0
05/05/2010,16:00,0.95,0.96,0.94,0.96,255600.0
05/06/2010,16:00,0.96,0.96,0.89,0.94,359200.0
05/07/2010,16:00,0.93,0.95,0.89,0.95,250700.0
05/10/2010,16:00,0.95,0.96,0.93,0.96,164800.0
05/11/2010,16:00,0.97,0.98,0.95,0.98,224300.0
05/12/2010,16:00,0.98,0.99,0.97,0.99,150000.0
05/13/2010,16:00,0.99,0.99,0.97,0.98,232900.0
05/14/2010,16:00,0.95,0.96,0.94,0.96,68500.0
05/17/2010,16:00,0.98,0.98,0.94,0.96,213100.0
05/18/2010,16:00,0.96,1.06,0.96,1.04,802700.0
05/19/2010,16:00,1.03,1.04,0.94,0.97,476600.0
05/20/2010,16:00,0.93,0.94,0.88,0.89,535500.0
05/21/2010,16:00,0.88,0.91,0.86,0.89,671500.0
05/24/2010,16:00,0.92,0.95,0.90,0.90,87900.0
05/25/2010,16:00,0.84,0.89,0.84,0.86,397500.0
05/26/2010,16:00,0.89,0.91,0.87,0.91,350600.0
05/27/2010,16:00,0.9,0.93,0.9,0.92,534300.0
05/28/2010,16:00,0.95,0.95,0.91,0.95,315500.0
06/01/2010,16:00,1.0,1.0,0.9,0.9,235300.0
06/02/2010,16:00,0.94,0.96,0.91,0.94,334100.0
06/03/2010,16:00,0.93,0.94,0.91,0.93,77300.0
06/04/2010,16:00,0.91,0.92,0.9,0.9,122800.0
06/07/2010,16:00,0.9,0.9,0.88,0.88,129100.0
06/08/2010,16:00,0.89,0.89,0.86,0.87,78000.0
06/09/2010,16:00,0.88,0.9,0.87,0.88,36300.0
06/10/2010,16:00,0.89,0.90,0.89,0.90,72400.0
06/11/2010,16:00,0.9,0.9,0.89,0.89,30100.0
06/14/2010,16:00,0.89,0.91,0.89,0.9,68400.0
06/15/2010,16:00,0.91,0.91,0.9,0.91,32800.0
06/16/2010,16:00,0.91,0.91,0.88,0.89,147500.0
06/17/2010,16:00,0.9,0.9,0.89,0.9,78700.0
06/18/2010,16:00,0.9,0.9,0.85,0.88,223500.0
06/21/2010,16:00,0.87,0.89,0.86,0.86,53300.0
06/22/2010,16:00,0.88,0.89,0.85,0.86,146500.0
06/23/2010,16:00,0.85,0.86,0.82,0.84,101400.0
06/24/2010,16:00,0.83,0.85,0.82,0.85,175300.0
06/25/2010,16:00,0.85,0.87,0.83,0.84,63500.0
06/28/2010,16:00,0.84,0.84,0.80,0.83,148700.0
06/29/2010,16:00,0.8,0.8,0.78,0.79,315600.0
06/30/2010,16:00,0.8,0.8,0.78,0.78,182100.0
07/01/2010,16:00,0.76,0.76,0.74,0.75,189800.0
07/02/2010,16:00,0.75,0.77,0.73,0.77,68600.0
07/06/2010,16:00,0.76,0.76,0.74,0.75,36800.0
07/07/2010,16:00,0.76,0.77,0.74,0.77,116600.0
07/08/2010,16:00,0.78,0.79,0.73,0.73,103400.0
07/09/2010,16:00,0.75,0.76,0.75,0.76,18000.0
07/12/2010,16:00,0.77,0.77,0.73,0.75,47700.0
07/13/2010,16:00,0.75,0.79,0.75,0.78,57500.0
07/14/2010,16:00,0.78,0.78,0.74,0.76,53200.0
07/15/2010,16:00,0.76,0.77,0.75,0.77,50000.0
07/16/2010,16:00,0.76,0.76,0.74,0.74,19600.0
07/19/2010,16:00,0.74,0.75,0.74,0.75,45200.0
07/20/2010,16:00,0.75,0.76,0.74,0.76,23300.0
07/21/2010,16:00,0.76,0.77,0.75,0.76,25100.0
07/22/2010,16:00,0.76,0.8,0.75,0.8,32500.0
07/23/2010,16:00,0.79,0.79,0.77,0.79,23000.0
07/26/2010,16:00,0.79,0.84,0.79,0.84,55500.0
07/27/2010,16:00,0.83,0.88,0.83,0.88,189600.0
07/28/2010,16:00,0.86,0.88,0.85,0.86,68600.0
07/29/2010,16:00,0.86,0.87,0.85,0.86,74000.0
07/30/2010,16:00,0.86,0.86,0.86,0.86,20500.0
08/02/2010,16:00,0.87,0.88,0.85,0.86,33300.0
08/03/2010,16:00,0.88,0.88,0.84,0.85,33400.0
08/04/2010,16:00,0.85,0.88,0.85,0.88,41700.0
08/05/2010,16:00,0.88,0.88,0.84,0.85,57800.0
08/06/2010,16:00,0.85,0.86,0.84,0.84,45900.0
08/09/2010,16:00,0.84,0.86,0.84,0.85,23600.0
08/10/2010,16:00,0.84,0.84,0.84,0.84,44600.0
08/11/2010,16:00,0.84,0.84,0.81,0.81,70400.0
08/12/2010,16:00,0.81,0.85,0.8,0.84,28700.0
08/13/2010,16:00,0.83,0.83,0.82,0.82,19000.0
08/16/2010,16:00,0.8,0.82,0.79,0.8,69400.0
08/17/2010,16:00,0.82,0.82,0.79,0.82,128000.0
08/18/2010,16:00,0.82,0.83,0.81,0.82,17600.0
08/19/2010,16:00,0.80,0.82,0.8,0.82,24300.0
08/20/2010,16:00,0.8,0.82,0.8,0.82,76100.0
08/23/2010,16:00,0.80,0.83,0.80,0.82,47700.0
08/24/2010,16:00,0.8,0.83,0.8,0.82,84100.0
08/25/2010,16:00,0.81,0.83,0.80,0.83,45800.0
08/26/2010,16:00,0.85,0.85,0.81,0.83,54500.0
08/27/2010,16:00,0.82,0.83,0.80,0.82,151400.0
08/30/2010,16:00,0.83,0.83,0.82,0.82,15800.0
08/31/2010,16:00,0.82,0.83,0.82,0.83,73900.0
09/01/2010,16:00,0.82,0.82,0.80,0.82,122400.0
09/02/2010,16:00,0.83,0.89,0.82,0.89,146200.0
09/03/2010,16:00,0.9,0.9,0.86,0.88,58900.0
09/07/2010,16:00,0.88,0.89,0.85,0.87,61300.0
09/08/2010,16:00,0.92,0.92,0.85,0.9,57200.0
09/09/2010,16:00,0.88,0.89,0.87,0.87,21800.0
09/10/2010,16:00,0.87,0.87,0.85,0.85,56900.0
09/13/2010,16:00,0.88,0.88,0.85,0.87,72700.0
09/14/2010,16:00,0.87,0.87,0.85,0.87,112900.0
09/15/2010,16:00,0.86,0.89,0.84,0.88,554300.0
09/16/2010,16:00,0.88,0.88,0.84,0.84,182300.0
09/17/2010,16:00,0.84,0.86,0.84,0.85,418500.0
09/20/2010,16:00,0.85,0.85,0.84,0.85,77800.0
09/21/2010,16:00,0.84,0.91,0.84,0.90,1066200.0
09/22/2010,16:00,0.91,0.92,0.89,0.9,391500.0
09/23/2010,16:00,0.90,0.96,0.9,0.94,762600.0
09/24/2010,16:00,0.95,0.97,0.92,0.92,324900.0
09/27/2010,16:00,0.92,0.97,0.92,0.95,399400.0
09/28/2010,16:00,0.95,0.97,0.94,0.96,113500.0
09/29/2010,16:00,0.97,0.97,0.94,0.96,290300.0
09/30/2010,16:00,0.95,1.01,0.95,0.99,310800.0
10/01/2010,16:00,1.0,1.07,0.99,1.07,590300.0
10/04/2010,16:00,1.1,1.1,1.0,1.05,495000.0
10/05/2010,16:00,1.07,1.08,1.0,1.00,228300.0
10/06/2010,16:00,1.01,1.06,0.98,1.03,207000.0
10/07/2010,16:00,1.2,1.2,0.99,1.01,203200.0
10/08/2010,16:00,1.0,1.02,0.96,0.97,388400.0
10/11/2010,16:00,1.2,1.2,1.0,1.11,563100.0
10/12/2010,16:00,1.11,1.12,1.06,1.12,384300.0
10/13/2010,16:00,1.16,1.16,1.1,1.12,294700.0
10/14/2010,16:00,1.1,1.25,1.1,1.18,907300.0
10/15/2010,16:00,1.19,1.28,1.19,1.25,729700.0
10/18/2010,16:00,1.26,1.32,1.24,1.3,748700.0
10/19/2010,16:00,1.3,1.3,1.22,1.24,455500.0
10/20/2010,16:00,1.24,1.4,1.24,1.39,1350500.0
10/21/2010,16:00,1.48,1.48,1.28,1.32,728700.0
10/22/2010,16:00,1.34,1.36,1.3,1.33,335600.0
10/25/2010,16:00,1.36,1.43,1.36,1.4,487000.0
10/26/2010,16:00,1.43,1.48,1.37,1.46,709000.0
10/27/2010,16:00,1.47,1.48,1.31,1.4,540000.0
10/28/2010,16:00,1.41,1.45,1.37,1.4,322100.0
10/29/2010,16:00,1.4,1.4,1.35,1.35,194200.0
11/01/2010,16:00,1.35,1.43,1.33,1.33,514400.0
11/02/2010,16:00,1.32,1.6,1.32,1.59,1899500.0
11/03/2010,16:00,1.63,1.68,1.51,1.68,1468000.0
11/04/2010,16:00,1.65,1.75,1.63,1.63,1082500.0
11/05/2010,16:00,1.68,1.68,1.53,1.57,1008600.0
11/08/2010,16:00,1.65,1.74,1.57,1.74,2240600.0
11/09/2010,16:00,1.75,1.87,1.65,1.65,2704500.0
11/10/2010,16:00,1.73,1.73,1.59,1.73,681200.0
11/11/2010,16:00,1.73,1.74,1.66,1.67,449800.0
11/12/2010,16:00,1.65,1.65,1.53,1.56,602600.0
11/15/2010,16:00,1.57,1.6,1.52,1.52,451400.0
11/16/2010,16:00,1.52,1.52,1.38,1.46,935200.0
11/17/2010,16:00,1.42,1.66,1.42,1.55,845600.0
11/18/2010,16:00,1.58,1.71,1.58,1.70,755600.0
11/19/2010,16:00,1.67,1.73,1.65,1.73,533100.0
11/22/2010,16:00,1.71,1.73,1.64,1.69,306600.0
11/23/2010,16:00,1.65,1.8,1.6,1.78,1174600.0
11/24/2010,16:00,1.85,1.99,1.82,1.92,2940800.0
11/26/2010,16:00,1.86,2.03,1.86,1.99,1958000.0
11/29/2010,16:00,1.99,2.02,1.92,2.0,2160900.0
11/30/2010,16:00,2.0,2.29,1.95,2.17,3174700.0
12/01/2010,16:00,2.27,2.45,2.14,2.25,6067900.0
12/02/2010,16:00,2.31,2.38,2.25,2.3,1967700.0
12/03/2010,16:00,2.3,2.35,2.17,2.23,1675400.0
12/06/2010,16:00,2.35,2.35,2.23,2.25,1024500.0
12/07/2010,16:00,2.35,2.38,2.26,2.28,1874900.0
12/08/2010,16:00,2.28,2.31,2.09,2.13,1937000.0
12/09/2010,16:00,2.12,2.22,2.11,2.2,757100.0
12/10/2010,16:00,2.28,2.29,2.2,2.29,883200.0
12/13/2010,16:00,2.29,2.49,2.29,2.42,1963300.0
12/14/2010,16:00,2.41,2.45,2.26,2.32,1338300.0
12/15/2010,16:00,2.3,2.34,2.15,2.19,979900.0
12/16/2010,16:00,2.18,2.4,2.18,2.38,943700.0
12/17/2010,16:00,2.37,2.48,2.33,2.38,965900.0
12/20/2010,16:00,2.4,2.41,2.32,2.35,528900.0
12/21/2010,16:00,2.37,2.42,2.34,2.35,701600.0
12/22/2010,16:00,2.48,2.48,2.37,2.4,700100.0
12/23/2010,16:00,2.47,2.7,2.38,2.67,3036700.0
12/27/2010,16:00,2.7,2.77,2.61,2.63,1140100.0
12/28/2010,16:00,2.77,2.79,2.55,2.57,754600.0
12/29/2010,16:00,2.65,2.95,2.61,2.83,2118900.0
12/30/2010,16:00,2.96,3.05,2.91,2.98,2495100.0
12/31/2010,16:00,3.05,3.05,2.97,2.99,1235900.0
01/03/2011,16:00,3.18,3.27,2.93,2.93,2034200.0
01/04/2011,16:00,3.0,3.04,2.65,2.91,2435100.0
01/05/2011,16:00,2.89,2.98,2.76,2.96,1050700.0
01/06/2011,16:00,2.94,2.95,2.81,2.83,777000.0
01/07/2011,16:00,2.83,2.83,2.58,2.61,1806000.0
01/10/2011,16:00,2.63,2.78,2.48,2.74,1986700.0
01/11/2011,16:00,2.71,2.82,2.71,2.81,1163100.0
01/12/2011,16:00,2.83,3.05,2.81,2.99,3028800.0
01/13/2011,16:00,3.05,3.05,2.87,2.87,1958700.0
01/14/2011,16:00,2.91,2.98,2.85,2.96,933000.0
01/18/2011,16:00,3.0,3.03,2.91,2.99,1099500.0
01/19/2011,16:00,3.0,3.03,2.83,2.84,1263200.0
01/20/2011,16:00,2.73,2.78,2.61,2.74,1671700.0
01/21/2011,16:00,2.81,2.88,2.75,2.8,972100.0
01/24/2011,16:00,2.77,2.84,2.73,2.82,803100.0
01/25/2011,16:00,2.82,2.83,2.73,2.79,707800.0
01/26/2011,16:00,2.78,2.9,2.77,2.9,1353300.0
01/27/2011,16:00,2.98,3.04,2.86,2.89,1665000.0
01/28/2011,16:00,2.91,3.06,2.84,3.05,2600000.0
01/31/2011,16:00,3.12,3.33,3.08,3.25,4511800.0
02/01/2011,16:00,3.36,3.37,3.17,3.27,2768000.0
02/02/2011,16:00,3.29,3.32,3.15,3.23,1741800.0
02/03/2011,16:00,3.22,3.26,3.14,3.21,1016400.0
02/04/2011,16:00,3.23,3.34,3.2,3.23,1998000.0
02/07/2011,16:00,3.08,3.14,3.03,3.11,2416300.0
02/08/2011,16:00,3.17,3.25,3.09,3.25,1031200.0
02/09/2011,16:00,3.26,3.26,3.09,3.11,1437400.0
02/10/2011,16:00,3.12,3.14,3.02,3.07,726300.0
02/11/2011,16:00,3.06,3.13,3.06,3.11,661700.0
02/14/2011,16:00,3.15,3.22,3.13,3.17,1035900.0
02/15/2011,16:00,3.2,3.21,3.09,3.11,796600.0
02/16/2011,16:00,3.18,3.18,3.08,3.12,478800.0
02/17/2011,16:00,3.08,3.1,3.03,3.07,1114300.0
02/18/2011,16:00,3.04,3.06,2.96,2.96,860100.0
02/22/2011,16:00,2.98,2.98,2.7,2.76,2781600.0
02/23/2011,16:00,2.74,2.80,2.65,2.68,1574100.0
02/24/2011,16:00,2.7,2.76,2.63,2.73,1339000.0
02/25/2011,16:00,2.74,2.87,2.74,2.85,1268400.0
02/28/2011,16:00,2.84,2.91,2.79,2.79,1033700.0
03/01/2011,16:00,2.86,2.86,2.7,2.72,731800.0
03/02/2011,16:00,2.76,2.76,2.63,2.67,832600.0
03/03/2011,16:00,2.68,2.72,2.65,2.71,765800.0
03/04/2011,16:00,2.67,2.71,2.53,2.53,1263800.0
03/07/2011,16:00,2.56,2.59,2.37,2.56,2411200.0
03/08/2011,16:00,2.57,2.68,2.47,2.6,1366700.0
03/09/2011,16:00,2.63,2.65,2.37,2.37,1288000.0
03/10/2011,16:00,2.38,2.53,2.2,2.44,4287600.0
03/11/2011,16:00,2.4,2.51,2.35,2.51,1186300.0
03/14/2011,16:00,2.06,2.19,1.75,1.82,8032400.0
03/15/2011,16:00,1.35,1.73,1.25,1.59,7696800.0
03/16/2011,16:00,1.62,1.68,1.39,1.45,6176900.0
03/17/2011,16:00,1.42,1.5,1.36,1.44,4476700.0
03/18/2011,16:00,1.54,1.76,1.49,1.7,5644500.0
03/21/2011,16:00,1.95,2.04,1.8,2.02,7007500.0
03/22/2011,16:00,2.07,2.08,1.92,1.94,4386600.0
03/23/2011,16:00,2.0,2.01,1.89,1.91,2281000.0
03/24/2011,16:00,1.86,1.91,1.66,1.82,3019200.0
03/25/2011,16:00,1.84,1.84,1.76,1.79,907700.0
03/28/2011,16:00,1.77,1.77,1.63,1.65,2083100.0
03/29/2011,16:00,1.67,1.68,1.58,1.61,1392100.0
03/30/2011,16:00,1.58,1.76,1.58,1.7,1648200.0
03/31/2011,16:00,1.73,1.77,1.6,1.65,2074400.0
04/01/2011,16:00,1.69,1.78,1.67,1.76,1796600.0
04/04/2011,16:00,1.82,1.86,1.79,1.82,1456000.0
04/05/2011,16:00,1.82,1.84,1.76,1.77,1017300.0
04/06/2011,16:00,1.81,1.84,1.76,1.78,966500.0
04/07/2011,16:00,1.76,1.82,1.71,1.76,1246900.0
04/08/2011,16:00,1.77,1.79,1.73,1.74,839000.0
04/11/2011,16:00,1.76,1.78,1.68,1.68,753600.0
04/12/2011,16:00,1.65,1.7,1.55,1.6,1909900.0
04/13/2011,16:00,1.64,1.64,1.57,1.59,696500.0
04/14/2011,16:00,1.58,1.66,1.54,1.66,716200.0
04/15/2011,16:00,1.68,1.72,1.63,1.65,507400.0
04/18/2011,16:00,1.65,1.65,1.58,1.63,532500.0
04/19/2011,16:00,1.63,1.64,1.58,1.58,422000.0
04/20/2011,16:00,1.62,1.68,1.61,1.64,829800.0
04/21/2011,16:00,1.72,1.72,1.66,1.66,526600.0
04/25/2011,16:00,1.7,1.7,1.6,1.69,550300.0
04/26/2011,16:00,1.69,1.7,1.63,1.65,427200.0
04/27/2011,16:00,1.66,1.66,1.62,1.63,435400.0
04/28/2011,16:00,1.64,1.64,1.58,1.6,629500.0
04/29/2011,16:00,1.62,1.63,1.59,1.61,340000.0
05/02/2011,16:00,1.61,1.65,1.59,1.64,377700.0
05/03/2011,16:00,1.64,1.68,1.6,1.65,582300.0
05/04/2011,16:00,1.65,1.65,1.57,1.61,505300.0
05/05/2011,16:00,1.57,1.58,1.48,1.49,1100000.0
05/06/2011,16:00,1.54,1.56,1.49,1.51,390200.0
05/09/2011,16:00,1.52,1.59,1.5,1.58,646900.0
05/10/2011,16:00,1.52,1.66,1.52,1.66,857300.0
05/11/2011,16:00,1.66,1.66,1.58,1.61,767200.0
05/12/2011,16:00,1.57,1.59,1.52,1.57,446000.0
05/13/2011,16:00,1.59,1.59,1.55,1.57,308200.0
05/16/2011,16:00,1.53,1.56,1.49,1.51,614900.0
05/17/2011,16:00,1.5,1.52,1.47,1.51,689000.0
05/18/2011,16:00,1.48,1.55,1.46,1.55,673100.0
05/19/2011,16:00,1.52,1.56,1.51,1.52,287000.0
05/20/2011,16:00,1.5,1.51,1.47,1.5,188300.0
05/23/2011,16:00,1.5,1.52,1.47,1.52,351300.0
05/24/2011,16:00,1.47,1.54,1.47,1.54,517900.0
05/25/2011,16:00,1.52,1.56,1.51,1.56,567300.0
05/26/2011,16:00,1.54,1.56,1.5,1.51,1108400.0
05/27/2011,16:00,1.53,1.8,1.52,1.8,4039800.0
05/31/2011,16:00,1.71,1.75,1.6,1.65,1493600.0
06/01/2011,16:00,1.63,1.66,1.55,1.58,766100.0
06/02/2011,16:00,1.58,1.60,1.54,1.55,738800.0
06/03/2011,16:00,1.54,1.58,1.53,1.53,626900.0
06/06/2011,16:00,1.52,1.55,1.48,1.51,601000.0
06/07/2011,16:00,1.49,1.51,1.48,1.5,490200.0
06/08/2011,16:00,1.5,1.5,1.34,1.42,1516300.0
06/09/2011,16:00,1.44,1.49,1.38,1.49,790300.0
06/10/2011,16:00,1.44,1.52,1.4,1.5,988200.0
06/13/2011,16:00,1.53,1.55,1.4,1.43,966500.0
06/14/2011,16:00,1.43,1.47,1.4,1.47,477500.0
06/15/2011,16:00,1.44,1.48,1.41,1.47,428600.0
06/16/2011,16:00,1.44,1.53,1.44,1.51,410400.0
06/17/2011,16:00,1.51,1.54,1.44,1.53,493800.0
06/20/2011,16:00,1.49,1.49,1.43,1.45,515000.0
06/21/2011,16:00,1.46,1.58,1.44,1.54,672900.0
06/22/2011,16:00,1.54,1.6,1.52,1.53,717800.0
06/23/2011,16:00,1.5,1.58,1.44,1.56,675000.0
06/24/2011,16:00,1.57,1.74,1.57,1.62,10865800.0
06/27/2011,16:00,1.64,1.67,1.57,1.6,727900.0
06/28/2011,16:00,1.65,1.65,1.55,1.61,573900.0
06/29/2011,16:00,1.63,1.64,1.56,1.58,325300.0
06/30/2011,16:00,1.59,1.62,1.55,1.6,775500.0
07/01/2011,16:00,1.61,1.65,1.58,1.64,608100.0
07/05/2011,16:00,1.68,1.68,1.61,1.64,558000.0
07/06/2011,16:00,1.64,1.67,1.6,1.63,566300.0
07/07/2011,16:00,1.65,1.66,1.63,1.66,352000.0
07/08/2011,16:00,1.63,1.65,1.61,1.64,212100.0
07/11/2011,16:00,1.65,1.66,1.51,1.54,745400.0
07/12/2011,16:00,1.53,1.57,1.52,1.55,301000.0
07/13/2011,16:00,1.57,1.62,1.57,1.6,372600.0
07/14/2011,16:00,1.61,1.66,1.55,1.56,834700.0
07/15/2011,16:00,1.57,1.58,1.55,1.57,346100.0
07/18/2011,16:00,1.57,1.57,1.52,1.53,298800.0
07/19/2011,16:00,1.53,1.58,1.53,1.58,362800.0
07/20/2011,16:00,1.61,1.61,1.52,1.57,600500.0
07/21/2011,16:00,1.57,1.6,1.57,1.6,494000.0
07/22/2011,16:00,1.65,1.68,1.58,1.67,1311700.0
07/25/2011,16:00,1.7,1.7,1.6,1.6,591100.0
07/26/2011,16:00,1.61,1.64,1.57,1.58,439800.0
07/27/2011,16:00,1.59,1.61,1.55,1.55,577800.0
07/28/2011,16:00,1.55,1.56,1.53,1.55,410400.0
07/29/2011,16:00,1.53,1.68,1.51,1.67,1362600.0
08/01/2011,16:00,1.72,1.72,1.58,1.62,884100.0
08/02/2011,16:00,1.61,1.68,1.59,1.66,1209100.0
08/03/2011,16:00,1.68,1.68,1.61,1.65,814100.0
08/04/2011,16:00,1.63,1.68,1.48,1.5,1220900.0
08/05/2011,16:00,1.5,1.52,1.3,1.33,1291300.0
08/08/2011,16:00,1.21,1.28,1.19,1.2,1175800.0
08/09/2011,16:00,1.2,1.28,1.09,1.24,1491700.0
08/10/2011,16:00,1.27,1.27,1.12,1.14,795200.0
08/11/2011,16:00,1.16,1.25,1.15,1.24,733000.0
08/12/2011,16:00,1.26,1.31,1.24,1.26,519700.0
08/15/2011,16:00,1.3,1.34,1.28,1.29,555700.0
08/16/2011,16:00,1.26,1.27,1.2,1.22,527200.0
08/17/2011,16:00,1.25,1.28,1.22,1.22,238600.0
08/18/2011,16:00,1.25,1.31,1.2,1.25,1199500.0
08/19/2011,16:00,1.25,1.27,1.19,1.2,529900.0
08/22/2011,16:00,1.25,1.25,1.18,1.18,234500.0
08/23/2011,16:00,1.18,1.21,1.17,1.19,479300.0
08/24/2011,16:00,1.2,1.22,1.17,1.19,212300.0
08/25/2011,16:00,1.19,1.2,1.11,1.12,523800.0
08/26/2011,16:00,1.14,1.21,1.13,1.21,626300.0
08/29/2011,16:00,1.23,1.29,1.2,1.28,574100.0
08/30/2011,16:00,1.28,1.28,1.22,1.27,736800.0
08/31/2011,16:00,1.26,1.29,1.22,1.27,516000.0
09/01/2011,16:00,1.25,1.3,1.25,1.27,332700.0
09/02/2011,16:00,1.27,1.28,1.2,1.2,531100.0
09/06/2011,16:00,1.13,1.16,1.11,1.16,544300.0
09/07/2011,16:00,1.17,1.23,1.15,1.23,476200.0
09/08/2011,16:00,1.22,1.25,1.16,1.18,376900.0
09/09/2011,16:00,1.16,1.18,1.1,1.1,519900.0
09/12/2011,16:00,1.05,1.09,1.05,1.07,913700.0
09/13/2011,16:00,1.08,1.15,1.07,1.12,415900.0
09/14/2011,16:00,1.13,1.15,1.09,1.14,471300.0
09/15/2011,16:00,1.15,1.18,1.11,1.18,314200.0
09/16/2011,16:00,1.16,1.26,1.16,1.23,686800.0
09/19/2011,16:00,1.21,1.23,1.11,1.18,256200.0
09/20/2011,16:00,1.18,1.2,1.11,1.11,294400.0
09/21/2011,16:00,1.09,1.17,1.05,1.05,339200.0
09/22/2011,16:00,1.0,1.01,0.94,0.95,1044400.0
09/23/2011,16:00,0.93,0.97,0.92,0.95,475100.0
09/26/2011,16:00,0.97,0.97,0.87,0.92,783300.0
09/27/2011,16:00,0.94,1.0,0.94,0.99,450400.0
09/28/2011,16:00,1.01,1.05,0.89,0.90,449100.0
09/29/2011,16:00,0.9,0.95,0.89,0.91,246300.0
09/30/2011,16:00,0.92,0.96,0.85,0.9,556000.0
10/03/2011,16:00,0.89,0.89,0.76,0.76,602600.0
10/04/2011,16:00,0.76,0.8,0.75,0.8,1297600.0
10/05/2011,16:00,0.81,0.85,0.8,0.85,423500.0
10/06/2011,16:00,0.85,0.91,0.85,0.9,313300.0
10/07/2011,16:00,0.9,0.91,0.80,0.85,299200.0
10/10/2011,16:00,0.96,0.98,0.87,0.98,332500.0
10/11/2011,16:00,0.95,0.95,0.92,0.93,408400.0
10/12/2011,16:00,0.95,1.04,0.94,1.03,589800.0
10/13/2011,16:00,1.0,1.03,0.96,1.02,245100.0
10/14/2011,16:00,1.03,1.07,1.02,1.07,351100.0
10/17/2011,16:00,1.04,1.06,1.0,1.0,412000.0
10/18/2011,16:00,0.99,1.05,0.97,1.04,521300.0
10/19/2011,16:00,1.04,1.05,1.02,1.02,289200.0
10/20/2011,16:00,1.04,1.23,1.03,1.21,1793300.0
10/21/2011,16:00,1.2,1.25,1.13,1.16,805700.0
10/24/2011,16:00,1.20,1.25,1.17,1.24,643800.0
10/25/2011,16:00,1.27,1.27,1.2,1.22,377500.0
10/26/2011,16:00,1.22,1.28,1.22,1.28,279100.0
10/27/2011,16:00,1.34,1.37,1.29,1.37,1008400.0
10/28/2011,16:00,1.44,1.44,1.3,1.32,449800.0
10/31/2011,16:00,1.27,1.31,1.2,1.29,585400.0
11/01/2011,16:00,1.24,1.24,1.08,1.14,656300.0
11/02/2011,16:00,1.17,1.2,1.14,1.19,438000.0
11/03/2011,16:00,1.2,1.2,1.16,1.19,263800.0
11/04/2011,16:00,1.17,1.19,1.14,1.15,152000.0
11/07/2011,16:00,1.15,1.16,1.08,1.11,308800.0
11/08/2011,16:00,1.12,1.13,1.1,1.13,217800.0
11/09/2011,16:00,1.08,1.11,1.01,1.02,366300.0
11/10/2011,16:00,1.05,1.07,1.03,1.07,219600.0
11/11/2011,16:00,1.09,1.1,1.05,1.1,321300.0
11/14/2011,16:00,1.1,1.10,1.07,1.08,212300.0
11/15/2011,16:00,1.06,1.1,1.04,1.1,250400.0
11/16/2011,16:00,1.08,1.1,1.06,1.06,320300.0
11/17/2011,16:00,1.07,1.08,1.0,1.0,378700.0
11/18/2011,16:00,1.02,1.04,0.99,1.03,234200.0
11/21/2011,16:00,0.99,1.0,0.93,0.95,465200.0
11/22/2011,16:00,0.95,0.98,0.94,0.94,113900.0
11/23/2011,16:00,0.91,0.94,0.87,0.88,344900.0
11/25/2011,16:00,0.88,0.9,0.86,0.86,88000.0
11/28/2011,16:00,0.93,0.93,0.85,0.87,570800.0
11/29/2011,16:00,0.86,0.93,0.85,0.93,578600.0
11/30/2011,16:00,0.96,1.09,0.96,1.09,703400.0
12/01/2011,16:00,1.07,1.09,1.01,1.01,353700.0
12/02/2011,16:00,1.04,1.05,0.99,1.0,271000.0
12/05/2011,16:00,1.03,1.04,0.98,1.0,509400.0
12/06/2011,16:00,1.0,1.0,0.96,0.99,178600.0
12/07/2011,16:00,0.98,0.99,0.93,0.94,532300.0
12/08/2011,16:00,0.92,0.94,0.85,0.87,735000.0
12/09/2011,16:00,0.87,0.95,0.87,0.94,363400.0
12/12/2011,16:00,0.9,0.93,0.89,0.92,301000.0
12/13/2011,16:00,0.94,0.94,0.89,0.89,466800.0
12/14/2011,16:00,0.89,0.89,0.86,0.86,253200.0
12/15/2011,16:00,0.88,0.90,0.86,0.87,183200.0
12/16/2011,16:00,0.88,0.88,0.84,0.85,732400.0
12/19/2011,16:00,0.85,0.88,0.83,0.83,350700.0
12/20/2011,16:00,0.86,0.92,0.84,0.92,319200.0
12/21/2011,16:00,0.90,0.91,0.88,0.91,171300.0
12/22/2011,16:00,0.89,0.92,0.87,0.9,351400.0
12/23/2011,16:00,0.91,0.91,0.85,0.88,240600.0
12/27/2011,16:00,0.86,0.88,0.86,0.88,168100.0
12/28/2011,16:00,0.88,0.88,0.82,0.83,240200.0
12/29/2011,16:00,0.83,0.87,0.83,0.85,325300.0
12/30/2011,16:00,0.84,0.86,0.82,0.85,302500.0
01/03/2012,16:00,0.88,0.9,0.84,0.89,292800.0
01/04/2012,16:00,0.9,0.9,0.86,0.87,148900.0
01/05/2012,16:00,0.87,0.88,0.86,0.88,99300.0
01/06/2012,16:00,0.88,0.88,0.86,0.86,244700.0
01/09/2012,16:00,0.95,0.95,0.86,0.9,174000.0
01/10/2012,16:00,0.90,0.91,0.89,0.90,152400.0
01/11/2012,16:00,0.89,0.89,0.87,0.89,256600.0
01/12/2012,16:00,0.95,0.95,0.89,0.94,169800.0
01/13/2012,16:00,0.92,0.94,0.92,0.93,182600.0
01/17/2012,16:00,1.0,1.04,0.99,1.01,812900.0
01/18/2012,16:00,1.01,1.06,1.0,1.04,495900.0
01/19/2012,16:00,1.05,1.08,1.02,1.07,875300.0
01/20/2012,16:00,1.09,1.09,1.04,1.06,239100.0
01/23/2012,16:00,1.1,1.17,1.08,1.13,609200.0
01/24/2012,16:00,1.11,1.11,1.04,1.08,482100.0
01/25/2012,16:00,1.07,1.11,1.02,1.11,311400.0
01/26/2012,16:00,1.12,1.13,1.08,1.09,281500.0
01/27/2012,16:00,1.08,1.15,1.08,1.15,350200.0
01/30/2012,16:00,1.14,1.17,1.1,1.15,555900.0
01/31/2012,16:00,1.19,1.44,1.15,1.39,2375500.0
02/01/2012,16:00,1.41,1.5,1.35,1.41,1580500.0
02/02/2012,16:00,1.21,1.32,1.17,1.22,1478300.0
02/03/2012,16:00,1.26,1.26,1.23,1.25,489800.0
02/06/2012,16:00,1.24,1.25,1.2,1.21,243600.0
02/07/2012,16:00,1.19,1.22,1.17,1.22,362400.0
02/08/2012,16:00,1.25,1.25,1.17,1.22,416600.0
02/09/2012,16:00,1.25,1.3,1.22,1.27,497100.0
02/10/2012,16:00,1.22,1.24,1.16,1.16,860000.0
02/13/2012,16:00,1.16,1.2,1.13,1.14,276000.0
02/14/2012,16:00,1.13,1.19,1.1,1.18,396000.0
02/15/2012,16:00,1.18,1.23,1.17,1.19,515200.0
02/16/2012,16:00,1.2,1.35,1.17,1.3,1052400.0
02/17/2012,16:00,1.32,1.34,1.29,1.31,796900.0
02/21/2012,16:00,1.32,1.33,1.25,1.29,321800.0
02/22/2012,16:00,1.28,1.3,1.25,1.25,373400.0
02/23/2012,16:00,1.25,1.31,1.23,1.31,430900.0
02/24/2012,16:00,1.31,1.31,1.22,1.24,565700.0
02/27/2012,16:00,1.26,1.27,1.24,1.25,276400.0
02/28/2012,16:00,1.24,1.27,1.21,1.22,226500.0
02/29/2012,16:00,1.22,1.26,1.16,1.16,487200.0
03/01/2012,16:00,1.19,1.23,1.19,1.19,241600.0
03/02/2012,16:00,1.18,1.21,1.13,1.14,655700.0
03/05/2012,16:00,1.15,1.16,1.13,1.13,183000.0
03/06/2012,16:00,1.15,1.15,1.1,1.1,427400.0
03/07/2012,16:00,1.11,1.15,1.1,1.14,355900.0
03/08/2012,16:00,1.15,1.18,1.12,1.16,254600.0
03/09/2012,16:00,1.15,1.2,1.14,1.19,310100.0
03/12/2012,16:00,1.22,1.22,1.16,1.16,133100.0
03/13/2012,16:00,1.18,1.22,1.17,1.22,515600.0
03/14/2012,16:00,1.22,1.27,1.21,1.23,393300.0
03/15/2012,16:00,1.23,1.31,1.22,1.24,713100.0
03/16/2012,16:00,1.25,1.25,1.19,1.2,499000.0
03/19/2012,16:00,1.19,1.23,1.15,1.23,323800.0
03/20/2012,16:00,1.22,1.22,1.15,1.18,200300.0
03/21/2012,16:00,1.19,1.25,1.19,1.23,200100.0
03/22/2012,16:00,1.21,1.21,1.18,1.18,203900.0
03/23/2012,16:00,1.19,1.23,1.18,1.23,125000.0
03/26/2012,16:00,1.23,1.24,1.21,1.24,215000.0
03/27/2012,16:00,1.24,1.26,1.2,1.25,383700.0
03/28/2012,16:00,1.25,1.26,1.22,1.25,572200.0
03/29/2012,16:00,1.23,1.24,1.21,1.23,135200.0
03/30/2012,16:00,1.22,1.24,1.21,1.22,218000.0
04/02/2012,16:00,1.2,1.24,1.2,1.21,297300.0
04/03/2012,16:00,1.2,1.21,1.15,1.15,280100.0
04/04/2012,16:00,1.14,1.19,1.14,1.14,311300.0
04/05/2012,16:00,1.14,1.18,1.14,1.17,136200.0
04/09/2012,16:00,1.14,1.16,1.12,1.12,248500.0
04/10/2012,16:00,1.11,1.15,1.11,1.12,477800.0
04/11/2012,16:00,1.13,1.14,1.12,1.13,154000.0
04/12/2012,16:00,1.13,1.17,1.11,1.16,218100.0
04/13/2012,16:00,1.15,1.15,1.1,1.1,157600.0
04/16/2012,16:00,1.09,1.11,1.05,1.09,423000.0
04/17/2012,16:00,1.11,1.15,1.1,1.14,193200.0
04/18/2012,16:00,1.13,1.13,1.08,1.09,181200.0
04/19/2012,16:00,1.09,1.1,1.03,1.03,309900.0
04/20/2012,16:00,1.09,1.09,1.03,1.04,262500.0
04/23/2012,16:00,1.02,1.05,1.0,1.01,396100.0
04/24/2012,16:00,1.02,1.03,1.0,1.02,125800.0
04/25/2012,16:00,1.03,1.03,0.96,1.03,306100.0
04/26/2012,16:00,1.13,1.13,1.01,1.07,345200.0
04/27/2012,16:00,1.08,1.08,1.06,1.08,136300.0
04/30/2012,16:00,1.07,1.1,1.05,1.09,355100.0
05/01/2012,16:00,1.08,1.17,1.07,1.1,485700.0
05/02/2012,16:00,1.1,1.14,1.1,1.14,204800.0
05/03/2012,16:00,1.13,1.14,1.07,1.08,272300.0
05/04/2012,16:00,1.06,1.09,1.04,1.05,279300.0
05/07/2012,16:00,1.05,1.08,1.04,1.06,492200.0
05/08/2012,16:00,1.05,1.09,1.02,1.05,825600.0
05/09/2012,16:00,1.04,1.08,1.03,1.06,410000.0
05/10/2012,16:00,1.07,1.08,1.04,1.06,386000.0
05/11/2012,16:00,1.04,1.06,1.03,1.05,296000.0
05/14/2012,16:00,1.0,1.05,1.0,1.02,1061200.0
05/15/2012,16:00,1.02,1.04,0.99,0.99,341200.0
05/16/2012,16:00,1.0,1.0,0.9,0.9,639200.0
05/17/2012,16:00,0.9,0.94,0.86,0.88,352000.0
05/18/2012,16:00,0.87,0.92,0.87,0.88,441000.0
05/21/2012,16:00,0.88,1.08,0.87,1.0,330200.0
05/22/2012,16:00,0.93,0.95,0.9,0.91,419800.0
05/23/2012,16:00,0.9,0.92,0.89,0.91,271200.0
05/24/2012,16:00,0.92,0.92,0.89,0.91,163000.0
05/25/2012,16:00,0.90,0.93,0.89,0.92,257500.0
05/29/2012,16:00,0.96,0.96,0.89,0.93,220400.0
05/30/2012,16:00,0.92,0.92,0.89,0.90,256200.0
05/31/2012,16:00,0.91,0.91,0.88,0.89,248700.0
06/01/2012,16:00,0.87,0.89,0.86,0.86,276600.0
06/04/2012,16:00,0.87,0.92,0.87,0.88,215600.0
06/05/2012,16:00,0.87,0.9,0.87,0.88,176300.0
06/06/2012,16:00,0.90,0.91,0.88,0.9,198400.0
06/07/2012,16:00,0.91,0.91,0.87,0.87,232000.0
06/08/2012,16:00,0.87,0.88,0.83,0.85,279700.0
06/11/2012,16:00,0.87,0.87,0.78,0.78,806600.0
06/12/2012,16:00,0.78,0.83,0.78,0.83,292000.0
06/13/2012,16:00,0.83,0.83,0.78,0.79,195000.0
06/14/2012,16:00,0.79,0.82,0.77,0.81,304500.0
06/15/2012,16:00,0.82,0.83,0.8,0.82,354700.0
06/18/2012,16:00,0.81,0.85,0.81,0.83,330700.0
06/19/2012,16:00,0.83,0.87,0.83,0.86,593500.0
06/20/2012,16:00,0.87,0.87,0.80,0.85,305500.0
06/21/2012,16:00,0.85,0.86,0.82,0.82,420000.0
06/22/2012,16:00,0.84,0.85,0.75,0.75,11425400.0
06/25/2012,16:00,0.77,0.78,0.74,0.75,463100.0
06/26/2012,16:00,0.75,0.77,0.75,0.75,246500.0
06/27/2012,16:00,0.75,0.75,0.72,0.72,335100.0
06/28/2012,16:00,0.73,0.75,0.72,0.72,187700.0
06/29/2012,16:00,0.73,0.75,0.73,0.73,159000.0
07/02/2012,16:00,0.73,0.76,0.73,0.75,84900.0
07/03/2012,16:00,0.75,0.79,0.75,0.78,145600.0
07/05/2012,16:00,0.79,0.80,0.78,0.78,173200.0
07/06/2012,16:00,0.78,0.78,0.75,0.75,140700.0
07/09/2012,16:00,0.79,0.79,0.73,0.73,563600.0
07/10/2012,16:00,0.74,0.74,0.71,0.71,450400.0
07/11/2012,16:00,0.7,0.75,0.68,0.72,540500.0
07/12/2012,16:00,0.71,0.74,0.69,0.72,108300.0
07/13/2012,16:00,0.72,0.74,0.71,0.72,187800.0
07/16/2012,16:00,0.73,0.73,0.69,0.70,130100.0
07/17/2012,16:00,0.73,0.73,0.7,0.7,192000.0
07/18/2012,16:00,0.7,0.72,0.66,0.66,423700.0
07/19/2012,16:00,0.66,0.7,0.66,0.67,682700.0
07/20/2012,16:00,0.67,0.68,0.64,0.68,558300.0
07/23/2012,16:00,0.65,0.68,0.63,0.68,466900.0
07/24/2012,16:00,0.68,0.68,0.65,0.68,170700.0
07/25/2012,16:00,0.68,0.74,0.65,0.73,826600.0
07/26/2012,16:00,0.72,0.8,0.7,0.79,1196000.0
07/27/2012,16:00,0.79,0.79,0.77,0.79,275800.0
07/30/2012,16:00,0.79,0.85,0.79,0.85,533400.0
07/31/2012,16:00,0.87,0.95,0.83,0.95,855600.0
08/01/2012,16:00,0.91,0.94,0.85,0.85,380700.0
08/02/2012,16:00,0.83,0.86,0.83,0.85,152800.0
08/03/2012,16:00,0.86,0.9,0.85,0.9,259800.0
08/06/2012,16:00,0.9,0.92,0.89,0.91,77400.0
08/07/2012,16:00,0.91,0.95,0.89,0.94,127400.0
08/08/2012,16:00,0.93,0.95,0.92,0.93,179600.0
08/09/2012,16:00,0.92,0.94,0.91,0.92,389100.0
08/10/2012,16:00,0.94,0.94,0.9,0.93,89800.0
08/13/2012,16:00,0.94,1.02,0.92,0.94,135100.0
08/14/2012,16:00,0.92,0.94,0.89,0.94,84300.0
08/15/2012,16:00,0.93,0.97,0.91,0.96,243300.0
08/16/2012,16:00,0.97,1.03,0.94,1.02,758400.0
08/17/2012,16:00,1.02,1.23,1.02,1.15,1049100.0
08/20/2012,16:00,1.2,1.23,1.12,1.16,1324700.0
08/21/2012,16:00,1.14,1.18,0.93,1.06,679200.0
08/22/2012,16:00,1.05,1.09,1.03,1.09,318000.0
08/23/2012,16:00,1.09,1.09,1.04,1.05,322100.0
08/24/2012,16:00,1.05,1.07,1.04,1.07,263600.0
08/27/2012,16:00,1.05,1.07,1.03,1.03,164800.0
08/28/2012,16:00,1.02,1.05,1.02,1.04,149500.0
08/29/2012,16:00,1.05,1.07,1.02,1.06,329900.0
08/30/2012,16:00,1.04,1.04,0.98,0.99,272900.0
08/31/2012,16:00,1.01,1.01,0.99,1.01,72500.0
09/04/2012,16:00,0.97,1.02,0.97,1.01,184800.0
09/05/2012,16:00,1.0,1.02,0.98,0.99,299400.0
09/06/2012,16:00,0.99,0.99,0.97,0.98,177400.0
09/07/2012,16:00,0.97,0.99,0.95,0.98,177100.0
09/10/2012,16:00,1.0,1.00,0.96,0.98,101800.0
09/11/2012,16:00,0.99,1.01,0.97,0.98,99900.0
09/12/2012,16:00,0.98,1.0,0.98,1.0,61200.0
09/13/2012,16:00,1.01,1.02,0.98,1.02,122800.0
09/14/2012,16:00,1.0,1.03,0.97,0.99,523500.0
09/17/2012,16:00,0.98,1.0,0.97,0.99,237700.0
09/18/2012,16:00,0.99,1.04,0.98,1.04,537700.0
09/19/2012,16:00,1.04,1.04,1.01,1.01,335400.0
09/20/2012,16:00,1.01,1.01,0.95,0.95,386200.0
09/21/2012,16:00,0.97,1.02,0.95,1.0,701700.0
09/24/2012,16:00,0.99,1.04,0.99,1.0,808500.0
09/25/2012,16:00,1.02,1.05,0.99,1.0,346600.0
09/26/2012,16:00,1.02,1.02,0.97,0.98,213400.0
09/27/2012,16:00,0.98,1.0,0.96,0.97,138800.0
09/28/2012,16:00,0.96,0.99,0.96,0.99,40900.0
10/01/2012,16:00,0.99,1.03,0.94,0.97,306800.0
10/02/2012,16:00,0.96,0.98,0.95,0.95,86700.0
10/03/2012,16:00,0.98,0.98,0.96,0.98,81700.0
10/04/2012,16:00,0.98,0.98,0.95,0.95,87800.0
10/05/2012,16:00,0.95,1.06,0.95,1.01,615500.0
10/08/2012,16:00,1.02,1.08,1.02,1.05,364700.0
10/09/2012,16:00,1.05,1.07,1.01,1.01,230900.0
10/10/2012,16:00,1.01,1.02,1.0,1.01,135000.0
10/11/2012,16:00,0.99,1.03,0.99,1.01,170400.0
10/12/2012,16:00,1.01,1.03,1.0,1.0,123300.0
10/15/2012,16:00,1.01,1.01,0.97,0.98,238400.0
10/16/2012,16:00,0.98,1.0,0.98,0.98,356500.0
10/17/2012,16:00,0.98,1.0,0.95,0.97,216200.0
10/18/2012,16:00,0.97,0.98,0.95,0.95,127800.0
10/19/2012,16:00,0.95,0.95,0.91,0.92,279700.0
10/22/2012,16:00,0.92,0.92,0.84,0.9,407100.0
10/23/2012,16:00,0.9,0.9,0.85,0.88,305600.0
10/24/2012,16:00,0.88,0.89,0.85,0.87,136900.0
10/25/2012,16:00,0.88,0.88,0.86,0.87,214700.0
10/26/2012,16:00,0.87,0.89,0.86,0.89,55100.0
10/31/2012,16:00,0.87,0.91,0.85,0.91,248200.0
11/01/2012,16:00,0.91,0.91,0.86,0.89,112200.0
11/02/2012,16:00,0.89,0.90,0.86,0.86,126300.0
11/05/2012,16:00,0.85,0.89,0.84,0.86,359400.0
11/06/2012,16:00,0.87,0.89,0.85,0.87,174600.0
11/07/2012,16:00,0.87,0.87,0.83,0.85,303000.0
11/08/2012,16:00,0.85,0.87,0.84,0.85,172100.0
11/09/2012,16:00,0.85,0.87,0.85,0.86,133400.0
11/12/2012,16:00,0.85,0.86,0.84,0.85,91600.0
11/13/2012,16:00,0.85,0.86,0.84,0.86,171500.0
11/14/2012,16:00,0.85,0.86,0.80,0.81,286700.0
11/15/2012,16:00,0.8,0.81,0.72,0.76,309100.0
11/16/2012,16:00,0.76,0.77,0.71,0.75,223600.0
11/19/2012,16:00,0.75,0.79,0.75,0.79,539500.0
11/20/2012,16:00,0.79,0.79,0.77,0.77,90200.0
11/21/2012,16:00,0.78,0.78,0.74,0.75,231000.0
11/23/2012,16:00,0.73,0.76,0.72,0.73,243200.0
11/26/2012,16:00,0.75,0.75,0.73,0.74,47200.0
11/27/2012,16:00,0.74,0.74,0.73,0.74,46900.0
11/28/2012,16:00,0.75,0.77,0.73,0.76,149200.0
11/29/2012,16:00,0.77,0.8,0.77,0.78,253300.0
11/30/2012,16:00,0.79,0.80,0.78,0.79,242500.0
12/03/2012,16:00,0.79,0.79,0.75,0.77,89000.0
12/04/2012,16:00,0.77,0.78,0.75,0.76,66000.0
12/05/2012,16:00,0.77,0.77,0.76,0.76,54000.0
12/06/2012,16:00,0.76,0.78,0.75,0.77,143800.0
12/07/2012,16:00,0.8,0.8,0.75,0.76,126800.0
12/10/2012,16:00,0.77,0.78,0.74,0.74,57400.0
12/11/2012,16:00,0.74,0.76,0.74,0.76,85400.0
12/12/2012,16:00,0.76,0.77,0.74,0.76,145700.0
12/13/2012,16:00,0.77,0.77,0.7,0.76,134600.0
12/14/2012,16:00,0.75,0.78,0.75,0.78,90500.0
12/17/2012,16:00,0.79,0.80,0.76,0.79,119600.0
12/18/2012,16:00,0.8,0.9,0.79,0.84,399800.0
12/19/2012,16:00,0.81,0.85,0.79,0.82,219800.0
12/20/2012,16:00,0.82,0.87,0.81,0.84,293000.0
12/21/2012,16:00,0.84,0.85,0.80,0.85,209000.0
12/24/2012,16:00,0.71,0.85,0.71,0.84,73600.0
12/26/2012,16:00,0.84,0.88,0.81,0.86,69300.0
12/27/2012,16:00,0.84,0.86,0.82,0.84,157600.0
12/28/2012,16:00,0.83,0.85,0.80,0.80,90500.0
12/31/2012,16:00,0.79,0.85,0.78,0.84,250700.0
01/02/2013,16:00,0.86,0.87,0.85,0.86,176500.0
01/03/2013,16:00,0.87,0.87,0.82,0.85,108500.0
01/04/2013,16:00,0.87,0.87,0.83,0.85,107300.0
01/07/2013,16:00,0.86,0.86,0.82,0.84,97800.0
01/08/2013,16:00,0.85,0.85,0.83,0.85,90400.0
01/09/2013,16:00,0.85,0.9,0.85,0.9,179300.0
01/10/2013,16:00,0.85,0.94,0.85,0.92,273600.0
01/11/2013,16:00,0.91,0.92,0.88,0.90,141200.0
01/14/2013,16:00,0.9,0.92,0.89,0.90,99000.0
01/15/2013,16:00,0.91,0.92,0.89,0.92,96100.0
01/16/2013,16:00,0.91,0.92,0.90,0.92,42400.0
01/17/2013,16:00,0.91,0.96,0.91,0.96,279200.0
01/18/2013,16:00,0.96,0.98,0.93,0.93,209400.0
01/22/2013,16:00,0.93,0.95,0.93,0.95,116900.0
01/23/2013,16:00,0.94,0.95,0.89,0.90,140600.0
01/24/2013,16:00,0.89,0.92,0.87,0.92,175200.0
01/25/2013,16:00,0.91,0.92,0.88,0.88,120800.0
01/28/2013,16:00,0.88,0.91,0.86,0.86,176500.0
01/29/2013,16:00,0.9,0.9,0.86,0.89,120600.0
01/30/2013,16:00,0.88,0.9,0.88,0.89,91200.0
01/31/2013,16:00,0.9,0.90,0.86,0.89,158000.0
02/01/2013,16:00,0.87,0.9,0.86,0.9,79900.0
02/04/2013,16:00,0.86,0.9,0.86,0.88,131800.0
02/05/2013,16:00,0.88,0.89,0.86,0.89,89400.0
02/06/2013,16:00,0.89,0.91,0.87,0.91,58400.0
02/07/2013,16:00,0.9,0.90,0.87,0.89,136100.0
02/08/2013,16:00,0.89,0.89,0.85,0.87,268400.0
02/11/2013,16:00,0.86,0.86,0.84,0.84,112800.0
02/12/2013,16:00,0.85,0.85,0.79,0.79,623500.0
02/13/2013,16:00,0.8,0.82,0.77,0.8,208900.0
02/14/2013,16:00,0.8,0.8,0.77,0.79,176300.0
02/15/2013,16:00,0.79,0.8,0.77,0.77,327800.0
02/19/2013,16:00,0.78,0.79,0.76,0.76,140300.0
02/20/2013,16:00,0.76,0.76,0.73,0.73,470500.0
02/21/2013,16:00,0.73,0.75,0.72,0.75,328400.0
02/22/2013,16:00,0.76,0.77,0.75,0.75,108300.0
02/25/2013,16:00,0.76,0.76,0.72,0.74,159300.0
02/26/2013,16:00,0.74,0.76,0.73,0.76,131900.0
02/27/2013,16:00,0.76,0.77,0.74,0.75,242300.0
02/28/2013,16:00,0.75,0.76,0.73,0.75,212700.0
03/01/2013,16:00,0.76,0.76,0.74,0.75,131800.0
03/04/2013,16:00,0.77,0.78,0.76,0.77,316700.0
03/05/2013,16:00,0.78,0.78,0.75,0.75,193400.0
03/06/2013,16:00,0.77,0.77,0.73,0.75,256400.0
03/07/2013,16:00,0.75,0.77,0.75,0.75,231600.0
03/08/2013,16:00,0.76,0.83,0.76,0.82,273500.0
03/11/2013,16:00,0.8,0.87,0.8,0.85,156900.0
03/12/2013,16:00,0.87,0.90,0.87,0.90,326300.0
03/13/2013,16:00,0.91,0.91,0.89,0.90,202600.0
03/14/2013,16:00,0.9,0.92,0.9,0.9,198300.0
03/15/2013,16:00,0.9,0.91,0.89,0.9,93100.0
03/18/2013,16:00,0.87,0.91,0.87,0.9,96100.0
03/19/2013,16:00,0.9,0.95,0.89,0.93,231700.0
03/20/2013,16:00,0.92,0.93,0.91,0.92,48300.0
03/21/2013,16:00,0.91,0.92,0.89,0.89,192500.0
03/22/2013,16:00,0.9,0.91,0.87,0.88,177100.0
03/25/2013,16:00,0.89,0.90,0.88,0.88,399400.0
03/26/2013,16:00,0.88,0.91,0.88,0.91,233000.0
03/27/2013,16:00,0.91,0.95,0.9,0.94,225700.0
03/28/2013,16:00,0.94,0.97,0.93,0.96,192400.0
04/01/2013,16:00,0.94,0.95,0.93,0.93,66200.0
04/02/2013,16:00,0.94,0.97,0.9,0.91,172100.0
04/03/2013,16:00,0.91,0.91,0.87,0.88,309900.0
04/04/2013,16:00,0.86,0.9,0.86,0.89,125400.0
04/05/2013,16:00,0.88,0.89,0.87,0.88,123600.0
04/08/2013,16:00,0.9,0.91,0.88,0.9,103000.0
04/09/2013,16:00,0.89,0.9,0.86,0.87,190000.0
04/10/2013,16:00,0.89,0.89,0.86,0.89,99600.0
04/11/2013,16:00,0.9,0.91,0.89,0.9,73400.0
04/12/2013,16:00,0.9,0.92,0.89,0.92,189300.0
04/15/2013,16:00,0.86,0.88,0.81,0.84,554600.0
04/16/2013,16:00,0.84,0.87,0.81,0.82,212900.0
04/17/2013,16:00,0.82,0.83,0.78,0.79,315900.0
04/18/2013,16:00,0.79,0.79,0.75,0.78,309100.0
04/19/2013,16:00,0.77,0.79,0.76,0.78,106700.0
04/22/2013,16:00,0.78,0.78,0.77,0.78,163800.0
04/23/2013,16:00,0.78,0.78,0.75,0.77,243600.0
04/24/2013,16:00,0.78,0.78,0.74,0.76,297800.0
04/25/2013,16:00,0.75,0.76,0.74,0.76,133300.0
04/26/2013,16:00,0.75,0.81,0.75,0.80,229000.0
04/29/2013,16:00,0.80,0.81,0.78,0.79,271800.0
04/30/2013,16:00,0.78,0.87,0.78,0.82,310000.0
05/01/2013,16:00,0.82,0.82,0.79,0.8,60700.0
05/02/2013,16:00,0.81,0.82,0.78,0.80,207600.0
05/03/2013,16:00,0.8,0.83,0.8,0.83,200200.0
05/06/2013,16:00,0.84,0.87,0.82,0.84,281500.0
05/07/2013,16:00,0.85,0.88,0.84,0.86,232100.0
05/08/2013,16:00,0.85,0.91,0.84,0.91,422800.0
05/09/2013,16:00,0.89,0.90,0.86,0.89,174500.0
05/10/2013,16:00,0.9,0.93,0.9,0.92,225000.0
05/13/2013,16:00,0.93,0.93,0.86,0.88,144700.0
05/14/2013,16:00,0.88,0.9,0.86,0.88,207500.0
05/15/2013,16:00,0.89,0.93,0.84,0.88,390200.0
05/16/2013,16:00,0.89,0.92,0.88,0.92,174900.0
05/17/2013,16:00,0.92,0.92,0.9,0.9,145400.0
05/20/2013,16:00,0.88,0.92,0.88,0.9,111700.0
05/21/2013,16:00,0.91,0.93,0.88,0.9,290900.0
05/22/2013,16:00,0.9,0.92,0.89,0.89,125900.0
05/23/2013,16:00,0.9,0.93,0.89,0.91,178000.0
05/24/2013,16:00,0.91,0.95,0.90,0.93,614700.0
05/28/2013,16:00,0.89,0.91,0.85,0.91,606000.0
05/29/2013,16:00,0.92,0.95,0.92,0.95,239600.0
05/30/2013,16:00,0.94,1.0,0.94,1.0,330000.0
05/31/2013,16:00,1.01,1.08,1.0,1.08,570300.0
06/03/2013,16:00,1.08,1.15,1.06,1.13,771400.0
06/04/2013,16:00,1.16,1.19,1.11,1.18,619100.0
06/05/2013,16:00,1.17,1.18,1.08,1.14,814100.0
06/06/2013,16:00,1.11,1.14,1.03,1.09,442200.0
06/07/2013,16:00,1.11,1.11,1.05,1.08,202400.0
06/10/2013,16:00,1.1,1.1,1.04,1.06,392200.0
06/11/2013,16:00,1.03,1.05,1.0,1.03,450900.0
06/12/2013,16:00,1.03,1.1,1.0,1.1,358700.0
06/13/2013,16:00,1.07,1.08,1.02,1.07,284100.0
06/14/2013,16:00,1.06,1.08,1.05,1.07,245100.0
06/17/2013,16:00,1.07,1.22,1.06,1.14,1752000.0
06/18/2013,16:00,1.16,1.22,1.14,1.2,898600.0
06/19/2013,16:00,1.16,1.2,1.16,1.19,539100.0
06/20/2013,16:00,1.11,1.17,1.09,1.11,927200.0
06/21/2013,16:00,1.11,1.15,1.1,1.15,279400.0
06/24/2013,16:00,1.13,1.19,1.11,1.19,818000.0
06/25/2013,16:00,1.2,1.3,1.17,1.28,981900.0
06/26/2013,16:00,1.28,1.3,1.22,1.22,860800.0
06/27/2013,16:00,1.25,1.29,1.25,1.29,1072400.0
06/28/2013,16:00,1.28,1.34,1.25,1.34,10350500.0
07/01/2013,16:00,1.27,1.35,1.25,1.33,1006500.0
07/02/2013,16:00,1.3,1.3,1.23,1.28,836400.0
07/03/2013,16:00,1.26,1.31,1.26,1.31,424200.0
07/05/2013,16:00,1.27,1.3,1.24,1.27,603400.0
07/08/2013,16:00,1.26,1.29,1.25,1.29,679300.0
07/09/2013,16:00,1.28,1.29,1.26,1.28,392200.0
07/10/2013,16:00,1.28,1.28,1.24,1.27,378600.0
07/11/2013,16:00,1.28,1.28,1.23,1.25,545700.0
07/12/2013,16:00,1.22,1.25,1.15,1.16,740900.0
07/15/2013,16:00,1.13,1.17,1.08,1.17,482300.0
07/16/2013,16:00,1.15,1.17,1.1,1.12,346500.0
07/17/2013,16:00,1.13,1.15,1.09,1.11,237500.0
07/18/2013,16:00,1.12,1.12,1.05,1.08,590300.0
07/19/2013,16:00,1.08,1.17,1.08,1.17,569500.0
07/22/2013,16:00,1.17,1.34,1.17,1.34,1381200.0
07/23/2013,16:00,1.3,1.34,1.28,1.31,890700.0
07/24/2013,16:00,1.32,1.32,1.25,1.27,347100.0
07/25/2013,16:00,1.27,1.28,1.22,1.28,492000.0
07/26/2013,16:00,1.25,1.35,1.22,1.3,741100.0
07/29/2013,16:00,1.34,1.38,1.3,1.31,1196000.0
07/30/2013,16:00,1.3,1.31,1.21,1.25,799600.0
07/31/2013,16:00,1.25,1.28,1.17,1.17,1029100.0
08/01/2013,16:00,1.17,1.21,1.15,1.19,555900.0
08/02/2013,16:00,1.15,1.2,1.15,1.2,314000.0
08/05/2013,16:00,1.22,1.26,1.15,1.17,774000.0
08/06/2013,16:00,1.16,1.2,1.15,1.15,442200.0
08/07/2013,16:00,1.13,1.15,1.13,1.13,314200.0
08/08/2013,16:00,1.12,1.17,1.12,1.16,401800.0
08/09/2013,16:00,1.16,1.2,1.15,1.19,239600.0
08/12/2013,16:00,1.19,1.2,1.17,1.18,439900.0
08/13/2013,16:00,1.19,1.22,1.17,1.21,272900.0
08/14/2013,16:00,1.16,1.17,1.13,1.16,554500.0
08/15/2013,16:00,1.15,1.15,0.92,1.06,2424900.0
08/16/2013,16:00,1.06,1.08,1.03,1.08,547500.0
08/19/2013,16:00,1.05,1.08,1.01,1.07,402400.0
08/20/2013,16:00,1.07,1.13,1.05,1.13,276700.0
08/21/2013,16:00,1.12,1.12,1.07,1.11,270100.0
08/22/2013,16:00,1.11,1.14,1.09,1.14,94200.0
08/23/2013,16:00,1.15,1.15,1.11,1.12,150700.0
08/26/2013,16:00,1.12,1.13,1.08,1.09,74900.0
08/27/2013,16:00,1.1,1.11,1.03,1.04,259900.0
08/28/2013,16:00,1.03,1.08,1.03,1.04,289400.0
08/29/2013,16:00,1.04,1.06,1.04,1.05,170400.0
08/30/2013,16:00,1.03,1.05,1.02,1.03,218100.0
09/03/2013,16:00,1.02,1.05,1.01,1.03,138000.0
09/04/2013,16:00,1.04,1.06,1.02,1.05,111200.0
09/05/2013,16:00,1.06,1.12,1.04,1.11,187300.0
09/06/2013,16:00,1.12,1.14,1.1,1.11,295100.0
09/09/2013,16:00,1.1,1.12,1.06,1.09,225800.0
09/10/2013,16:00,1.08,1.08,1.03,1.07,236400.0
09/11/2013,16:00,1.07,1.07,1.03,1.03,168800.0
09/12/2013,16:00,1.02,1.05,1.02,1.04,122300.0
09/13/2013,16:00,1.05,1.06,1.01,1.02,336200.0
09/16/2013,16:00,1.01,1.04,0.96,1.01,437400.0
09/17/2013,16:00,0.99,1.02,0.97,1.01,444900.0
09/18/2013,16:00,0.99,1.05,0.99,1.04,270900.0
09/19/2013,16:00,1.05,1.05,1.01,1.05,344800.0
09/20/2013,16:00,1.07,1.07,1.02,1.05,321100.0
09/23/2013,16:00,1.03,1.05,1.0,1.03,210800.0
09/24/2013,16:00,1.03,1.04,0.98,0.99,322700.0
09/25/2013,16:00,1.0,1.06,1.0,1.06,227500.0
09/26/2013,16:00,1.07,1.09,1.05,1.08,257000.0
09/27/2013,16:00,1.08,1.16,1.04,1.05,907600.0
09/30/2013,16:00,1.08,1.16,1.03,1.16,508300.0
10/01/2013,16:00,1.13,1.15,1.07,1.12,239700.0
10/02/2013,16:00,1.13,1.13,1.09,1.11,212500.0
10/03/2013,16:00,1.1,1.1,1.07,1.07,195200.0
10/04/2013,16:00,1.08,1.08,1.06,1.07,118800.0
10/07/2013,16:00,1.1,1.1,1.05,1.05,284800.0
10/08/2013,16:00,1.06,1.06,1.02,1.02,263400.0
10/09/2013,16:00,1.02,1.04,1.01,1.03,171200.0
10/10/2013,16:00,1.05,1.05,1.02,1.05,173900.0
10/11/2013,16:00,1.03,1.08,1.03,1.08,201700.0
10/14/2013,16:00,1.0,1.08,1.0,1.08,301200.0
10/15/2013,16:00,1.04,1.08,1.03,1.03,208000.0
10/16/2013,16:00,1.01,1.03,1.0,1.02,299300.0
10/17/2013,16:00,1.02,1.04,1.0,1.04,414500.0
10/18/2013,16:00,1.05,1.05,1.02,1.04,244300.0
10/21/2013,16:00,1.04,1.04,1.01,1.01,222300.0
10/22/2013,16:00,1.01,1.08,1.01,1.07,339300.0
10/23/2013,16:00,1.07,1.07,1.03,1.05,226100.0
10/24/2013,16:00,1.08,1.16,1.08,1.15,728900.0
10/25/2013,16:00,1.16,1.17,1.13,1.15,389300.0
10/28/2013,16:00,1.2,1.2,1.14,1.18,335000.0
10/29/2013,16:00,1.14,1.18,1.1,1.12,320400.0
10/30/2013,16:00,1.13,1.15,1.04,1.05,485700.0
10/31/2013,16:00,1.06,1.09,1.04,1.05,289600.0
11/01/2013,16:00,1.05,1.14,1.03,1.14,828500.0
11/04/2013,16:00,1.15,1.2,1.13,1.2,1136900.0
11/05/2013,16:00,1.21,1.27,1.19,1.23,932500.0
11/06/2013,16:00,1.22,1.23,1.15,1.15,559700.0
11/07/2013,16:00,1.19,1.19,1.11,1.11,325000.0
11/08/2013,16:00,1.12,1.17,1.11,1.16,206400.0
11/11/2013,16:00,1.16,1.18,1.16,1.17,126700.0
11/12/2013,16:00,1.18,1.19,1.16,1.18,155700.0
11/13/2013,16:00,1.15,1.17,1.11,1.13,463800.0
11/14/2013,16:00,1.11,1.13,1.1,1.1,278500.0
11/15/2013,16:00,1.1,1.13,1.08,1.12,657800.0
11/18/2013,16:00,1.15,1.16,1.11,1.11,438100.0
11/19/2013,16:00,1.11,1.14,1.09,1.09,225300.0
11/20/2013,16:00,1.09,1.12,1.07,1.08,356300.0
11/21/2013,16:00,1.09,1.12,1.08,1.12,215000.0
11/22/2013,16:00,1.15,1.16,1.1,1.16,388000.0
11/25/2013,16:00,1.15,1.2,1.13,1.18,551700.0
11/26/2013,16:00,1.18,1.2,1.11,1.14,576900.0
11/27/2013,16:00,1.15,1.18,1.11,1.16,477400.0
11/29/2013,16:00,1.18,1.18,1.14,1.17,107900.0
12/02/2013,16:00,1.17,1.17,1.13,1.14,525400.0
12/03/2013,16:00,1.13,1.15,1.1,1.11,558000.0
12/04/2013,16:00,1.12,1.15,1.1,1.14,887200.0
12/05/2013,16:00,1.15,1.15,1.13,1.15,821200.0
12/06/2013,16:00,1.18,1.18,1.15,1.16,436600.0
12/09/2013,16:00,1.17,1.17,1.13,1.15,645300.0
12/10/2013,16:00,1.16,1.16,1.14,1.14,177600.0
12/11/2013,16:00,1.17,1.17,1.14,1.14,432900.0
12/12/2013,16:00,1.14,1.15,1.14,1.15,167400.0
12/13/2013,16:00,1.16,1.16,1.13,1.13,558800.0
12/16/2013,16:00,1.15,1.16,1.14,1.16,331500.0
12/17/2013,16:00,1.16,1.18,1.15,1.16,299500.0
12/18/2013,16:00,1.17,1.26,1.15,1.24,1420800.0
12/19/2013,16:00,1.2,1.21,1.12,1.13,1553000.0
12/20/2013,16:00,1.14,1.15,1.11,1.13,1071300.0
12/23/2013,16:00,1.16,1.16,1.12,1.14,697400.0
12/24/2013,16:00,1.14,1.16,1.12,1.14,258800.0
12/26/2013,16:00,1.16,1.37,1.16,1.34,2564300.0
12/27/2013,16:00,1.33,1.33,1.25,1.27,1608200.0
12/30/2013,16:00,1.27,1.43,1.27,1.42,2561200.0
12/31/2013,16:00,1.45,1.48,1.36,1.38,2625900.0
01/02/2014,16:00,1.42,1.45,1.35,1.39,1228800.0
01/03/2014,16:00,1.39,1.43,1.39,1.41,784900.0
01/06/2014,16:00,1.47,1.47,1.39,1.4,1153100.0
01/07/2014,16:00,1.41,1.44,1.37,1.38,842000.0
01/08/2014,16:00,1.4,1.4,1.3,1.34,925800.0
01/09/2014,16:00,1.34,1.35,1.29,1.3,843100.0
01/10/2014,16:00,1.29,1.34,1.28,1.32,623900.0
01/13/2014,16:00,1.32,1.37,1.28,1.3,959000.0
01/14/2014,16:00,1.31,1.35,1.28,1.32,671200.0
01/15/2014,16:00,1.33,1.37,1.28,1.37,1407000.0
01/16/2014,16:00,1.37,1.42,1.36,1.38,842800.0
01/17/2014,16:00,1.39,1.41,1.38,1.39,641900.0
01/21/2014,16:00,1.45,1.47,1.39,1.44,1810500.0
01/22/2014,16:00,1.46,1.49,1.44,1.47,1460800.0
01/23/2014,16:00,1.47,1.49,1.43,1.45,950700.0
01/24/2014,16:00,1.44,1.45,1.37,1.41,998800.0
01/27/2014,16:00,1.39,1.4,1.33,1.33,1022700.0
01/28/2014,16:00,1.34,1.38,1.32,1.37,569300.0
01/29/2014,16:00,1.37,1.39,1.36,1.37,732100.0
01/30/2014,16:00,1.37,1.41,1.35,1.4,828500.0
01/31/2014,16:00,1.38,1.41,1.35,1.36,687500.0
02/03/2014,16:00,1.31,1.35,1.22,1.27,1679300.0
02/04/2014,16:00,1.27,1.34,1.27,1.33,626000.0
02/05/2014,16:00,1.34,1.35,1.27,1.29,692400.0
02/06/2014,16:00,1.31,1.33,1.26,1.33,535900.0
02/07/2014,16:00,1.34,1.39,1.31,1.38,618100.0
02/10/2014,16:00,1.39,1.4,1.34,1.39,777800.0
02/11/2014,16:00,1.4,1.4,1.37,1.38,321300.0
02/12/2014,16:00,1.39,1.41,1.37,1.4,651700.0
02/13/2014,16:00,1.4,1.44,1.39,1.44,1175000.0
02/14/2014,16:00,1.44,1.44,1.4,1.42,544700.0
02/18/2014,16:00,1.42,1.44,1.39,1.44,1483100.0
02/19/2014,16:00,1.44,1.44,1.37,1.37,754100.0
02/20/2014,16:00,1.37,1.41,1.36,1.41,714600.0
02/21/2014,16:00,1.39,1.43,1.37,1.41,947900.0
02/24/2014,16:00,1.4,1.51,1.4,1.49,3294700.0
02/25/2014,16:00,1.5,1.78,1.48,1.74,5079400.0
02/26/2014,16:00,1.72,1.85,1.62,1.68,3305900.0
02/27/2014,16:00,1.71,1.75,1.65,1.74,1114400.0
02/28/2014,16:00,1.76,1.76,1.68,1.73,1528000.0
03/03/2014,16:00,1.71,1.77,1.68,1.71,635100.0
03/04/2014,16:00,1.72,1.9,1.72,1.84,2949200.0
03/05/2014,16:00,1.94,1.99,1.87,1.94,2589300.0
03/06/2014,16:00,1.96,1.98,1.81,1.82,1880800.0
03/07/2014,16:00,1.87,1.88,1.76,1.8,1932400.0
03/10/2014,16:00,1.81,1.81,1.71,1.75,1022200.0
03/11/2014,16:00,1.74,1.74,1.64,1.66,1789300.0
03/12/2014,16:00,1.66,1.79,1.56,1.75,1659400.0
03/13/2014,16:00,1.8,1.8,1.71,1.77,1723600.0
03/14/2014,16:00,1.76,1.77,1.65,1.7,680100.0
03/17/2014,16:00,1.7,1.71,1.66,1.69,1242800.0
03/18/2014,16:00,1.7,1.76,1.67,1.76,969200.0
03/19/2014,16:00,1.77,1.77,1.69,1.69,883100.0
03/20/2014,16:00,1.7,1.74,1.65,1.67,844600.0
03/21/2014,16:00,1.68,1.72,1.67,1.68,1254500.0
03/24/2014,16:00,1.7,1.7,1.6,1.6,1139200.0
03/25/2014,16:00,1.62,1.64,1.6,1.61,596100.0
03/26/2014,16:00,1.6,1.63,1.5,1.5,1404700.0
03/27/2014,16:00,1.49,1.6,1.48,1.55,1258000.0
03/28/2014,16:00,1.54,1.62,1.51,1.51,538500.0
03/31/2014,16:00,1.53,1.57,1.52,1.55,792200.0
04/01/2014,16:00,1.56,1.69,1.54,1.68,1151100.0
04/02/2014,16:00,1.67,1.68,1.61,1.63,504900.0
04/03/2014,16:00,1.66,1.66,1.56,1.6,471600.0
04/04/2014,16:00,1.64,1.64,1.55,1.56,868300.0
04/07/2014,16:00,1.56,1.58,1.41,1.47,1643600.0
04/08/2014,16:00,1.46,1.5,1.44,1.48,619700.0
04/09/2014,16:00,1.5,1.62,1.47,1.59,1040400.0
04/10/2014,16:00,1.58,1.59,1.47,1.5,877800.0
04/11/2014,16:00,1.48,1.5,1.37,1.39,1569600.0
04/14/2014,16:00,1.42,1.44,1.39,1.41,542300.0
04/15/2014,16:00,1.42,1.42,1.29,1.34,1241100.0
04/16/2014,16:00,1.35,1.37,1.31,1.35,801200.0
04/17/2014,16:00,1.35,1.38,1.31,1.36,541800.0
04/21/2014,16:00,1.36,1.41,1.34,1.41,766400.0
04/22/2014,16:00,1.39,1.41,1.36,1.37,503500.0
04/23/2014,16:00,1.37,1.38,1.31,1.35,652200.0
04/24/2014,16:00,1.37,1.39,1.32,1.33,528700.0
04/25/2014,16:00,1.33,1.33,1.27,1.28,831500.0
04/28/2014,16:00,1.29,1.29,1.2,1.23,1457900.0
04/29/2014,16:00,1.23,1.25,1.18,1.18,810100.0
04/30/2014,16:00,1.17,1.24,1.16,1.2,1302800.0
05/01/2014,16:00,1.21,1.21,1.13,1.16,1069500.0
05/02/2014,16:00,1.15,1.16,1.11,1.14,935800.0
05/05/2014,16:00,1.13,1.14,1.11,1.12,805800.0
05/06/2014,16:00,1.11,1.13,1.11,1.12,864800.0
05/07/2014,16:00,1.13,1.13,1.03,1.04,1469300.0
05/08/2014,16:00,1.03,1.06,1.0,1.01,1251700.0
05/09/2014,16:00,1.0,1.03,0.99,1.0,807500.0
05/12/2014,16:00,1.0,1.06,1.0,1.06,965100.0
05/13/2014,16:00,1.06,1.07,1.02,1.04,1043100.0
05/14/2014,16:00,1.05,1.06,1.01,1.01,619700.0
05/15/2014,16:00,1.03,1.13,1.01,1.11,1775600.0
05/16/2014,16:00,1.12,1.15,1.07,1.09,1331500.0
05/19/2014,16:00,1.09,1.19,1.06,1.19,998200.0
05/20/2014,16:00,1.13,1.19,1.06,1.07,1239700.0
05/21/2014,16:00,1.06,1.08,1.03,1.07,1139000.0
05/22/2014,16:00,1.06,1.07,1.04,1.04,650700.0
05/23/2014,16:00,1.05,1.07,1.04,1.07,834000.0
05/27/2014,16:00,1.1,1.19,1.1,1.17,1486000.0
05/28/2014,16:00,1.18,1.18,1.09,1.12,1265700.0
05/29/2014,16:00,1.15,1.26,1.14,1.24,2705700.0
05/30/2014,16:00,1.25,1.29,1.18,1.24,2126300.0
06/02/2014,16:00,1.22,1.25,1.2,1.21,990500.0
06/03/2014,16:00,1.23,1.25,1.15,1.16,1666900.0
06/04/2014,16:00,1.16,1.2,1.15,1.16,1153900.0
06/05/2014,16:00,1.18,1.2,1.11,1.12,1379100.0
06/06/2014,16:00,1.13,1.14,1.1,1.14,707300.0
06/09/2014,16:00,1.11,1.16,1.11,1.16,800200.0
06/10/2014,16:00,1.12,1.15,1.11,1.12,690900.0
06/11/2014,16:00,1.12,1.14,1.12,1.13,509600.0
06/12/2014,16:00,1.13,1.17,1.13,1.14,1037300.0
06/13/2014,16:00,1.15,1.18,1.14,1.17,850100.0
06/16/2014,16:00,1.17,1.17,1.13,1.14,895900.0
06/17/2014,16:00,1.13,1.16,1.12,1.14,1102000.0
06/18/2014,16:00,1.13,1.14,1.11,1.14,777500.0
06/19/2014,16:00,1.15,1.15,1.1,1.11,1123400.0
06/20/2014,16:00,1.14,1.14,1.12,1.12,995400.0
06/23/2014,16:00,1.14,1.17,1.12,1.14,1285700.0
06/24/2014,16:00,1.15,1.15,1.1,1.1,1157600.0
06/25/2014,16:00,1.1,1.11,1.07,1.08,1187800.0
06/26/2014,16:00,1.07,1.08,1.05,1.06,928600.0
06/27/2014,16:00,1.06,1.08,1.01,1.08,10368100.0
06/30/2014,16:00,1.11,1.15,1.07,1.14,1621500.0
07/01/2014,16:00,1.14,1.2,1.14,1.2,2663200.0
07/02/2014,16:00,1.19,1.37,1.18,1.27,6432900.0
07/03/2014,16:00,1.29,1.32,1.25,1.27,1423200.0
07/07/2014,16:00,1.29,1.29,1.2,1.2,1128600.0
07/08/2014,16:00,1.2,1.24,1.16,1.18,1356000.0
07/09/2014,16:00,1.18,1.2,1.12,1.14,1023700.0
07/10/2014,16:00,1.12,1.14,1.1,1.14,1253500.0
07/11/2014,16:00,1.14,1.15,1.13,1.13,573200.0
07/14/2014,16:00,1.15,1.16,1.14,1.14,618000.0
07/15/2014,16:00,1.15,1.16,1.13,1.13,619800.0
07/16/2014,16:00,1.17,1.19,1.15,1.17,813700.0
07/17/2014,16:00,1.17,1.19,1.15,1.16,966300.0
07/18/2014,16:00,1.17,1.19,1.15,1.16,474900.0
07/21/2014,16:00,1.18,1.18,1.12,1.14,709700.0
07/22/2014,16:00,1.15,1.19,1.13,1.17,1021100.0
07/23/2014,16:00,1.18,1.18,1.14,1.14,556400.0
07/24/2014,16:00,1.14,1.15,1.11,1.13,1009200.0
07/25/2014,16:00,1.13,1.18,1.11,1.18,605100.0
07/28/2014,16:00,1.18,1.18,1.14,1.17,759000.0
07/29/2014,16:00,1.17,1.19,1.15,1.15,735900.0
07/30/2014,16:00,1.15,1.16,1.13,1.16,326600.0
07/31/2014,16:00,1.14,1.15,1.1,1.1,584700.0
08/01/2014,16:00,1.11,1.16,1.1,1.11,1047500.0
08/04/2014,16:00,1.11,1.13,1.1,1.1,455500.0
08/05/2014,16:00,1.1,1.12,1.08,1.1,479700.0
08/06/2014,16:00,1.09,1.09,1.06,1.07,825900.0
08/07/2014,16:00,1.08,1.09,1.06,1.07,410800.0
08/08/2014,16:00,1.09,1.11,1.06,1.11,427700.0
08/11/2014,16:00,1.11,1.13,1.1,1.13,349100.0
08/12/2014,16:00,1.12,1.13,1.11,1.11,224900.0
08/13/2014,16:00,1.12,1.14,1.1,1.14,435300.0
08/14/2014,16:00,1.14,1.18,1.14,1.14,1182400.0
08/15/2014,16:00,1.15,1.15,1.12,1.14,389700.0
08/18/2014,16:00,1.14,1.16,1.13,1.13,652800.0
08/19/2014,16:00,1.11,1.15,1.11,1.12,680200.0
08/20/2014,16:00,1.12,1.13,1.11,1.11,559700.0
08/21/2014,16:00,1.12,1.12,1.06,1.08,909600.0
08/22/2014,16:00,1.09,1.09,1.07,1.07,580400.0
08/25/2014,16:00,1.07,1.1,1.05,1.07,639300.0
08/26/2014,16:00,1.07,1.1,1.07,1.07,411300.0
08/27/2014,16:00,1.09,1.09,1.07,1.09,400000.0
08/28/2014,16:00,1.07,1.09,1.06,1.06,551400.0
08/29/2014,16:00,1.06,1.09,1.06,1.07,417100.0
09/02/2014,16:00,1.07,1.1,1.07,1.07,457400.0
09/03/2014,16:00,1.08,1.08,1.06,1.07,524600.0
09/04/2014,16:00,1.08,1.11,1.07,1.09,786500.0
09/05/2014,16:00,1.09,1.1,1.07,1.09,287900.0
09/08/2014,16:00,1.09,1.11,1.08,1.1,421400.0
09/09/2014,16:00,1.1,1.11,1.08,1.1,634000.0
09/10/2014,16:00,1.09,1.15,1.09,1.13,976700.0
09/11/2014,16:00,1.14,1.14,1.11,1.11,361800.0
09/12/2014,16:00,1.11,1.14,1.11,1.14,362100.0
09/15/2014,16:00,1.15,1.15,1.1,1.1,320600.0
09/16/2014,16:00,1.11,1.11,1.06,1.07,432900.0
09/17/2014,16:00,1.07,1.1,1.05,1.08,438900.0
09/18/2014,16:00,1.09,1.14,1.08,1.12,839500.0
09/19/2014,16:00,1.13,1.14,1.09,1.11,805000.0
09/22/2014,16:00,1.11,1.11,1.06,1.06,860563.0
09/23/2014,16:00,1.06,1.08,1.05,1.06,701593.0
09/24/2014,16:00,1.07,1.07,1.05,1.06,419544.0
09/25/2014,16:00,1.06,1.06,1.01,1.01,1326660.0
09/26/2014,16:00,1.02,1.03,1.01,1.02,604124.0
09/29/2014,16:00,1.04,1.07,1.0,1.06,945120.0
09/30/2014,16:00,1.07,1.07,1.01,1.02,258087.0
10/01/2014,16:00,1.03,1.03,0.93,0.94,1163851.0
10/02/2014,16:00,0.94,0.96,0.82,0.90,1044879.0
10/03/2014,16:00,0.91,0.93,0.89,0.89,370240.0
10/06/2014,16:00,0.89,0.89,0.83,0.84,812450.0
10/07/2014,16:00,0.84,0.86,0.8,0.82,1304132.0
10/08/2014,16:00,0.83,0.88,0.82,0.88,680829.0
10/09/2014,16:00,0.9,0.9,0.80,0.81,472598.0
10/10/2014,16:00,0.81,0.81,0.78,0.79,611066.0
10/13/2014,16:00,0.78,0.81,0.77,0.79,547012.0
10/14/2014,16:00,0.79,0.81,0.77,0.78,439835.0
10/15/2014,16:00,0.77,0.8,0.73,0.74,1156351.0
10/16/2014,16:00,0.75,0.85,0.74,0.85,727409.0
10/17/2014,16:00,0.85,0.9,0.85,0.87,492746.0
10/20/2014,16:00,0.87,0.9,0.82,0.9,152223.0
10/21/2014,16:00,0.9,0.9,0.82,0.85,307869.0
10/22/2014,16:00,0.85,0.85,0.82,0.83,227044.0
10/23/2014,16:00,0.83,0.85,0.81,0.83,284355.0
10/24/2014,16:00,0.83,0.84,0.83,0.83,224207.0
10/27/2014,16:00,0.80,0.83,0.78,0.79,449399.0
10/28/2014,16:00,0.78,0.82,0.78,0.81,147129.0
10/29/2014,16:00,0.81,0.82,0.8,0.81,87359.0
10/30/2014,16:00,0.82,0.82,0.79,0.8,236690.0
10/31/2014,16:00,0.80,0.80,0.77,0.8,348381.0
11/03/2014,16:00,0.79,0.83,0.79,0.8,300420.0
11/04/2014,16:00,0.81,0.82,0.78,0.81,253673.0
11/05/2014,16:00,0.83,0.83,0.78,0.79,665537.0
11/06/2014,16:00,0.80,0.81,0.75,0.79,577441.0
11/07/2014,16:00,0.81,0.96,0.81,0.92,2393420.0
11/10/2014,16:00,1.0,1.07,0.97,1.0,3164854.0
11/11/2014,16:00,1.02,1.06,0.98,0.99,1066453.0
11/12/2014,16:00,1.0,1.02,0.98,0.98,476156.0
11/13/2014,16:00,0.97,0.99,0.9,0.9,777787.0
11/14/2014,16:00,0.91,0.98,0.91,0.96,747660.0
11/17/2014,16:00,0.97,0.99,0.94,0.96,560402.0
11/18/2014,16:00,0.96,0.98,0.93,0.96,626452.0
11/19/2014,16:00,0.97,1.01,0.92,0.94,561819.0
11/20/2014,16:00,0.95,0.95,0.92,0.94,324203.0
11/21/2014,16:00,0.94,0.97,0.93,0.95,305643.0
11/24/2014,16:00,0.94,0.96,0.88,0.89,605734.0
11/25/2014,16:00,0.9,0.92,0.89,0.92,235097.0
11/26/2014,16:00,0.92,0.92,0.88,0.9,337270.0
11/28/2014,16:00,0.87,0.88,0.82,0.85,500326.0
12/01/2014,16:00,0.84,0.85,0.8,0.83,847108.0
12/02/2014,16:00,0.84,0.92,0.82,0.88,424948.0
12/03/2014,16:00,0.92,0.94,0.89,0.92,326442.0
12/04/2014,16:00,0.94,0.94,0.88,0.91,328381.0
12/05/2014,16:00,0.89,0.93,0.88,0.92,277206.0
12/08/2014,16:00,0.89,0.89,0.86,0.87,454820.0
12/09/2014,16:00,0.86,0.9,0.86,0.89,231958.0
12/10/2014,16:00,0.88,0.91,0.86,0.88,177829.0
12/11/2014,16:00,0.86,0.9,0.86,0.9,220234.0
12/12/2014,16:00,0.90,0.90,0.86,0.88,242804.0
12/15/2014,16:00,0.88,0.88,0.85,0.87,346163.0
12/16/2014,16:00,0.89,0.89,0.83,0.83,279503.0
12/17/2014,16:00,0.85,0.91,0.83,0.89,372872.0
12/18/2014,16:00,0.89,0.9,0.85,0.88,212809.0
12/19/2014,16:00,0.9,0.96,0.88,0.96,512729.0
12/22/2014,16:00,0.95,0.95,0.89,0.92,421936.0
12/23/2014,16:00,0.91,0.94,0.9,0.91,162748.0
12/24/2014,16:00,0.91,0.93,0.87,0.93,218950.0
12/26/2014,16:00,0.94,0.94,0.88,0.89,154292.0
12/29/2014,16:00,0.88,0.91,0.86,0.89,508877.0
12/30/2014,16:00,0.89,0.89,0.85,0.87,274789.0
12/31/2014,16:00,0.87,0.91,0.85,0.87,436628.0
01/02/2015,16:00,0.87,0.88,0.85,0.85,195636.0
01/05/2015,16:00,0.87,0.89,0.85,0.85,285639.0
01/06/2015,16:00,0.85,0.86,0.85,0.85,193630.0
01/07/2015,16:00,0.85,0.87,0.84,0.86,368634.0
01/08/2015,16:00,0.86,0.88,0.85,0.87,250593.0
01/09/2015,16:00,0.86,0.89,0.85,0.86,125037.0
01/12/2015,16:00,0.85,0.87,0.85,0.85,144525.0
01/13/2015,16:00,0.85,0.87,0.83,0.84,240275.0
01/14/2015,16:00,0.82,0.84,0.77,0.82,719600.0
01/15/2015,16:00,0.83,0.83,0.78,0.80,163239.0
01/16/2015,16:00,0.81,0.83,0.79,0.83,95407.0
01/20/2015,16:00,0.81,0.83,0.79,0.82,158422.0
01/21/2015,16:00,0.81,0.83,0.8,0.81,124781.0
01/22/2015,16:00,0.81,0.81,0.79,0.79,195566.0
01/23/2015,16:00,0.80,0.80,0.76,0.78,271277.0
01/26/2015,16:00,0.77,0.81,0.77,0.8,172018.0
01/27/2015,16:00,0.8,0.8,0.78,0.8,173128.0
01/28/2015,16:00,0.8,0.81,0.78,0.79,295227.0
01/29/2015,16:00,0.81,0.81,0.76,0.79,279572.0
01/30/2015,16:00,0.77,0.78,0.75,0.76,328406.0
02/02/2015,16:00,0.78,0.8,0.76,0.8,193172.0
02/03/2015,16:00,0.79,0.82,0.77,0.81,285958.0
02/04/2015,16:00,0.80,0.81,0.78,0.80,70410.0
02/05/2015,16:00,0.80,0.85,0.80,0.84,213621.0
02/06/2015,16:00,0.86,0.92,0.85,0.89,791667.0
02/09/2015,16:00,0.86,0.91,0.86,0.91,202292.0
02/10/2015,16:00,0.91,0.91,0.88,0.9,221199.0
02/11/2015,16:00,0.9,0.9,0.85,0.85,180708.0
02/12/2015,16:00,0.88,0.89,0.86,0.87,77608.0
02/13/2015,16:00,0.87,0.89,0.87,0.88,81474.0
02/17/2015,16:00,0.86,0.95,0.86,0.94,531676.0
02/18/2015,16:00,0.94,0.96,0.91,0.93,106922.0
02/19/2015,16:00,0.91,0.92,0.89,0.9,207951.0
02/20/2015,16:00,0.89,0.93,0.89,0.93,105868.0
02/23/2015,16:00,0.93,0.93,0.88,0.91,237113.0
02/24/2015,16:00,0.89,0.92,0.89,0.91,106515.0
02/25/2015,16:00,0.91,0.92,0.89,0.9,205376.0
02/26/2015,16:00,0.88,0.91,0.88,0.88,128665.0
02/27/2015,16:00,0.89,0.91,0.88,0.88,117437.0
03/02/2015,16:00,0.88,0.91,0.88,0.88,154668.0
03/03/2015,16:00,0.88,0.93,0.88,0.92,214571.0
03/04/2015,16:00,0.91,0.97,0.90,0.93,380432.0
03/05/2015,16:00,0.94,1.08,0.93,1.05,2546457.0
03/06/2015,16:00,1.07,1.07,0.98,1.02,1583665.0
03/09/2015,16:00,1.06,1.06,1.02,1.02,352205.0
03/10/2015,16:00,1.02,1.03,0.95,0.96,703373.0
03/11/2015,16:00,0.98,1.0,0.95,0.96,185593.0
03/12/2015,16:00,0.98,0.99,0.95,0.96,147753.0
03/13/2015,16:00,0.95,0.97,0.92,0.93,276209.0
03/16/2015,16:00,0.95,0.98,0.91,0.98,186497.0
03/17/2015,16:00,0.98,0.98,0.93,0.95,179906.0
03/18/2015,16:00,0.94,0.96,0.94,0.96,88105.0
03/19/2015,16:00,0.93,0.98,0.93,0.96,74432.0
03/20/2015,16:00,0.97,0.99,0.95,0.95,199088.0
03/23/2015,16:00,0.95,0.99,0.94,0.97,171807.0
03/24/2015,16:00,0.97,1.02,0.96,1.01,305107.0
03/25/2015,16:00,1.03,1.04,0.97,0.97,494971.0
03/26/2015,16:00,0.99,1.03,0.98,1.0,247138.0
03/27/2015,16:00,1.03,1.03,0.96,1.0,119822.0
03/30/2015,16:00,1.0,1.0,0.93,0.99,221832.0
03/31/2015,16:00,0.99,0.99,0.93,0.95,558197.0
04/01/2015,16:00,0.95,0.95,0.91,0.93,214669.0
04/02/2015,16:00,0.93,0.95,0.92,0.95,105880.0
04/06/2015,16:00,0.93,0.96,0.91,0.91,156970.0
04/07/2015,16:00,0.92,0.94,0.90,0.93,300891.0
04/08/2015,16:00,0.88,0.93,0.83,0.9,350353.0
04/09/2015,16:00,0.9,0.9,0.86,0.86,194002.0
04/10/2015,16:00,0.86,0.87,0.83,0.85,350268.0
04/13/2015,16:00,0.83,0.89,0.82,0.88,515825.0
04/14/2015,16:00,0.89,0.91,0.86,0.9,210381.0
04/15/2015,16:00,0.87,0.92,0.87,0.9,310335.0
04/16/2015,16:00,0.88,0.90,0.86,0.89,103028.0
04/17/2015,16:00,0.9,0.91,0.86,0.89,161955.0
04/20/2015,16:00,0.91,0.94,0.89,0.93,385103.0
04/21/2015,16:00,0.93,0.95,0.92,0.95,364406.0
04/22/2015,16:00,0.95,1.04,0.92,1.02,1332299.0
04/23/2015,16:00,1.04,1.05,1.0,1.03,1189224.0
04/24/2015,16:00,1.02,1.07,1.01,1.04,714038.0
04/27/2015,16:00,1.05,1.05,0.98,0.98,441075.0
04/28/2015,16:00,1.0,1.05,0.98,0.99,662176.0
04/29/2015,16:00,1.0,1.05,0.99,1.0,401038.0
04/30/2015,16:00,1.01,1.01,0.95,0.96,547196.0
05/01/2015,16:00,0.96,0.97,0.93,0.94,228715.0
05/04/2015,16:00,0.93,1.0,0.93,1.0,313057.0
05/05/2015,16:00,1.0,1.0,0.93,0.93,438371.0
05/06/2015,16:00,0.93,0.97,0.92,0.94,291684.0
05/07/2015,16:00,0.95,0.95,0.9,0.92,399014.0
05/08/2015,16:00,0.93,0.93,0.90,0.92,151301.0
05/11/2015,16:00,0.92,0.93,0.92,0.92,74663.0
05/12/2015,16:00,0.92,0.97,0.92,0.97,261644.0
05/13/2015,16:00,0.98,1.03,0.95,1.03,623029.0
05/14/2015,16:00,1.05,1.07,1.01,1.04,765173.0
05/15/2015,16:00,1.01,1.04,0.96,0.97,485918.0
05/18/2015,16:00,0.97,0.99,0.96,0.96,171170.0
05/19/2015,16:00,0.94,0.95,0.93,0.94,446544.0
05/20/2015,16:00,0.94,0.94,0.92,0.94,298592.0
05/21/2015,16:00,0.94,0.94,0.92,0.93,120796.0
05/22/2015,16:00,0.93,0.95,0.92,0.93,244954.0
05/26/2015,16:00,0.93,0.93,0.91,0.91,202396.0
05/27/2015,16:00,0.93,0.93,0.92,0.92,88646.0
05/28/2015,16:00,0.90,0.92,0.90,0.91,114681.0
05/29/2015,16:00,0.91,0.91,0.9,0.91,127313.0
06/01/2015,16:00,0.91,0.93,0.9,0.90,175786.0
06/02/2015,16:00,0.93,0.93,0.9,0.90,137125.0
06/03/2015,16:00,0.90,0.92,0.87,0.89,245247.0
06/04/2015,16:00,0.89,0.92,0.88,0.92,548793.0
06/05/2015,16:00,0.91,0.91,0.89,0.90,168834.0
06/08/2015,16:00,0.9,0.91,0.88,0.9,277678.0
06/09/2015,16:00,0.90,0.91,0.87,0.87,114409.0
06/10/2015,16:00,0.88,0.90,0.87,0.89,174812.0
06/11/2015,16:00,0.89,0.90,0.87,0.89,109713.0
06/12/2015,16:00,0.87,0.88,0.85,0.86,339775.0
06/15/2015,16:00,0.85,0.88,0.82,0.86,194149.0
06/16/2015,16:00,0.85,0.85,0.82,0.83,360929.0
06/17/2015,16:00,0.83,0.85,0.83,0.85,99661.0
06/18/2015,16:00,0.84,0.85,0.83,0.85,183838.0
06/19/2015,16:00,0.86,0.88,0.85,0.87,408616.0
06/22/2015,16:00,0.87,0.87,0.82,0.83,674101.0
06/23/2015,16:00,0.81,0.84,0.80,0.84,731146.0
06/24/2015,16:00,0.82,0.84,0.8,0.82,391712.0
06/25/2015,16:00,0.82,0.82,0.81,0.82,174880.0
06/26/2015,16:00,0.81,0.81,0.79,0.79,753900.0
06/29/2015,16:00,0.79,0.82,0.76,0.82,583680.0
06/30/2015,16:00,0.80,0.82,0.78,0.79,294923.0
07/01/2015,16:00,0.79,0.80,0.77,0.79,207082.0
07/02/2015,16:00,0.78,0.79,0.75,0.79,504995.0
07/06/2015,16:00,0.79,0.79,0.75,0.77,187172.0
07/07/2015,16:00,0.80,0.81,0.72,0.75,596078.0
07/08/2015,16:00,0.72,0.75,0.67,0.71,812108.0
07/09/2015,16:00,0.69,0.73,0.68,0.71,358650.0
07/10/2015,16:00,0.73,0.73,0.68,0.7,397638.0
07/13/2015,16:00,0.72,0.72,0.66,0.67,503787.0
07/14/2015,16:00,0.67,0.69,0.66,0.69,690902.0
07/15/2015,16:00,0.68,0.68,0.67,0.68,190846.0
07/16/2015,16:00,0.68,0.7,0.67,0.68,179313.0
07/17/2015,16:00,0.67,0.68,0.65,0.67,459929.0
07/20/2015,16:00,0.66,0.66,0.60,0.63,644659.0
07/21/2015,16:00,0.60,0.66,0.60,0.65,268567.0
07/22/2015,16:00,0.65,0.65,0.63,0.65,41492.0
07/23/2015,16:00,0.64,0.65,0.63,0.63,183867.0
07/24/2015,16:00,0.62,0.64,0.60,0.62,284589.0
07/27/2015,16:00,0.63,0.63,0.6,0.60,295718.0
07/28/2015,16:00,0.6,0.60,0.59,0.59,466732.0
07/29/2015,16:00,0.58,0.63,0.57,0.62,240957.0
07/30/2015,16:00,0.62,0.62,0.58,0.59,197483.0
07/31/2015,16:00,0.61,0.63,0.59,0.62,275503.0
08/03/2015,16:00,0.64,0.69,0.63,0.68,472121.0
08/04/2015,16:00,0.68,0.69,0.64,0.67,259926.0
08/05/2015,16:00,0.68,0.75,0.65,0.68,362199.0
08/06/2015,16:00,0.70,0.74,0.68,0.74,350638.0
08/07/2015,16:00,0.74,0.77,0.73,0.76,322337.0
08/10/2015,16:00,0.77,0.77,0.73,0.76,268625.0
08/11/2015,16:00,0.75,0.76,0.72,0.72,217503.0
08/12/2015,16:00,0.72,0.73,0.68,0.73,336514.0
08/13/2015,16:00,0.72,0.72,0.67,0.68,286867.0
08/14/2015,16:00,0.67,0.67,0.65,0.66,254397.0
08/17/2015,16:00,0.65,0.65,0.63,0.64,128566.0
08/18/2015,16:00,0.64,0.64,0.60,0.60,251197.0
08/19/2015,16:00,0.61,0.62,0.6,0.61,257261.0
08/20/2015,16:00,0.62,0.65,0.6,0.62,180950.0
08/21/2015,16:00,0.61,0.62,0.59,0.60,282313.0
08/24/2015,16:00,0.58,0.6,0.55,0.58,359907.0
08/25/2015,16:00,0.6,0.6,0.55,0.56,222492.0
08/26/2015,16:00,0.57,0.59,0.56,0.57,203907.0
08/27/2015,16:00,0.58,0.60,0.58,0.58,170964.0
08/28/2015,16:00,0.59,0.63,0.58,0.62,187647.0
08/31/2015,16:00,0.64,0.67,0.63,0.67,215350.0
09/01/2015,16:00,0.65,0.68,0.64,0.66,82182.0
09/02/2015,16:00,0.67,0.67,0.62,0.65,120708.0
09/03/2015,16:00,0.65,0.65,0.62,0.63,77476.0
09/04/2015,16:00,0.62,0.65,0.61,0.64,133606.0
09/08/2015,16:00,0.63,0.66,0.61,0.65,264040.0
09/09/2015,16:00,0.65,0.69,0.63,0.68,235580.0
09/10/2015,16:00,0.68,0.68,0.64,0.64,41101.0
09/11/2015,16:00,0.64,0.66,0.63,0.63,97694.0
09/14/2015,16:00,0.62,0.64,0.62,0.63,56473.0
09/15/2015,16:00,0.62,0.63,0.61,0.61,110603.0
09/16/2015,16:00,0.61,0.62,0.6,0.6,203366.0
09/17/2015,16:00,0.60,0.62,0.57,0.61,282152.0
09/18/2015,16:00,0.59,0.63,0.58,0.6,192678.0
09/21/2015,16:00,0.60,0.60,0.58,0.58,203850.0
09/22/2015,16:00,0.59,0.6,0.57,0.6,202738.0
09/23/2015,16:00,0.57,0.59,0.57,0.57,134208.0
09/24/2015,16:00,0.59,0.60,0.57,0.58,160482.0
09/25/2015,16:00,0.58,0.61,0.57,0.59,193598.0
09/28/2015,16:00,0.61,0.61,0.56,0.57,150822.0
09/29/2015,16:00,0.56,0.58,0.53,0.55,327183.0
09/30/2015,16:00,0.56,0.57,0.54,0.57,239144.0
10/01/2015,16:00,0.56,0.58,0.54,0.56,181311.0
10/02/2015,16:00,0.55,0.58,0.55,0.58,165805.0
10/05/2015,16:00,0.58,0.63,0.58,0.63,196121.0
10/06/2015,16:00,0.63,0.63,0.60,0.61,175777.0
10/07/2015,16:00,0.61,0.64,0.60,0.63,153870.0
10/08/2015,16:00,0.61,0.68,0.60,0.63,163626.0
10/09/2015,16:00,0.63,0.66,0.60,0.66,206175.0
10/12/2015,16:00,0.65,0.66,0.63,0.64,50500.0
10/13/2015,16:00,0.64,0.64,0.61,0.62,149506.0
10/14/2015,16:00,0.63,0.63,0.61,0.61,102810.0
10/15/2015,16:00,0.61,0.63,0.61,0.61,53273.0
10/16/2015,16:00,0.60,0.62,0.58,0.61,185244.0
10/19/2015,16:00,0.6,0.61,0.58,0.59,157225.0
10/20/2015,16:00,0.59,0.61,0.58,0.59,47465.0
10/21/2015,16:00,0.58,0.60,0.56,0.58,77607.0
10/22/2015,16:00,0.57,0.58,0.56,0.56,204855.0
10/23/2015,16:00,0.56,0.57,0.56,0.57,341934.0
10/26/2015,16:00,0.56,0.58,0.56,0.57,120064.0
10/27/2015,16:00,0.56,0.57,0.55,0.55,103677.0
10/28/2015,16:00,0.55,0.58,0.55,0.55,140570.0
10/29/2015,16:00,0.55,0.6,0.55,0.57,140419.0
10/30/2015,16:00,0.56,0.56,0.54,0.56,257825.0
11/02/2015,16:00,0.54,0.56,0.54,0.56,121932.0
11/03/2015,16:00,0.56,0.57,0.55,0.56,244284.0
11/04/2015,16:00,0.56,0.56,0.55,0.55,87561.0
11/05/2015,16:00,0.55,0.55,0.53,0.55,233286.0
11/06/2015,16:00,0.54,0.54,0.52,0.53,197966.0
11/09/2015,16:00,0.53,0.53,0.53,0.53,106639.0
11/10/2015,16:00,0.53,0.53,0.52,0.52,222823.0
11/11/2015,16:00,0.52,0.53,0.51,0.52,162793.0
11/12/2015,16:00,0.5,0.51,0.49,0.5,469442.0
11/13/2015,16:00,0.49,0.49,0.47,0.48,380330.0
11/16/2015,16:00,0.48,0.48,0.47,0.47,102777.0
11/17/2015,16:00,0.47,0.49,0.46,0.47,245854.0
11/18/2015,16:00,0.45,0.48,0.45,0.47,270680.0
11/19/2015,16:00,0.47,0.48,0.47,0.48,118144.0
11/20/2015,16:00,0.47,0.48,0.47,0.48,198880.0
11/23/2015,16:00,0.48,0.48,0.47,0.47,102722.0
11/24/2015,16:00,0.46,0.49,0.46,0.48,220956.0
11/25/2015,16:00,0.49,0.49,0.47,0.48,146807.0
11/27/2015,16:00,0.49,0.50,0.49,0.50,82513.0
11/30/2015,16:00,0.51,0.52,0.49,0.51,226484.0
12/01/2015,16:00,0.52,0.57,0.51,0.56,727240.0
12/02/2015,16:00,0.57,0.61,0.52,0.55,613594.0
12/03/2015,16:00,0.56,0.57,0.53,0.53,248968.0
12/04/2015,16:00,0.53,0.56,0.51,0.53,303872.0
12/07/2015,16:00,0.51,0.53,0.50,0.52,457811.0
12/08/2015,16:00,0.49,0.57,0.49,0.57,898990.0
12/09/2015,16:00,0.55,0.58,0.55,0.58,174712.0
12/10/2015,16:00,0.59,0.59,0.54,0.58,257205.0
12/11/2015,16:00,0.54,0.59,0.54,0.58,125528.0
12/14/2015,16:00,0.56,0.62,0.55,0.61,475423.0
12/15/2015,16:00,0.59,0.62,0.59,0.61,310060.0
12/16/2015,16:00,0.61,0.65,0.6,0.63,385240.0
12/17/2015,16:00,0.63,0.63,0.60,0.61,568460.0
12/18/2015,16:00,0.62,0.63,0.55,0.59,2389087.0
12/21/2015,16:00,0.56,0.64,0.56,0.62,215734.0
12/22/2015,16:00,0.62,0.64,0.62,0.62,380652.0
12/23/2015,16:00,0.6,0.60,0.58,0.58,300472.0
12/24/2015,16:00,0.58,0.60,0.58,0.60,97127.0
12/28/2015,16:00,0.61,0.67,0.61,0.63,265760.0
12/29/2015,16:00,0.60,0.65,0.60,0.64,400430.0
12/30/2015,16:00,0.64,0.65,0.62,0.65,210179.0
12/31/2015,16:00,0.64,0.65,0.63,0.65,218112.0
01/04/2016,16:00,0.63,0.67,0.63,0.67,164320.0
01/05/2016,16:00,0.67,0.67,0.65,0.66,78519.0
01/06/2016,16:00,0.67,0.69,0.66,0.67,441309.0
01/07/2016,16:00,0.67,0.67,0.65,0.65,303301.0
01/08/2016,16:00,0.65,0.68,0.65,0.67,526910.0
01/11/2016,16:00,0.69,0.69,0.63,0.65,447587.0
01/12/2016,16:00,0.66,0.66,0.63,0.63,227474.0
01/13/2016,16:00,0.63,0.64,0.58,0.61,362723.0
01/14/2016,16:00,0.62,0.62,0.57,0.57,141735.0
01/15/2016,16:00,0.58,0.58,0.55,0.57,137819.0
01/19/2016,16:00,0.54,0.55,0.51,0.54,311360.0
01/20/2016,16:00,0.53,0.58,0.52,0.58,199223.0
01/21/2016,16:00,0.59,0.62,0.57,0.60,95864.0
01/22/2016,16:00,0.63,0.63,0.6,0.62,200290.0
01/25/2016,16:00,0.6,0.62,0.59,0.59,116790.0
01/26/2016,16:00,0.61,0.64,0.61,0.62,395419.0
01/27/2016,16:00,0.55,0.56,0.52,0.54,1184423.0
01/28/2016,16:00,0.53,0.54,0.53,0.53,513954.0
01/29/2016,16:00,0.53,0.55,0.53,0.53,183589.0
02/01/2016,16:00,0.55,0.55,0.53,0.54,235311.0
02/02/2016,16:00,0.54,0.54,0.52,0.54,200006.0
02/03/2016,16:00,0.54,0.56,0.53,0.56,231208.0
02/04/2016,16:00,0.55,0.56,0.52,0.54,286336.0
02/05/2016,16:00,0.54,0.54,0.52,0.53,119007.0
02/08/2016,16:00,0.52,0.53,0.52,0.52,210762.0
02/09/2016,16:00,0.51,0.52,0.49,0.49,401113.0
02/10/2016,16:00,0.49,0.5,0.48,0.48,354837.0
02/11/2016,16:00,0.48,0.48,0.46,0.47,274391.0
02/12/2016,16:00,0.47,0.49,0.47,0.48,160526.0
02/16/2016,16:00,0.49,0.49,0.47,0.49,421397.0
02/17/2016,16:00,0.49,0.51,0.48,0.50,271790.0
02/18/2016,16:00,0.47,0.50,0.47,0.49,181650.0
02/19/2016,16:00,0.5,0.50,0.48,0.50,171815.0
02/22/2016,16:00,0.49,0.51,0.49,0.5,251304.0
02/23/2016,16:00,0.50,0.51,0.48,0.49,300923.0
02/24/2016,16:00,0.48,0.49,0.46,0.48,661181.0
02/25/2016,16:00,0.5,0.5,0.44,0.46,603536.0
02/26/2016,16:00,0.46,0.48,0.45,0.45,583757.0
02/29/2016,16:00,0.46,0.48,0.46,0.46,216899.0
03/01/2016,16:00,0.48,0.49,0.47,0.49,271114.0
03/02/2016,16:00,0.50,0.50,0.48,0.49,469994.0
03/03/2016,16:00,0.51,0.51,0.50,0.50,358365.0
03/04/2016,16:00,0.51,0.53,0.45,0.52,1120462.0
03/07/2016,16:00,0.53,0.54,0.50,0.54,415750.0
03/08/2016,16:00,0.53,0.54,0.50,0.50,314052.0
03/09/2016,16:00,0.51,0.53,0.50,0.53,123392.0
03/10/2016,16:00,0.53,0.53,0.48,0.51,414588.0
03/11/2016,16:00,0.52,0.52,0.49,0.51,243108.0
03/14/2016,16:00,0.50,0.51,0.49,0.51,152832.0
03/15/2016,16:00,0.50,0.51,0.49,0.49,149697.0
03/16/2016,16:00,0.50,0.51,0.49,0.51,221940.0
03/17/2016,16:00,0.51,0.53,0.50,0.53,1067395.0
03/18/2016,16:00,0.53,0.54,0.51,0.51,581294.0
03/21/2016,16:00,0.51,0.55,0.51,0.53,159149.0
03/22/2016,16:00,0.54,0.54,0.50,0.51,416986.0
03/23/2016,16:00,0.50,0.51,0.50,0.50,115345.0
03/24/2016,16:00,0.50,0.50,0.50,0.50,89996.0
03/28/2016,16:00,0.5,0.51,0.5,0.50,22380.0
03/29/2016,16:00,0.50,0.52,0.49,0.5,111565.0
03/30/2016,16:00,0.51,0.51,0.5,0.51,68591.0
03/31/2016,16:00,0.51,0.52,0.50,0.50,347091.0
04/01/2016,16:00,0.50,0.52,0.5,0.50,185331.0
04/04/2016,16:00,0.5,0.50,0.49,0.5,204909.0
04/05/2016,16:00,0.49,0.5,0.48,0.48,177069.0
04/06/2016,16:00,0.48,0.5,0.48,0.49,265267.0
04/07/2016,16:00,0.48,0.49,0.48,0.48,282475.0
04/08/2016,16:00,0.48,0.50,0.48,0.5,123962.0
04/11/2016,16:00,0.50,0.50,0.5,0.50,174375.0
04/12/2016,16:00,0.50,0.53,0.50,0.53,294503.0
04/13/2016,16:00,0.53,0.55,0.52,0.54,292976.0
04/14/2016,16:00,0.55,0.55,0.53,0.54,124573.0
04/15/2016,16:00,0.53,0.54,0.51,0.51,263505.0
04/18/2016,16:00,0.51,0.52,0.50,0.52,66934.0
04/19/2016,16:00,0.51,0.55,0.51,0.53,233750.0
04/20/2016,16:00,0.53,0.55,0.51,0.51,256478.0
04/21/2016,16:00,0.52,0.52,0.51,0.51,61782.0
04/22/2016,16:00,0.54,0.55,0.52,0.53,321720.0
04/25/2016,16:00,0.53,0.54,0.51,0.51,87209.0
04/26/2016,16:00,0.51,0.51,0.50,0.51,133183.0
04/27/2016,16:00,0.51,0.54,0.51,0.53,171400.0
04/28/2016,16:00,0.54,0.55,0.53,0.55,135929.0
04/29/2016,16:00,0.54,0.54,0.52,0.52,91941.0
05/02/2016,16:00,0.53,0.54,0.52,0.53,131140.0
05/03/2016,16:00,0.52,0.53,0.52,0.52,47052.0
05/04/2016,16:00,0.52,0.52,0.51,0.51,90397.0
05/05/2016,16:00,0.51,0.51,0.50,0.51,46083.0
05/06/2016,16:00,0.51,0.51,0.51,0.51,99840.0
05/09/2016,16:00,0.51,0.51,0.5,0.50,143078.0
05/10/2016,16:00,0.50,0.50,0.48,0.48,219210.0
05/11/2016,16:00,0.48,0.5,0.48,0.49,76114.0
05/12/2016,16:00,0.49,0.5,0.48,0.48,149286.0
05/13/2016,16:00,0.49,0.5,0.48,0.48,72752.0
05/16/2016,16:00,0.48,0.49,0.48,0.48,96546.0
05/17/2016,16:00,0.48,0.49,0.47,0.47,362012.0
05/18/2016,16:00,0.47,0.48,0.46,0.46,337829.0
05/19/2016,16:00,0.46,0.47,0.46,0.46,106588.0
05/20/2016,16:00,0.45,0.47,0.45,0.45,82669.0
05/23/2016,16:00,0.46,0.47,0.44,0.47,280587.0
05/24/2016,16:00,0.48,0.49,0.46,0.47,277913.0
05/25/2016,16:00,0.48,0.49,0.46,0.47,74639.0
05/26/2016,16:00,0.47,0.49,0.47,0.47,72256.0
05/27/2016,16:00,0.48,0.48,0.46,0.46,41707.0
05/31/2016,16:00,0.47,0.47,0.45,0.46,348083.0
06/01/2016,16:00,0.45,0.46,0.45,0.46,29889.0
06/02/2016,16:00,0.45,0.61,0.45,0.56,2233328.0
06/03/2016,16:00,0.61,0.66,0.59,0.65,4601479.0
06/06/2016,16:00,0.68,0.71,0.66,0.67,4729012.0
06/07/2016,16:00,0.68,0.73,0.66,0.67,3006354.0
06/08/2016,16:00,0.67,0.67,0.58,0.65,2691371.0
06/09/2016,16:00,0.65,0.65,0.61,0.62,414586.0
06/10/2016,16:00,0.61,0.61,0.58,0.59,310866.0
06/13/2016,16:00,0.61,0.61,0.56,0.58,575509.0
06/14/2016,16:00,0.58,0.58,0.54,0.55,374049.0
06/15/2016,16:00,0.56,0.59,0.55,0.58,299393.0
06/16/2016,16:00,0.59,0.59,0.55,0.56,127599.0
06/17/2016,16:00,0.55,0.58,0.55,0.57,150442.0
06/20/2016,16:00,0.57,0.58,0.57,0.58,168657.0
06/21/2016,16:00,0.59,0.59,0.56,0.56,277992.0
06/22/2016,16:00,0.55,0.58,0.55,0.55,105566.0
06/23/2016,16:00,0.55,0.57,0.55,0.57,162023.0
06/24/2016,16:00,0.55,0.56,0.54,0.55,209731.0
06/27/2016,16:00,0.54,0.54,0.53,0.54,190379.0
06/28/2016,16:00,0.54,0.57,0.53,0.57,177771.0
06/29/2016,16:00,0.58,0.6,0.56,0.58,243395.0
06/30/2016,16:00,0.59,0.6,0.59,0.59,186914.0
07/01/2016,16:00,0.59,0.61,0.59,0.6,317610.0
07/05/2016,16:00,0.61,0.61,0.56,0.57,285954.0
07/06/2016,16:00,0.56,0.59,0.55,0.59,347656.0
07/07/2016,16:00,0.58,0.59,0.56,0.58,131461.0
07/08/2016,16:00,0.58,0.59,0.57,0.58,125674.0
07/11/2016,16:00,0.59,0.59,0.57,0.58,103252.0
07/12/2016,16:00,0.57,0.64,0.57,0.62,496243.0
07/13/2016,16:00,0.62,0.62,0.57,0.60,636682.0
07/14/2016,16:00,0.6,0.60,0.59,0.60,208442.0
07/15/2016,16:00,0.60,0.60,0.59,0.59,108243.0
07/18/2016,16:00,0.59,0.6,0.57,0.57,384857.0
07/19/2016,16:00,0.58,0.58,0.57,0.58,101520.0
07/20/2016,16:00,0.58,0.58,0.55,0.55,232024.0
07/21/2016,16:00,0.55,0.57,0.55,0.56,144758.0
07/22/2016,16:00,0.55,0.57,0.55,0.56,101177.0
07/25/2016,16:00,0.57,0.57,0.55,0.55,135673.0
07/26/2016,16:00,0.56,0.57,0.55,0.56,98100.0
07/27/2016,16:00,0.56,0.57,0.55,0.56,158003.0
07/28/2016,16:00,0.55,0.56,0.55,0.56,115171.0
07/29/2016,16:00,0.55,0.56,0.55,0.55,199521.0
08/01/2016,16:00,0.55,0.58,0.55,0.56,278834.0
08/02/2016,16:00,0.56,0.56,0.54,0.54,145703.0
08/03/2016,16:00,0.55,0.55,0.53,0.54,277897.0
08/04/2016,16:00,0.53,0.54,0.51,0.52,264039.0
08/05/2016,16:00,0.53,0.55,0.53,0.54,76955.0
08/08/2016,16:00,0.54,0.55,0.54,0.54,398164.0
08/09/2016,16:00,0.54,0.56,0.53,0.54,228151.0
08/10/2016,16:00,0.54,0.54,0.52,0.53,220033.0
08/11/2016,16:00,0.55,0.55,0.52,0.55,432552.0
08/12/2016,16:00,0.56,0.58,0.53,0.55,619471.0
08/15/2016,16:00,0.56,0.56,0.53,0.55,220877.0
08/16/2016,16:00,0.55,0.60,0.55,0.58,544657.0
08/17/2016,16:00,0.58,0.59,0.57,0.58,238649.0
08/18/2016,16:00,0.57,0.58,0.56,0.57,109182.0
08/19/2016,16:00,0.57,0.58,0.57,0.57,103385.0
08/22/2016,16:00,0.58,0.58,0.55,0.56,189701.0
08/23/2016,16:00,0.55,0.58,0.55,0.57,155371.0
08/24/2016,16:00,0.58,0.59,0.55,0.58,161603.0
08/25/2016,16:00,0.57,0.58,0.55,0.55,133081.0
08/26/2016,16:00,0.55,0.57,0.53,0.54,257262.0
08/29/2016,16:00,0.53,0.56,0.53,0.55,284630.0
08/30/2016,16:00,0.55,0.55,0.53,0.54,161345.0
08/31/2016,16:00,0.55,0.55,0.50,0.50,758183.0
09/01/2016,16:00,0.51,0.57,0.51,0.53,393863.0
09/02/2016,16:00,0.53,0.55,0.51,0.52,437719.0
09/06/2016,16:00,0.52,0.54,0.52,0.52,162126.0
09/07/2016,16:00,0.53,0.54,0.53,0.54,134141.0
09/08/2016,16:00,0.54,0.54,0.52,0.52,160386.0
09/09/2016,16:00,0.52,0.53,0.51,0.52,179905.0
09/12/2016,16:00,0.53,0.53,0.51,0.51,200772.0
09/13/2016,16:00,0.51,0.51,0.50,0.51,334579.0
09/14/2016,16:00,0.51,0.52,0.50,0.50,136561.0
09/15/2016,16:00,0.50,0.51,0.5,0.51,188772.0
09/16/2016,16:00,0.50,0.53,0.50,0.53,247681.0
09/19/2016,16:00,0.52,0.53,0.50,0.51,104814.0
09/20/2016,16:00,0.51,0.54,0.50,0.53,191802.0
09/21/2016,16:00,0.51,0.52,0.50,0.52,230142.0
09/22/2016,16:00,0.52,0.52,0.50,0.51,262565.0
09/23/2016,16:00,0.52,0.52,0.5,0.50,432096.0
09/26/2016,16:00,0.50,0.51,0.5,0.50,89565.0
09/27/2016,16:00,0.50,0.51,0.49,0.5,262430.0
09/28/2016,16:00,0.49,0.5,0.48,0.49,281900.0
09/29/2016,16:00,0.49,0.50,0.49,0.5,176347.0
09/30/2016,16:00,0.47,0.49,0.47,0.49,262407.0
10/03/2016,16:00,0.47,0.49,0.47,0.47,272342.0
10/04/2016,16:00,0.47,0.48,0.46,0.46,271668.0
10/05/2016,16:00,0.46,0.47,0.46,0.46,272444.0
10/06/2016,16:00,0.46,0.47,0.46,0.46,138416.0
10/07/2016,16:00,0.45,0.5,0.45,0.49,523172.0
10/10/2016,16:00,0.47,0.51,0.47,0.49,85309.0
10/11/2016,16:00,0.48,0.49,0.47,0.47,110150.0
10/12/2016,16:00,0.47,0.49,0.47,0.48,271575.0
10/13/2016,16:00,0.48,0.49,0.47,0.47,207658.0
10/14/2016,16:00,0.47,0.48,0.46,0.48,219384.0
10/17/2016,16:00,0.48,0.48,0.48,0.48,83765.0
10/18/2016,16:00,0.48,0.48,0.48,0.48,125937.0
10/19/2016,16:00,0.48,0.48,0.46,0.47,150196.0
10/20/2016,16:00,0.47,0.48,0.46,0.48,196531.0
10/21/2016,16:00,0.49,0.49,0.46,0.48,136603.0
10/24/2016,16:00,0.48,0.48,0.46,0.48,191300.0
10/25/2016,16:00,0.47,0.49,0.46,0.49,261053.0
10/26/2016,16:00,0.47,0.51,0.47,0.49,389026.0
10/27/2016,16:00,0.48,0.52,0.47,0.51,973973.0
10/28/2016,16:00,0.52,0.52,0.49,0.51,308661.0
10/31/2016,16:00,0.51,0.51,0.49,0.50,149205.0
11/01/2016,16:00,0.50,0.51,0.48,0.49,283557.0
11/02/2016,16:00,0.49,0.5,0.46,0.47,290125.0
11/03/2016,16:00,0.46,0.48,0.43,0.45,471696.0
11/04/2016,16:00,0.45,0.45,0.43,0.43,328834.0
11/07/2016,16:00,0.43,0.45,0.43,0.45,172729.0
11/08/2016,16:00,0.45,0.45,0.43,0.45,108046.0
11/09/2016,16:00,0.44,0.46,0.44,0.46,218168.0
11/10/2016,16:00,0.45,0.48,0.43,0.47,441120.0
11/11/2016,16:00,0.49,0.49,0.45,0.48,166727.0
11/14/2016,16:00,0.46,0.48,0.43,0.45,382534.0
11/15/2016,16:00,0.46,0.46,0.43,0.45,209210.0
11/16/2016,16:00,0.43,0.45,0.42,0.42,855722.0
11/17/2016,16:00,0.43,0.44,0.41,0.43,639849.0
11/18/2016,16:00,0.44,0.44,0.42,0.43,178397.0
11/21/2016,16:00,0.43,0.43,0.42,0.42,392169.0
11/22/2016,16:00,0.42,0.43,0.40,0.43,419852.0
11/23/2016,16:00,0.43,0.43,0.41,0.42,46889.0
11/25/2016,16:00,0.42,0.42,0.42,0.42,50274.0
11/28/2016,16:00,0.42,0.44,0.42,0.43,161408.0
11/29/2016,16:00,0.42,0.44,0.42,0.43,155978.0
11/30/2016,16:00,0.43,0.45,0.42,0.45,487475.0
12/01/2016,16:00,0.45,0.47,0.44,0.47,438523.0
12/02/2016,16:00,0.47,0.47,0.45,0.45,230637.0
12/05/2016,16:00,0.44,0.46,0.44,0.44,329015.0
12/06/2016,16:00,0.44,0.46,0.42,0.43,575362.0
12/07/2016,16:00,0.44,0.46,0.44,0.46,478406.0
12/08/2016,16:00,0.46,0.48,0.46,0.48,550904.0
12/09/2016,16:00,0.5,0.57,0.49,0.55,1727795.0
12/12/2016,16:00,0.53,0.54,0.50,0.52,562013.0
12/13/2016,16:00,0.50,0.54,0.50,0.53,305337.0
12/14/2016,16:00,0.53,0.53,0.50,0.51,158331.0
12/15/2016,16:00,0.52,0.54,0.49,0.53,408100.0
12/16/2016,16:00,0.54,0.59,0.53,0.58,1062669.0
12/19/2016,16:00,0.58,0.58,0.55,0.55,352391.0
12/20/2016,16:00,0.54,0.55,0.53,0.54,298876.0
12/21/2016,16:00,0.52,0.54,0.52,0.52,234647.0
12/22/2016,16:00,0.52,0.55,0.50,0.51,1226775.0
12/23/2016,16:00,0.53,0.56,0.51,0.52,815114.0
12/27/2016,16:00,0.52,0.55,0.52,0.52,424402.0
12/28/2016,16:00,0.51,0.54,0.5,0.50,613657.0
12/29/2016,16:00,0.51,0.52,0.5,0.50,343597.0
12/30/2016,16:00,0.50,0.53,0.50,0.53,334758.0
01/03/2017,16:00,0.53,0.54,0.52,0.53,341991.0
01/04/2017,16:00,0.54,0.58,0.53,0.57,1339366.0
01/05/2017,16:00,0.58,0.63,0.57,0.61,1319779.0
01/06/2017,16:00,0.63,0.63,0.58,0.62,566964.0
01/09/2017,16:00,0.61,0.63,0.58,0.62,705824.0
01/10/2017,16:00,0.60,0.68,0.6,0.67,1895184.0
01/11/2017,16:00,0.67,0.79,0.67,0.77,4929311.0
01/12/2017,16:00,0.79,0.83,0.70,0.73,2570407.0
01/13/2017,16:00,0.71,0.79,0.70,0.77,762305.0
01/17/2017,16:00,0.78,0.83,0.77,0.79,1294211.0
01/18/2017,16:00,0.76,0.78,0.72,0.73,1036537.0
01/19/2017,16:00,0.75,0.78,0.7,0.76,664400.0
01/20/2017,16:00,0.79,0.81,0.76,0.77,553533.0
01/23/2017,16:00,0.79,0.80,0.77,0.79,1646430.0
01/24/2017,16:00,0.80,0.86,0.77,0.86,3039553.0
01/25/2017,16:00,0.88,0.90,0.82,0.84,1739335.0
01/26/2017,16:00,0.82,0.84,0.78,0.80,890350.0
01/27/2017,16:00,0.81,0.81,0.76,0.79,674014.0
01/30/2017,16:00,0.8,0.8,0.73,0.76,929375.0
01/31/2017,16:00,0.77,0.79,0.74,0.77,531457.0
02/01/2017,16:00,0.77,0.77,0.71,0.74,585214.0
02/02/2017,16:00,0.72,0.75,0.69,0.74,774015.0
02/03/2017,16:00,0.72,0.75,0.71,0.75,287733.0
02/06/2017,16:00,0.73,0.77,0.73,0.74,442830.0
02/07/2017,16:00,0.75,0.76,0.73,0.75,358990.0
02/08/2017,16:00,0.75,0.79,0.75,0.76,699801.0
02/09/2017,16:00,0.77,0.8,0.77,0.79,835708.0
02/10/2017,16:00,0.77,0.84,0.77,0.82,1002305.0
02/13/2017,16:00,0.80,0.87,0.79,0.87,1230916.0
02/14/2017,16:00,0.87,0.91,0.87,0.89,1795973.0
02/15/2017,16:00,0.88,0.88,0.80,0.82,1034373.0
02/16/2017,16:00,0.83,0.83,0.79,0.81,584840.0
02/17/2017,16:00,0.81,0.83,0.79,0.81,457911.0
02/21/2017,16:00,0.81,0.81,0.75,0.79,773833.0
02/22/2017,16:00,0.76,0.8,0.76,0.76,360924.0
02/23/2017,16:00,0.77,0.77,0.74,0.75,379334.0
02/24/2017,16:00,0.75,0.77,0.74,0.76,497170.0
02/27/2017,16:00,0.78,0.8,0.75,0.79,600869.0
02/28/2017,16:00,0.80,0.82,0.76,0.76,656080.0
03/01/2017,16:00,0.78,0.79,0.76,0.78,423955.0
03/02/2017,16:00,0.78,0.78,0.75,0.77,344718.0
03/03/2017,16:00,0.75,0.77,0.65,0.71,874190.0
03/06/2017,16:00,0.69,0.72,0.63,0.66,1150165.0
03/07/2017,16:00,0.66,0.68,0.64,0.67,515078.0
03/08/2017,16:00,0.67,0.72,0.67,0.70,600984.0
03/09/2017,16:00,0.71,0.71,0.65,0.69,392404.0
03/10/2017,16:00,0.71,0.71,0.67,0.68,171926.0
03/13/2017,16:00,0.70,0.72,0.68,0.70,177135.0
03/14/2017,16:00,0.70,0.72,0.69,0.70,276141.0
03/15/2017,16:00,0.69,0.73,0.69,0.73,516176.0
03/16/2017,16:00,0.74,0.78,0.73,0.78,887804.0
03/17/2017,16:00,0.77,0.8,0.76,0.78,488635.0
03/20/2017,16:00,0.78,0.78,0.70,0.74,364186.0
03/21/2017,16:00,0.72,0.74,0.67,0.68,488455.0
03/22/2017,16:00,0.67,0.69,0.66,0.68,126899.0
03/23/2017,16:00,0.69,0.71,0.67,0.69,173067.0
03/24/2017,16:00,0.67,0.69,0.66,0.68,84645.0
03/27/2017,16:00,0.68,0.68,0.66,0.66,213209.0
03/28/2017,16:00,0.64,0.70,0.64,0.70,198896.0
03/29/2017,16:00,0.70,0.71,0.67,0.68,184945.0
03/30/2017,16:00,0.69,0.69,0.66,0.66,379377.0
03/31/2017,16:00,0.66,0.7,0.66,0.66,87030.0
04/03/2017,16:00,0.66,0.66,0.63,0.64,271320.0
04/04/2017,16:00,0.63,0.66,0.63,0.65,151469.0
04/05/2017,16:00,0.66,0.67,0.64,0.66,248249.0
04/06/2017,16:00,0.67,0.67,0.65,0.66,59498.0
04/07/2017,16:00,0.66,0.67,0.66,0.67,183006.0
04/10/2017,16:00,0.68,0.72,0.66,0.69,469192.0
04/11/2017,16:00,0.70,0.72,0.68,0.71,261824.0
04/12/2017,16:00,0.71,0.71,0.67,0.68,352196.0
04/13/2017,16:00,0.67,0.68,0.65,0.65,165739.0
04/17/2017,16:00,0.65,0.68,0.64,0.65,422411.0
04/18/2017,16:00,0.64,0.67,0.64,0.64,367066.0
04/19/2017,16:00,0.64,0.66,0.61,0.61,363098.0
04/20/2017,16:00,0.62,0.62,0.59,0.61,613782.0
04/21/2017,16:00,0.62,0.63,0.59,0.62,497582.0
04/24/2017,16:00,0.61,0.63,0.60,0.62,179569.0
04/25/2017,16:00,0.63,0.63,0.60,0.61,236433.0
04/26/2017,16:00,0.61,0.61,0.6,0.6,221880.0
04/27/2017,16:00,0.58,0.59,0.56,0.57,586855.0
04/28/2017,16:00,0.56,0.58,0.53,0.55,634851.0
05/01/2017,16:00,0.55,0.6,0.55,0.6,231723.0
05/02/2017,16:00,0.57,0.59,0.57,0.57,169548.0
05/03/2017,16:00,0.55,0.58,0.55,0.56,126239.0
05/04/2017,16:00,0.56,0.57,0.50,0.50,902148.0
05/05/2017,16:00,0.50,0.52,0.5,0.5,709489.0
05/08/2017,16:00,0.5,0.53,0.5,0.52,289538.0
05/09/2017,16:00,0.52,0.54,0.51,0.53,276897.0
05/10/2017,16:00,0.54,0.54,0.51,0.54,271594.0
05/11/2017,16:00,0.58,0.58,0.53,0.55,224506.0
05/12/2017,16:00,0.54,0.55,0.52,0.54,72647.0
05/15/2017,16:00,0.55,0.59,0.54,0.58,182004.0
05/16/2017,16:00,0.62,0.62,0.56,0.58,207264.0
05/17/2017,16:00,0.57,0.57,0.53,0.54,275483.0
05/18/2017,16:00,0.54,0.54,0.52,0.52,231570.0
05/19/2017,16:00,0.53,0.59,0.52,0.57,329329.0
05/22/2017,16:00,0.57,0.58,0.55,0.57,145579.0
05/23/2017,16:00,0.55,0.58,0.55,0.57,182499.0
05/24/2017,16:00,0.57,0.57,0.54,0.55,137791.0
05/25/2017,16:00,0.53,0.56,0.51,0.56,298508.0
05/26/2017,16:00,0.56,0.56,0.51,0.53,214621.0
05/30/2017,16:00,0.55,0.55,0.51,0.54,141827.0
05/31/2017,16:00,0.54,0.54,0.50,0.52,278596.0
06/01/2017,16:00,0.50,0.54,0.50,0.50,295218.0
06/02/2017,16:00,0.51,0.55,0.5,0.54,343901.0
06/05/2017,16:00,0.55,0.55,0.51,0.54,183740.0
06/06/2017,16:00,0.52,0.53,0.51,0.53,170421.0
06/07/2017,16:00,0.51,0.53,0.51,0.51,104500.0
06/08/2017,16:00,0.52,0.56,0.52,0.55,295527.0
06/09/2017,16:00,0.56,0.63,0.55,0.61,1562368.0
06/12/2017,16:00,0.64,0.64,0.57,0.6,575564.0
06/13/2017,16:00,0.62,0.62,0.58,0.60,337341.0
06/14/2017,16:00,0.60,0.61,0.58,0.58,272681.0
06/15/2017,16:00,0.58,0.62,0.58,0.59,125006.0
06/16/2017,16:00,0.6,0.6,0.56,0.56,158422.0
06/19/2017,16:00,0.61,0.61,0.56,0.58,211723.0
06/20/2017,16:00,0.58,0.59,0.54,0.55,200788.0
06/21/2017,16:00,0.57,0.57,0.55,0.57,165944.0
06/22/2017,16:00,0.57,0.57,0.55,0.56,112195.0
06/23/2017,16:00,0.59,0.59,0.54,0.58,215316.0
06/26/2017,16:00,0.59,0.61,0.57,0.61,333170.0
06/27/2017,16:00,0.59,0.61,0.59,0.59,149980.0
06/28/2017,16:00,0.58,0.61,0.58,0.61,146623.0
06/29/2017,16:00,0.61,0.62,0.60,0.62,337104.0
06/30/2017,16:00,0.63,0.63,0.60,0.62,112333.0
07/03/2017,16:00,0.66,0.66,0.63,0.64,300370.0
07/05/2017,16:00,0.64,0.64,0.61,0.64,138316.0
07/06/2017,16:00,0.6,0.64,0.6,0.63,279318.0
07/07/2017,16:00,0.64,0.64,0.59,0.61,107492.0
07/10/2017,16:00,0.63,0.63,0.59,0.62,167193.0
07/11/2017,16:00,0.61,0.61,0.58,0.60,123112.0
07/12/2017,16:00,0.6,0.62,0.59,0.59,91715.0
07/13/2017,16:00,0.59,0.62,0.59,0.61,144422.0
07/14/2017,16:00,0.61,0.63,0.59,0.61,213345.0
07/17/2017,16:00,0.6,0.66,0.6,0.66,620746.0
07/18/2017,16:00,0.67,0.67,0.63,0.65,454279.0
07/19/2017,16:00,0.65,0.71,0.65,0.71,669951.0
07/20/2017,16:00,0.71,0.72,0.65,0.69,340900.0
07/21/2017,16:00,0.69,0.69,0.66,0.67,129641.0
07/24/2017,16:00,0.66,0.69,0.66,0.67,173063.0
07/25/2017,16:00,0.66,0.67,0.66,0.67,129437.0
07/26/2017,16:00,0.66,0.69,0.65,0.67,138931.0
07/27/2017,16:00,0.66,0.67,0.63,0.64,147725.0
07/28/2017,16:00,0.64,0.66,0.64,0.65,271975.0
07/31/2017,16:00,0.66,0.66,0.61,0.64,455456.0
08/01/2017,16:00,0.66,0.66,0.61,0.61,156220.0
08/02/2017,16:00,0.62,0.64,0.61,0.64,190007.0
08/03/2017,16:00,0.64,0.64,0.59,0.61,268974.0
08/04/2017,16:00,0.62,0.62,0.59,0.61,143398.0
08/07/2017,16:00,0.58,0.64,0.57,0.61,173904.0
08/08/2017,16:00,0.59,0.61,0.58,0.58,338729.0
08/09/2017,16:00,0.58,0.60,0.57,0.59,143009.0
08/10/2017,16:00,0.58,0.59,0.57,0.58,269167.0
08/11/2017,16:00,0.57,0.59,0.57,0.59,186023.0
08/14/2017,16:00,0.57,0.6,0.57,0.59,156344.0
08/15/2017,16:00,0.59,0.59,0.58,0.59,112830.0
08/16/2017,16:00,0.61,0.61,0.57,0.59,81786.0
08/17/2017,16:00,0.59,0.59,0.53,0.56,988360.0
08/18/2017,16:00,0.55,0.57,0.55,0.57,177338.0
08/21/2017,16:00,0.55,0.57,0.54,0.55,189112.0
08/22/2017,16:00,0.55,0.57,0.55,0.57,139399.0
08/23/2017,16:00,0.55,0.57,0.55,0.56,63912.0
08/24/2017,16:00,0.55,0.56,0.55,0.56,99306.0
08/25/2017,16:00,0.55,0.57,0.55,0.56,61545.0
08/28/2017,16:00,0.55,0.56,0.55,0.55,128457.0
08/29/2017,16:00,0.55,0.57,0.54,0.56,119304.0
08/30/2017,16:00,0.56,0.61,0.56,0.61,297175.0
08/31/2017,16:00,0.61,0.62,0.58,0.61,292550.0
09/01/2017,16:00,0.61,0.61,0.59,0.6,155681.0
09/05/2017,16:00,0.57,0.61,0.57,0.60,132559.0
09/06/2017,16:00,0.59,0.60,0.59,0.60,118422.0
09/07/2017,16:00,0.6,0.62,0.59,0.59,91782.0
09/08/2017,16:00,0.6,0.60,0.57,0.59,186651.0
09/11/2017,16:00,0.58,0.59,0.55,0.57,386835.0
09/12/2017,16:00,0.57,0.57,0.55,0.57,100696.0
09/13/2017,16:00,0.57,0.59,0.56,0.56,128151.0
09/14/2017,16:00,0.57,0.58,0.54,0.56,232545.0
09/15/2017,16:00,0.57,0.59,0.56,0.59,143046.0
09/18/2017,16:00,0.59,0.59,0.56,0.58,234417.0
09/19/2017,16:00,0.59,0.59,0.55,0.57,315321.0
09/20/2017,16:00,0.57,0.57,0.55,0.57,216135.0
09/21/2017,16:00,0.57,0.58,0.56,0.58,128226.0
09/22/2017,16:00,0.58,0.58,0.57,0.57,145443.0
09/25/2017,16:00,0.53,0.58,0.53,0.58,318385.0
09/26/2017,16:00,0.58,0.58,0.57,0.57,129747.0
09/27/2017,16:00,0.57,0.58,0.57,0.58,187769.0
09/28/2017,16:00,0.57,0.58,0.56,0.57,133597.0
09/29/2017,16:00,0.57,0.58,0.56,0.57,93517.0
10/02/2017,16:00,0.54,0.57,0.54,0.56,122472.0
10/03/2017,16:00,0.56,0.57,0.56,0.56,189849.0
10/04/2017,16:00,0.56,0.57,0.56,0.56,63605.0
10/05/2017,16:00,0.56,0.56,0.55,0.55,150719.0
10/06/2017,16:00,0.55,0.56,0.55,0.56,249505.0
10/09/2017,16:00,0.54,0.57,0.52,0.56,182953.0
10/10/2017,16:00,0.56,0.56,0.53,0.55,189385.0
10/11/2017,16:00,0.56,0.56,0.52,0.53,237149.0
10/12/2017,16:00,0.52,0.55,0.52,0.54,120778.0
10/13/2017,16:00,0.55,0.55,0.52,0.55,150711.0
10/16/2017,16:00,0.54,0.55,0.51,0.52,293085.0
10/17/2017,16:00,0.52,0.52,0.51,0.51,464334.0
10/18/2017,16:00,0.51,0.52,0.5,0.5,239288.0
10/19/2017,16:00,0.50,0.53,0.50,0.52,356521.0
10/20/2017,16:00,0.52,0.52,0.50,0.50,101192.0
10/23/2017,16:00,0.52,0.55,0.51,0.53,413649.0
10/24/2017,16:00,0.53,0.54,0.52,0.53,134410.0
10/25/2017,16:00,0.53,0.54,0.52,0.52,90203.0
10/26/2017,16:00,0.51,0.53,0.51,0.52,77377.0
10/27/2017,16:00,0.52,0.53,0.50,0.52,242372.0
10/30/2017,16:00,0.52,0.53,0.51,0.53,156400.0
10/31/2017,16:00,0.52,0.53,0.51,0.53,87278.0
11/01/2017,16:00,0.52,0.53,0.52,0.53,102129.0
11/02/2017,16:00,0.53,0.55,0.52,0.55,99591.0
11/03/2017,16:00,0.55,0.55,0.53,0.54,173581.0
11/06/2017,16:00,0.55,0.55,0.53,0.55,86493.0
11/07/2017,16:00,0.53,0.55,0.53,0.54,106580.0
11/09/2017,16:00,0.56,0.62,0.56,0.60,1758604.0
11/10/2017,16:00,0.59,0.66,0.59,0.65,1225322.0
11/13/2017,16:00,0.63,0.66,0.60,0.60,419728.0
11/14/2017,16:00,0.6,0.63,0.58,0.59,261360.0
11/15/2017,16:00,0.58,0.60,0.56,0.57,298534.0
11/16/2017,16:00,0.57,0.62,0.55,0.62,327077.0
11/17/2017,16:00,0.63,0.65,0.6,0.63,441751.0
11/20/2017,16:00,0.64,0.64,0.62,0.62,256053.0
11/21/2017,16:00,0.62,0.65,0.62,0.65,366542.0
11/22/2017,16:00,0.66,0.72,0.65,0.72,1438750.0
11/24/2017,16:00,0.70,0.70,0.66,0.66,296544.0
11/27/2017,16:00,0.65,0.65,0.61,0.61,463835.0
11/28/2017,16:00,0.61,0.64,0.60,0.63,307150.0
11/29/2017,16:00,0.65,0.66,0.61,0.64,602511.0
11/30/2017,16:00,0.65,0.66,0.61,0.63,150393.0
12/01/2017,16:00,0.62,0.64,0.61,0.62,161978.0
12/04/2017,16:00,0.62,0.71,0.62,0.68,1530324.0
12/05/2017,16:00,0.69,0.71,0.65,0.69,545480.0
12/06/2017,16:00,0.65,0.67,0.62,0.65,617603.0
12/07/2017,16:00,0.65,0.67,0.62,0.67,232195.0
12/08/2017,16:00,0.65,0.70,0.63,0.68,773835.0
12/11/2017,16:00,0.68,0.73,0.65,0.70,1542316.0
12/12/2017,16:00,0.72,0.73,0.67,0.68,261413.0
12/13/2017,16:00,0.68,0.69,0.66,0.68,378549.0
12/14/2017,16:00,0.71,0.72,0.67,0.72,673028.0
12/15/2017,16:00,0.69,0.72,0.69,0.71,425079.0
12/18/2017,16:00,0.70,0.72,0.69,0.71,264546.0
12/19/2017,16:00,0.71,0.72,0.68,0.72,544457.0
12/20/2017,16:00,0.72,0.73,0.70,0.71,344791.0
12/21/2017,16:00,0.70,0.71,0.69,0.70,334576.0
12/22/2017,16:00,0.69,0.71,0.67,0.67,584940.0
12/26/2017,16:00,0.67,0.69,0.67,0.67,266911.0
12/27/2017,16:00,0.67,0.71,0.66,0.69,741946.0
12/28/2017,16:00,0.68,0.71,0.68,0.68,503806.0
12/29/2017,16:00,0.66,0.69,0.66,0.68,202741.0
01/02/2018,16:00,0.69,0.73,0.69,0.72,718559.0
01/03/2018,16:00,0.73,0.74,0.69,0.72,469048.0
01/04/2018,16:00,0.69,0.74,0.69,0.73,441042.0
01/05/2018,16:00,0.75,0.77,0.72,0.76,744534.0
01/08/2018,16:00,0.77,0.78,0.75,0.76,446882.0
01/09/2018,16:00,0.78,0.78,0.68,0.71,710103.0
01/10/2018,16:00,0.70,0.73,0.7,0.72,178459.0
01/11/2018,16:00,0.73,0.76,0.72,0.74,912324.0
01/12/2018,16:00,0.76,0.76,0.74,0.74,345791.0
01/16/2018,16:00,0.76,0.77,0.7,0.71,1024738.0
01/17/2018,16:00,0.72,0.76,0.72,0.75,347902.0
01/18/2018,16:00,0.75,0.75,0.72,0.74,523614.0
01/19/2018,16:00,0.74,0.75,0.72,0.74,214254.0
01/22/2018,16:00,0.75,0.75,0.72,0.72,212984.0
01/23/2018,16:00,0.73,0.75,0.71,0.75,388055.0
01/24/2018,16:00,0.74,0.74,0.7,0.71,370241.0
01/25/2018,16:00,0.70,0.71,0.69,0.70,364518.0
01/26/2018,16:00,0.71,0.71,0.69,0.70,354132.0
01/29/2018,16:00,0.7,0.7,0.67,0.67,488006.0
01/30/2018,16:00,0.68,0.69,0.66,0.67,300349.0
01/31/2018,16:00,0.69,0.69,0.66,0.67,170283.0
02/01/2018,16:00,0.67,0.68,0.66,0.68,75043.0
02/02/2018,16:00,0.67,0.69,0.66,0.66,447434.0
02/05/2018,16:00,0.67,0.69,0.65,0.69,592352.0
02/06/2018,16:00,0.65,0.7,0.64,0.66,310870.0
02/07/2018,16:00,0.65,0.68,0.64,0.67,232888.0
02/08/2018,16:00,0.68,0.68,0.65,0.67,287423.0
02/09/2018,16:00,0.68,0.68,0.64,0.66,314541.0
02/12/2018,16:00,0.67,0.68,0.66,0.68,233485.0
02/13/2018,16:00,0.68,0.7,0.68,0.69,225753.0
02/14/2018,16:00,0.69,0.72,0.68,0.71,611282.0
02/15/2018,16:00,0.70,0.71,0.69,0.71,362449.0
02/16/2018,16:00,0.71,0.72,0.68,0.68,191339.0
02/20/2018,16:00,0.66,0.69,0.65,0.66,211306.0
02/21/2018,16:00,0.68,0.68,0.66,0.66,222185.0
02/22/2018,16:00,0.66,0.67,0.64,0.65,308690.0
02/23/2018,16:00,0.65,0.67,0.65,0.67,120423.0
02/26/2018,16:00,0.66,0.68,0.65,0.68,152999.0
02/27/2018,16:00,0.68,0.68,0.65,0.65,221016.0
02/28/2018,16:00,0.65,0.67,0.64,0.67,350292.0
03/01/2018,16:00,0.67,0.67,0.64,0.65,236795.0
03/02/2018,16:00,0.64,0.66,0.63,0.66,359214.0
03/05/2018,16:00,0.66,0.66,0.63,0.65,335965.0
03/06/2018,16:00,0.66,0.67,0.63,0.66,265586.0
03/07/2018,16:00,0.66,0.69,0.66,0.66,239512.0
03/08/2018,16:00,0.66,0.67,0.64,0.64,267104.0
03/09/2018,16:00,0.65,0.66,0.64,0.64,201941.0
03/12/2018,16:00,0.64,0.66,0.63,0.63,162418.0
03/13/2018,16:00,0.63,0.64,0.63,0.63,121387.0
03/14/2018,16:00,0.63,0.65,0.62,0.63,259071.0
03/15/2018,16:00,0.62,0.64,0.62,0.63,179997.0
03/16/2018,16:00,0.62,0.63,0.62,0.63,134463.0
03/19/2018,16:00,0.62,0.63,0.62,0.62,251438.0
03/20/2018,16:00,0.62,0.62,0.61,0.62,195859.0
03/21/2018,16:00,0.62,0.66,0.62,0.64,503170.0
03/22/2018,16:00,0.63,0.65,0.62,0.64,182598.0
03/23/2018,16:00,0.64,0.66,0.59,0.60,765475.0
03/26/2018,16:00,0.61,0.61,0.59,0.59,251274.0
03/27/2018,16:00,0.59,0.61,0.58,0.58,305455.0
