Date,Time,Open,High,Low,Close,Vol
06/19/2013,16:00,25.5,27.0,24.95,26.91,5305200.0
06/20/2013,16:00,26.0,26.39,25.03,26.09,336400.0
06/21/2013,16:00,26.0,26.22,25.5,25.5,149200.0
06/24/2013,16:00,25.0,25.46,24.72,25.1,162700.0
06/25/2013,16:00,25.5,25.5,24.99,25.21,143000.0
06/26/2013,16:00,25.11,25.48,24.73,25.07,236800.0
06/27/2013,16:00,25.05,25.3,24.21,25.0,173100.0
06/28/2013,16:00,24.93,25.38,24.0,24.97,155300.0
07/01/2013,16:00,25.1,26.4,25.0,26.26,56100.0
07/02/2013,16:00,26.2,30.26,25.78,30.0,95100.0
07/03/2013,16:00,29.49,31.13,28.59,30.05,72200.0
07/05/2013,16:00,30.0,30.99,29.26,29.27,28000.0
07/08/2013,16:00,29.49,30.72,29.38,29.99,39800.0
07/09/2013,16:00,29.68,30.48,29.13,29.47,76600.0
07/10/2013,16:00,30.02,30.15,29.38,30.0,38500.0
07/11/2013,16:00,30.57,30.84,29.99,30.22,44400.0
07/12/2013,16:00,29.71,30.98,29.71,30.65,66700.0
07/15/2013,16:00,32.74,33.2,32.01,32.5,333300.0
07/16/2013,16:00,33.23,36.13,32.74,35.0,325000.0
07/17/2013,16:00,35.59,36.25,34.0,34.78,146300.0
07/18/2013,16:00,34.14,35.4,33.0,34.67,108800.0
07/19/2013,16:00,34.12,35.5,33.41,33.99,131600.0
07/22/2013,16:00,35.01,35.01,31.45,32.59,79200.0
07/23/2013,16:00,32.99,33.95,32.55,33.57,72800.0
07/24/2013,16:00,34.16,34.16,31.64,31.76,87100.0
07/25/2013,16:00,31.7,31.7,29.65,30.51,406300.0
07/26/2013,16:00,30.77,31.98,30.27,30.52,121100.0
07/29/2013,16:00,31.42,31.94,30.37,30.85,103800.0
07/30/2013,16:00,31.24,33.1,31.11,32.11,122700.0
07/31/2013,16:00,32.05,32.3,31.02,31.13,102900.0
08/01/2013,16:00,31.73,32.70,31.03,31.3,90400.0
08/02/2013,16:00,31.4,32.22,30.92,31.55,125900.0
08/05/2013,16:00,31.69,31.99,31.31,31.55,53100.0
08/06/2013,16:00,31.6,31.69,29.53,29.9,58300.0
08/07/2013,16:00,29.88,30.15,26.7,27.2,109900.0
08/08/2013,16:00,27.54,29.37,26.51,29.09,134000.0
08/09/2013,16:00,29.25,29.25,27.75,28.41,42900.0
08/12/2013,16:00,28.71,28.71,27.5,28.41,32400.0
08/13/2013,16:00,28.41,29.44,28.37,29.17,68300.0
08/14/2013,16:00,29.01,30.93,29.0,30.04,107400.0
08/15/2013,16:00,29.82,30.3,28.04,29.07,104400.0
08/16/2013,16:00,29.5,30.0,28.56,29.24,53100.0
08/19/2013,16:00,29.51,29.61,28.72,29.0,202500.0
08/20/2013,16:00,29.27,29.27,26.52,26.81,61600.0
08/21/2013,16:00,26.75,27.86,24.04,25.85,196100.0
08/22/2013,16:00,25.93,26.92,25.22,25.56,90400.0
08/23/2013,16:00,25.91,26.79,25.65,26.02,35200.0
08/26/2013,16:00,25.75,26.21,25.45,25.63,36200.0
08/27/2013,16:00,25.58,25.60,24.38,24.45,61400.0
08/28/2013,16:00,24.67,26.68,24.26,24.43,49600.0
08/29/2013,16:00,24.75,26.6,24.66,25.48,98200.0
08/30/2013,16:00,25.5,26.37,24.56,24.9,95600.0
09/03/2013,16:00,25.64,25.64,24.63,25.42,38800.0
09/04/2013,16:00,25.43,26.43,24.73,26.0,73500.0
09/05/2013,16:00,26.08,26.24,24.8,25.81,67000.0
09/06/2013,16:00,24.9,26.27,24.9,25.46,80700.0
09/09/2013,16:00,25.73,27.95,25.33,26.34,83900.0
09/10/2013,16:00,26.71,27.79,26.51,26.89,79700.0
09/11/2013,16:00,27.12,27.51,25.88,26.52,110600.0
09/12/2013,16:00,26.07,27.73,25.34,26.66,108500.0
09/13/2013,16:00,27.08,27.93,26.13,27.58,55400.0
09/16/2013,16:00,28.14,28.14,26.87,27.01,40000.0
09/17/2013,16:00,27.0,27.6,26.2,26.6,73500.0
09/18/2013,16:00,26.41,28.3,26.2,27.04,73000.0
09/19/2013,16:00,27.15,28.46,26.8,27.07,74900.0
09/20/2013,16:00,27.06,27.23,25.02,25.19,154000.0
09/23/2013,16:00,25.54,28.91,23.76,27.27,235600.0
09/24/2013,16:00,26.99,28.98,25.69,28.6,209100.0
09/25/2013,16:00,28.88,28.88,26.13,26.67,138600.0
09/26/2013,16:00,26.84,27.70,25.29,25.85,179100.0
09/27/2013,16:00,25.64,27.31,25.3,27.14,109600.0
09/30/2013,16:00,26.68,28.0,25.53,26.96,951000.0
10/01/2013,16:00,27.22,27.77,26.51,27.11,114700.0
10/02/2013,16:00,27.07,27.07,26.4,26.78,78900.0
10/03/2013,16:00,26.62,26.85,25.37,25.54,60200.0
10/04/2013,16:00,25.49,26.44,25.44,25.96,56700.0
10/07/2013,16:00,25.8,26.59,25.47,25.8,32200.0
10/08/2013,16:00,25.72,25.99,23.03,23.5,157300.0
10/09/2013,16:00,23.5,23.65,21.06,22.88,275800.0
10/10/2013,16:00,23.48,23.87,22.77,23.35,156200.0
10/11/2013,16:00,23.3,23.31,22.0,22.46,110200.0
10/14/2013,16:00,22.29,24.62,22.27,22.93,40400.0
10/15/2013,16:00,22.89,23.32,22.52,22.92,59900.0
10/16/2013,16:00,23.12,25.78,22.84,25.68,96700.0
10/17/2013,16:00,25.52,25.56,23.88,24.11,69300.0
10/18/2013,16:00,24.51,24.76,23.33,23.8,66200.0
10/21/2013,16:00,23.76,25.08,21.0,22.17,199900.0
10/22/2013,16:00,22.0,22.35,20.75,22.2,154600.0
10/23/2013,16:00,22.12,23.39,21.2,22.9,85300.0
10/24/2013,16:00,23.04,23.38,22.84,23.25,145500.0
10/25/2013,16:00,23.34,23.34,22.73,22.95,100500.0
10/28/2013,16:00,23.12,23.87,23.01,23.39,71600.0
10/29/2013,16:00,23.35,23.65,23.14,23.61,68900.0
10/30/2013,16:00,23.59,23.69,22.83,23.01,88200.0
10/31/2013,16:00,22.95,23.64,21.24,21.25,111400.0
11/01/2013,16:00,21.26,21.48,20.63,21.19,68300.0
11/04/2013,16:00,21.36,21.99,20.07,20.49,129800.0
11/05/2013,16:00,20.47,20.95,20.14,20.7,284100.0
11/06/2013,16:00,20.78,21.06,19.58,20.08,373600.0
11/07/2013,16:00,20.2,20.43,19.0,20.28,223900.0
11/08/2013,16:00,20.29,21.77,20.29,20.95,80100.0
11/11/2013,16:00,21.01,21.58,20.23,20.65,34500.0
11/12/2013,16:00,20.58,21.73,19.75,20.49,111000.0
11/13/2013,16:00,20.4,20.71,19.75,20.59,67300.0
11/14/2013,16:00,19.37,21.47,19.37,20.02,141000.0
11/15/2013,16:00,19.89,21.2,18.63,18.94,183700.0
11/18/2013,16:00,18.94,18.94,17.48,17.73,173200.0
11/19/2013,16:00,17.7,18.5,17.33,17.53,400100.0
11/20/2013,16:00,17.64,18.06,17.03,17.54,132600.0
11/21/2013,16:00,17.68,18.17,17.42,17.55,86900.0
11/22/2013,16:00,17.75,18.68,17.57,17.57,67900.0
11/25/2013,16:00,17.6,18.74,17.6,18.34,111700.0
11/26/2013,16:00,18.26,19.66,18.26,19.37,174500.0
11/27/2013,16:00,19.48,20.35,19.16,20.01,86800.0
11/29/2013,16:00,20.2,20.66,19.88,20.42,20200.0
12/02/2013,16:00,20.44,20.83,19.72,20.7,94500.0
12/03/2013,16:00,20.62,22.42,20.56,22.26,153700.0
12/04/2013,16:00,22.26,22.84,21.49,22.14,196100.0
12/05/2013,16:00,22.1,22.5,21.0,21.12,243600.0
12/06/2013,16:00,21.66,22.5,21.09,21.66,86600.0
12/09/2013,16:00,21.65,21.75,21.5,21.72,183000.0
12/10/2013,16:00,21.77,22.65,21.76,22.4,123000.0
12/11/2013,16:00,22.45,23.0,21.63,21.63,129100.0
12/12/2013,16:00,21.79,21.79,20.22,21.02,90700.0
12/13/2013,16:00,21.09,21.25,20.27,20.27,105500.0
12/16/2013,16:00,20.0,21.41,19.68,20.15,296000.0
12/17/2013,16:00,19.55,19.71,18.37,19.48,330800.0
12/18/2013,16:00,19.44,20.59,19.27,20.47,181800.0
12/19/2013,16:00,20.38,20.95,19.46,20.51,154600.0
12/20/2013,16:00,20.65,20.79,19.79,20.73,641200.0
12/23/2013,16:00,20.9,20.9,20.13,20.88,142900.0
12/24/2013,16:00,20.71,21.38,20.71,20.98,57900.0
12/26/2013,16:00,21.31,21.56,21.04,21.42,79300.0
12/27/2013,16:00,21.57,21.57,21.01,21.18,57500.0
12/30/2013,16:00,21.01,21.04,20.29,20.8,137100.0
12/31/2013,16:00,20.82,21.07,20.8,20.98,71900.0
01/02/2014,16:00,20.96,21.46,20.22,20.87,186500.0
01/03/2014,16:00,20.89,21.32,20.84,21.29,63300.0
01/06/2014,16:00,21.45,21.49,21.05,21.32,77200.0
01/07/2014,16:00,21.39,21.55,21.01,21.47,215600.0
01/08/2014,16:00,21.47,21.63,21.24,21.43,126300.0
01/09/2014,16:00,21.5,23.4,21.35,22.03,527100.0
01/10/2014,16:00,22.1,23.29,21.52,21.79,339000.0
01/13/2014,16:00,21.77,21.93,21.52,21.65,200200.0
01/14/2014,16:00,21.82,22.46,21.64,22.05,712900.0
01/15/2014,16:00,22.05,22.82,21.91,22.55,608100.0
01/16/2014,16:00,22.65,24.62,22.61,23.99,567100.0
01/17/2014,16:00,24.26,24.39,23.25,23.7,168100.0
01/21/2014,16:00,23.75,24.45,23.29,24.02,488600.0
01/22/2014,16:00,24.07,25.41,23.78,25.03,170200.0
01/23/2014,16:00,25.02,25.02,22.79,23.21,260500.0
01/24/2014,16:00,23.11,23.58,21.6,21.65,191800.0
01/27/2014,16:00,21.97,22.99,19.65,20.74,279000.0
01/28/2014,16:00,20.88,22.42,20.84,21.73,166200.0
01/29/2014,16:00,21.61,21.61,20.79,20.99,98100.0
01/30/2014,16:00,21.44,22.88,21.26,22.32,162800.0
01/31/2014,16:00,22.19,22.52,21.63,22.17,288400.0
02/03/2014,16:00,22.11,22.44,20.32,20.67,405800.0
02/04/2014,16:00,20.67,21.03,20.28,20.79,155400.0
02/05/2014,16:00,20.84,20.84,19.34,19.59,172600.0
02/06/2014,16:00,19.79,20.51,19.64,20.03,130500.0
02/07/2014,16:00,20.13,20.99,19.7,20.13,642300.0
02/10/2014,16:00,20.36,22.48,20.01,22.06,247800.0
02/11/2014,16:00,22.04,22.85,21.75,22.58,194500.0
02/12/2014,16:00,22.68,22.78,21.83,22.42,147300.0
02/13/2014,16:00,22.2,22.68,21.51,21.98,159200.0
02/14/2014,16:00,21.88,22.12,21.5,21.69,91600.0
02/18/2014,16:00,22.01,22.7,21.68,22.59,138800.0
02/19/2014,16:00,22.6,22.75,22.0,22.05,121600.0
02/20/2014,16:00,22.24,23.72,21.65,23.43,134600.0
02/21/2014,16:00,23.49,23.93,22.85,23.53,149900.0
02/24/2014,16:00,23.66,24.72,23.6,24.25,138200.0
02/25/2014,16:00,24.38,24.95,23.69,24.33,144200.0
02/26/2014,16:00,24.47,26.6,24.26,25.58,285000.0
02/27/2014,16:00,26.43,27.76,25.1,27.41,447700.0
02/28/2014,16:00,27.51,28.08,24.94,25.5,354200.0
03/03/2014,16:00,25.0,25.4,24.07,24.47,209800.0
03/04/2014,16:00,25.0,26.0,25.0,25.33,170100.0
03/05/2014,16:00,25.46,26.0,25.0,25.91,107900.0
03/06/2014,16:00,26.0,26.01,23.98,24.1,324000.0
03/07/2014,16:00,24.21,26.21,23.25,25.95,385500.0
03/10/2014,16:00,25.83,26.39,24.7,26.15,328600.0
03/11/2014,16:00,26.32,27.0,25.91,26.38,251500.0
03/12/2014,16:00,26.0,26.98,26.0,26.93,158700.0
03/13/2014,16:00,27.01,27.3,25.83,26.83,137900.0
03/14/2014,16:00,26.71,27.98,26.63,27.39,116500.0
03/17/2014,16:00,27.62,27.63,26.74,27.2,174600.0
03/18/2014,16:00,27.31,27.73,27.0,27.54,184000.0
03/19/2014,16:00,27.6,27.78,26.58,27.3,144600.0
03/20/2014,16:00,27.15,27.87,26.21,26.83,126300.0
03/21/2014,16:00,26.93,27.99,25.16,25.25,403300.0
03/24/2014,16:00,25.41,25.69,23.26,23.35,302600.0
03/25/2014,16:00,23.55,24.51,23.23,23.87,391600.0
03/26/2014,16:00,24.13,24.45,21.91,21.91,237400.0
03/27/2014,16:00,22.0,23.34,21.08,22.48,213600.0
03/28/2014,16:00,22.45,23.39,21.66,22.32,173700.0
03/31/2014,16:00,22.57,23.94,21.91,22.74,150100.0
04/01/2014,16:00,22.78,23.69,21.95,22.53,131500.0
04/02/2014,16:00,22.6,23.36,22.2,23.11,105300.0
04/03/2014,16:00,23.22,23.22,21.25,21.87,169200.0
04/04/2014,16:00,22.02,22.13,20.0,20.92,252300.0
04/07/2014,16:00,21.07,21.72,20.0,21.5,174000.0
04/08/2014,16:00,21.65,22.35,21.21,21.81,123400.0
04/09/2014,16:00,21.88,22.85,21.88,22.72,104000.0
04/10/2014,16:00,22.58,22.58,20.86,21.52,254700.0
04/11/2014,16:00,21.06,21.84,20.46,20.92,166600.0
04/14/2014,16:00,21.22,21.61,20.31,21.07,153100.0
04/15/2014,16:00,21.15,21.32,18.87,20.26,374700.0
04/16/2014,16:00,20.49,20.99,18.84,19.53,366000.0
04/17/2014,16:00,19.5,20.58,19.0,19.9,101200.0
04/21/2014,16:00,20.12,20.61,19.57,20.48,126100.0
04/22/2014,16:00,20.7,22.94,20.55,21.41,180500.0
04/23/2014,16:00,21.26,21.81,20.06,20.24,142200.0
04/24/2014,16:00,20.5,20.63,19.0,19.95,1469100.0
04/25/2014,16:00,19.71,20.16,19.1,19.44,95800.0
04/28/2014,16:00,19.52,20.44,18.78,19.72,160100.0
04/29/2014,16:00,19.82,20.25,19.53,19.59,118300.0
04/30/2014,16:00,19.54,19.84,18.94,19.8,69900.0
05/01/2014,16:00,19.68,20.24,19.1,19.91,118700.0
05/02/2014,16:00,19.75,19.75,18.87,19.07,83800.0
05/05/2014,16:00,18.89,19.73,18.7,19.34,89100.0
05/06/2014,16:00,19.27,19.51,18.65,18.75,79300.0
05/07/2014,16:00,18.71,18.79,17.91,18.13,186400.0
05/08/2014,16:00,18.18,18.84,17.58,17.69,176100.0
05/09/2014,16:00,17.62,18.33,17.4,18.24,215100.0
05/12/2014,16:00,18.47,19.74,18.3,19.54,137200.0
05/13/2014,16:00,19.02,19.75,19.02,19.42,105600.0
05/14/2014,16:00,19.69,25.09,19.69,24.73,1141100.0
05/15/2014,16:00,24.41,24.56,22.77,24.52,368800.0
05/16/2014,16:00,24.52,25.3,23.89,25.18,272300.0
05/19/2014,16:00,24.93,27.18,24.79,26.73,513200.0
05/20/2014,16:00,26.8,27.65,26.44,27.21,495600.0
05/21/2014,16:00,27.22,27.22,21.83,23.25,1204000.0
05/22/2014,16:00,23.31,24.34,22.5,23.3,303500.0
05/23/2014,16:00,23.16,23.5,22.4,22.54,136100.0
05/27/2014,16:00,22.87,23.47,22.53,22.73,261100.0
05/28/2014,16:00,22.78,23.71,22.5,23.35,189200.0
05/29/2014,16:00,23.51,24.61,23.3,24.44,145300.0
05/30/2014,16:00,24.31,24.42,22.65,23.12,214500.0
06/02/2014,16:00,23.1,23.43,21.81,22.91,185800.0
06/03/2014,16:00,22.75,22.75,22.11,22.32,73500.0
06/04/2014,16:00,22.09,22.68,21.62,22.37,67500.0
06/05/2014,16:00,22.39,22.71,22.15,22.58,83400.0
06/06/2014,16:00,20.01,23.59,20.01,23.25,110300.0
06/09/2014,16:00,23.32,24.49,23.04,24.4,100400.0
06/10/2014,16:00,24.39,25.34,23.74,25.17,128500.0
06/11/2014,16:00,25.06,25.7,24.21,25.16,130500.0
06/12/2014,16:00,24.96,25.74,24.7,25.27,87600.0
06/13/2014,16:00,26.19,26.74,25.25,26.09,459000.0
06/16/2014,16:00,41.5,41.75,33.89,34.46,5526000.0
06/17/2014,16:00,33.21,37.44,32.5,36.47,1263200.0
06/18/2014,16:00,36.98,37.17,35.9,36.66,379500.0
06/19/2014,16:00,36.71,36.94,35.20,36.79,373800.0
06/20/2014,16:00,37.25,40.97,36.65,40.71,1101500.0
06/23/2014,16:00,40.05,41.11,38.52,38.8,509900.0
06/24/2014,16:00,38.75,39.87,38.3,38.57,321800.0
06/25/2014,16:00,38.31,39.97,38.02,39.52,785600.0
06/26/2014,16:00,40.0,41.22,39.02,40.18,393900.0
06/27/2014,16:00,39.88,40.0,38.51,39.41,2134200.0
06/30/2014,16:00,39.19,39.86,38.08,38.57,329600.0
07/01/2014,16:00,39.28,40.31,38.94,39.89,431500.0
07/02/2014,16:00,39.6,40.16,38.06,38.84,237300.0
07/03/2014,16:00,39.0,40.0,38.0,39.95,244400.0
07/07/2014,16:00,39.94,39.94,37.35,37.62,214400.0
07/08/2014,16:00,36.56,36.89,33.80,34.34,663300.0
07/09/2014,16:00,35.55,35.55,33.55,33.94,1967200.0
07/10/2014,16:00,33.39,33.96,32.6,33.72,809100.0
07/11/2014,16:00,33.23,34.36,33.23,34.05,673300.0
07/14/2014,16:00,34.41,34.69,34.0,34.19,402800.0
07/15/2014,16:00,34.41,34.68,32.5,32.73,489500.0
07/16/2014,16:00,32.83,33.44,30.33,30.47,717000.0
07/17/2014,16:00,30.44,32.38,30.44,30.76,878900.0
07/18/2014,16:00,30.68,34.0,30.5,33.91,1038200.0
07/21/2014,16:00,33.5,34.28,32.5,33.95,410500.0
07/22/2014,16:00,34.0,34.97,33.61,34.42,300800.0
07/23/2014,16:00,34.89,35.18,33.83,33.99,398100.0
07/24/2014,16:00,34.13,34.33,33.28,33.98,336200.0
07/25/2014,16:00,33.52,33.72,32.78,33.39,292300.0
07/28/2014,16:00,33.38,33.38,32.09,32.93,180300.0
07/29/2014,16:00,33.08,34.34,32.60,33.87,287700.0
07/30/2014,16:00,34.37,35.28,33.71,34.4,335300.0
07/31/2014,16:00,33.84,34.46,32.75,33.4,599500.0
08/01/2014,16:00,33.34,34.47,32.95,34.38,386000.0
08/04/2014,16:00,34.4,34.98,33.13,33.67,383700.0
08/05/2014,16:00,33.47,34.51,33.29,33.98,387000.0
08/06/2014,16:00,33.75,36.13,33.75,35.39,488900.0
08/07/2014,16:00,35.5,35.65,33.5,33.97,303200.0
08/08/2014,16:00,33.96,34.37,33.34,34.24,344900.0
08/11/2014,16:00,34.48,34.99,33.93,34.5,177500.0
08/12/2014,16:00,34.4,34.99,33.15,33.55,277200.0
08/13/2014,16:00,33.63,35.88,33.2,34.94,332100.0
08/14/2014,16:00,34.9,35.26,34.55,35.11,281800.0
08/15/2014,16:00,35.52,36.98,34.94,36.4,425400.0
08/18/2014,16:00,36.74,38.41,36.52,37.25,512800.0
08/19/2014,16:00,37.32,37.77,36.76,37.11,221600.0
08/20/2014,16:00,36.97,37.46,36.5,36.89,199200.0
08/21/2014,16:00,36.93,37.12,34.8,35.51,266600.0
08/22/2014,16:00,35.45,35.86,34.85,35.58,115800.0
08/25/2014,16:00,36.0,37.68,35.6,36.72,274300.0
08/26/2014,16:00,36.75,37.33,36.40,36.97,275300.0
08/27/2014,16:00,37.06,38.99,36.42,37.64,449800.0
08/28/2014,16:00,37.24,38.87,36.92,36.98,222400.0
08/29/2014,16:00,37.02,40.06,37.02,40.01,526300.0
09/02/2014,16:00,40.16,40.26,36.83,38.54,498200.0
09/03/2014,16:00,38.57,39.23,37.47,38.03,223200.0
09/04/2014,16:00,38.2,38.89,37.69,37.86,194700.0
09/05/2014,16:00,38.34,39.22,37.85,38.44,228900.0
09/08/2014,16:00,38.5,38.87,36.55,37.69,705400.0
09/09/2014,16:00,37.74,38.28,36.65,36.9,270900.0
09/10/2014,16:00,36.78,37.84,36.78,37.84,171700.0
09/11/2014,16:00,37.11,37.26,35.65,36.5,509900.0
09/12/2014,16:00,36.48,37.14,36.09,36.9,288700.0
09/15/2014,16:00,36.78,37.02,33.61,34.32,371400.0
09/16/2014,16:00,34.25,36.25,33.81,35.46,287900.0
09/17/2014,16:00,35.36,35.98,34.97,35.37,238500.0
09/18/2014,16:00,35.4,36.25,34.83,36.0,216900.0
09/19/2014,16:00,36.15,36.83,35.52,36.63,1195500.0
09/22/2014,16:00,36.7,37.1,35.83,36.49,246300.0
09/23/2014,16:00,36.45,36.66,35.64,35.92,411900.0
09/24/2014,16:00,36.13,37.09,35.73,36.26,344239.0
09/25/2014,16:00,36.0,36.39,34.63,35.6,228699.0
09/26/2014,16:00,35.77,37.07,34.91,36.75,340305.0
09/29/2014,16:00,36.08,37.28,36.0,36.9,197675.0
09/30/2014,16:00,37.02,37.19,35.73,35.88,269184.0
10/01/2014,16:00,35.84,36.57,33.82,34.66,347797.0
10/02/2014,16:00,34.52,35.34,33.65,34.78,278149.0
10/03/2014,16:00,35.18,36.29,34.48,35.73,169481.0
10/06/2014,16:00,35.73,36.48,34.5,34.99,202475.0
10/07/2014,16:00,34.7,35.77,33.84,34.42,196705.0
10/08/2014,16:00,34.35,35.45,33.0,35.29,310850.0
10/09/2014,16:00,35.27,35.74,33.71,34.02,332039.0
10/10/2014,16:00,33.74,34.45,32.03,32.12,369666.0
10/13/2014,16:00,32.23,32.78,29.87,30.69,462991.0
10/14/2014,16:00,31.0,32.15,30.30,31.13,270982.0
10/15/2014,16:00,30.44,32.97,29.73,32.83,267287.0
10/16/2014,16:00,32.17,34.87,32.17,34.82,383143.0
10/17/2014,16:00,35.17,36.28,33.99,36.0,379291.0
10/20/2014,16:00,35.73,37.1,35.52,36.82,326399.0
10/21/2014,16:00,37.3,37.99,35.99,37.36,283559.0
10/22/2014,16:00,37.5,37.84,36.65,37.23,159203.0
10/23/2014,16:00,37.87,39.7,36.86,39.33,613145.0
10/24/2014,16:00,39.22,41.93,38.79,41.0,810514.0
10/27/2014,16:00,40.74,40.8,38.94,39.95,666400.0
10/28/2014,16:00,40.24,41.25,39.0,41.02,837479.0
10/29/2014,16:00,40.92,40.98,39.27,39.67,400054.0
10/30/2014,16:00,39.57,42.19,39.19,41.29,590140.0
10/31/2014,16:00,42.25,42.95,41.25,41.99,619933.0
11/03/2014,16:00,41.9,42.18,41.01,41.61,1151838.0
11/04/2014,16:00,41.61,42.83,41.27,41.89,309025.0
11/05/2014,16:00,42.38,42.38,38.07,39.01,610910.0
11/06/2014,16:00,38.75,41.78,35.0,41.7,1157347.0
11/07/2014,16:00,41.47,41.52,39.9,41.03,242149.0
11/10/2014,16:00,41.63,43.27,40.57,42.5,600001.0
11/11/2014,16:00,42.5,42.7,41.4,41.77,416465.0
11/12/2014,16:00,41.82,42.48,40.68,41.02,424795.0
11/13/2014,16:00,40.85,42.15,40.12,41.23,326163.0
11/14/2014,16:00,41.19,41.60,38.6,39.14,366983.0
11/17/2014,16:00,39.13,40.22,38.75,39.83,201963.0
11/18/2014,16:00,39.97,41.65,39.7,41.4,170643.0
11/19/2014,16:00,41.46,42.09,40.67,41.85,373957.0
11/20/2014,16:00,41.55,43.23,41.01,42.46,307836.0
11/21/2014,16:00,42.96,43.15,40.77,41.31,530312.0
11/24/2014,16:00,41.62,43.85,41.56,42.69,612670.0
11/25/2014,16:00,43.0,43.05,40.85,41.97,422648.0
11/26/2014,16:00,41.82,42.27,41.69,41.99,186329.0
11/28/2014,16:00,42.49,42.99,41.09,41.23,147253.0
12/01/2014,16:00,40.89,41.44,39.02,39.49,358228.0
12/02/2014,16:00,39.91,41.55,39.91,41.16,237250.0
12/03/2014,16:00,41.25,42.74,40.96,42.7,386857.0
12/04/2014,16:00,42.61,43.46,41.72,42.11,282443.0
12/05/2014,16:00,42.15,45.05,42.15,44.71,602242.0
12/08/2014,16:00,45.81,49.83,45.24,48.89,1320959.0
12/09/2014,16:00,77.09,85.48,73.25,84.28,8209814.0
12/10/2014,16:00,82.02,88.63,81.02,82.71,2882647.0
12/11/2014,16:00,84.47,87.61,83.0,86.12,1481090.0
12/12/2014,16:00,84.5,92.0,84.5,91.28,1776371.0
12/15/2014,16:00,93.96,94.48,83.18,86.2,1813507.0
12/16/2014,16:00,86.05,88.17,84.27,85.87,2429707.0
12/17/2014,16:00,85.96,89.27,84.98,87.89,889154.0
12/18/2014,16:00,88.04,93.45,87.12,90.98,1065789.0
12/19/2014,16:00,90.76,92.04,89.13,92.0,1263761.0
12/22/2014,16:00,91.53,93.0,88.55,89.9,635928.0
12/23/2014,16:00,89.41,89.41,81.15,85.53,1521922.0
12/24/2014,16:00,86.53,90.87,85.54,88.76,417541.0
12/26/2014,16:00,88.22,91.03,88.0,89.99,349368.0
12/29/2014,16:00,91.71,93.66,89.12,93.66,631761.0
12/30/2014,16:00,93.04,94.95,90.9,92.8,503495.0
12/31/2014,16:00,93.13,94.6,91.29,91.72,526344.0
01/02/2015,16:00,92.83,93.49,87.21,91.26,615673.0
01/05/2015,16:00,90.41,95.37,88.7,92.05,902589.0
01/06/2015,16:00,92.97,99.87,91.45,95.24,1270541.0
01/07/2015,16:00,97.54,99.15,96.09,96.86,771779.0
01/08/2015,16:00,97.9,98.67,93.13,97.92,731752.0
01/09/2015,16:00,97.77,103.83,96.12,103.63,1373250.0
01/12/2015,16:00,104.15,106.08,99.01,101.95,784834.0
01/13/2015,16:00,103.17,103.33,98.04,100.24,953492.0
01/14/2015,16:00,98.17,106.23,98.17,105.0,1170476.0
01/15/2015,16:00,102.75,104.49,93.05,94.29,1302660.0
01/16/2015,16:00,93.95,98.98,93.83,98.8,609524.0
01/20/2015,16:00,99.37,101.0,90.77,95.13,1037119.0
01/21/2015,16:00,95.06,97.89,91.16,92.34,905932.0
01/22/2015,16:00,94.93,95.95,90.36,95.89,737915.0
01/23/2015,16:00,95.22,96.64,91.54,95.92,496652.0
01/26/2015,16:00,92.34,97.88,92.02,97.78,479797.0
01/27/2015,16:00,95.99,100.11,94.01,97.36,611382.0
01/28/2015,16:00,97.71,99.0,94.8,94.82,463348.0
01/29/2015,16:00,95.82,98.74,93.04,98.46,539033.0
01/30/2015,16:00,97.27,97.67,91.02,92.91,1054423.0
02/02/2015,16:00,98.49,98.97,89.33,91.7,1423414.0
02/03/2015,16:00,90.31,92.8,83.1,87.52,1543985.0
02/04/2015,16:00,85.01,89.3,83.0,86.56,824433.0
02/05/2015,16:00,87.24,88.98,84.9,87.98,502569.0
02/06/2015,16:00,87.13,88.79,84.58,86.13,497443.0
02/09/2015,16:00,85.33,86.66,84.14,84.44,376717.0
02/10/2015,16:00,84.94,89.66,84.6,87.99,625368.0
02/11/2015,16:00,88.23,92.76,86.86,87.84,682774.0
02/12/2015,16:00,88.76,89.88,86.53,89.77,532824.0
02/13/2015,16:00,89.53,90.99,87.02,90.7,388042.0
02/17/2015,16:00,90.96,92.12,89.54,90.34,420064.0
02/18/2015,16:00,89.86,92.56,88.17,91.89,284138.0
02/19/2015,16:00,91.7,94.56,91.7,92.46,416822.0
02/20/2015,16:00,92.44,93.83,92.02,93.32,428991.0
02/23/2015,16:00,94.16,96.5,93.33,94.73,730915.0
02/24/2015,16:00,95.0,95.37,92.03,93.8,331975.0
02/25/2015,16:00,93.37,96.5,92.53,96.3,552280.0
02/26/2015,16:00,95.89,96.5,92.22,96.22,510271.0
02/27/2015,16:00,95.66,97.0,94.43,95.32,395310.0
03/02/2015,16:00,95.0,97.69,93.90,97.4,447720.0
03/03/2015,16:00,97.49,99.46,96.26,98.93,589967.0
03/04/2015,16:00,98.1,101.41,96.7,100.05,560728.0
03/05/2015,16:00,101.5,112.53,101.5,112.23,1677274.0
03/06/2015,16:00,111.21,115.0,108.36,113.14,948639.0
03/09/2015,16:00,114.54,114.75,110.02,114.54,498136.0
03/10/2015,16:00,112.48,119.7,109.1,117.12,1122425.0
03/11/2015,16:00,117.97,122.7,115.2,118.22,1056813.0
03/12/2015,16:00,119.1,120.0,116.12,119.59,532153.0
03/13/2015,16:00,119.81,121.95,117.84,119.93,691346.0
03/16/2015,16:00,120.2,124.22,118.98,123.54,701001.0
03/17/2015,16:00,122.88,123.18,116.84,121.89,672241.0
03/18/2015,16:00,121.0,122.89,118.65,120.46,640482.0
03/19/2015,16:00,121.65,128.88,120.6,126.4,774230.0
03/20/2015,16:00,127.43,128.16,120.14,124.76,1348883.0
03/23/2015,16:00,124.54,124.54,116.72,119.99,1135486.0
03/24/2015,16:00,119.78,123.61,117.68,121.18,750935.0
03/25/2015,16:00,122.47,122.47,110.0,110.42,1465657.0
03/26/2015,16:00,108.57,113.98,106.44,111.68,873664.0
03/27/2015,16:00,112.02,115.32,111.25,114.41,381619.0
03/30/2015,16:00,117.01,123.99,117.01,123.89,766194.0
03/31/2015,16:00,122.65,124.99,119.9,120.77,470727.0
04/01/2015,16:00,120.91,121.03,116.0,120.51,639954.0
04/02/2015,16:00,119.99,120.55,116.53,118.49,312449.0
04/06/2015,16:00,118.09,121.98,117.1,120.03,396542.0
04/07/2015,16:00,120.11,125.21,119.57,120.5,360239.0
04/08/2015,16:00,120.66,128.46,120.66,125.67,469401.0
04/09/2015,16:00,125.11,127.0,121.7,124.85,298708.0
04/10/2015,16:00,125.04,127.0,124.03,126.34,246090.0
04/13/2015,16:00,126.86,130.24,125.81,128.62,393529.0
04/14/2015,16:00,128.48,132.32,128.31,130.1,665937.0
04/15/2015,16:00,131.14,135.60,129.67,132.35,764131.0
04/16/2015,16:00,132.18,134.86,130.49,133.93,285909.0
04/17/2015,16:00,135.0,135.0,130.5,132.51,350666.0
04/20/2015,16:00,131.0,132.26,123.14,131.67,926464.0
04/21/2015,16:00,132.48,136.4,132.05,135.27,411138.0
04/22/2015,16:00,138.16,141.48,136.17,136.49,608176.0
04/23/2015,16:00,137.25,140.45,137.02,140.08,612475.0
04/24/2015,16:00,140.08,140.92,136.0,136.26,439144.0
04/27/2015,16:00,131.33,137.27,129.48,132.12,1415994.0
04/28/2015,16:00,132.67,137.95,126.65,132.78,1078648.0
04/29/2015,16:00,135.49,139.95,132.34,132.57,717957.0
04/30/2015,16:00,132.37,136.94,129.31,133.19,900075.0
05/01/2015,16:00,133.34,139.1,133.02,138.94,635357.0
05/04/2015,16:00,132.27,137.99,128.22,136.98,1003791.0
05/05/2015,16:00,137.11,137.12,130.9,133.06,698306.0
05/06/2015,16:00,137.55,139.63,136.17,139.62,630531.0
05/07/2015,16:00,142.85,153.21,142.85,152.42,1673029.0
05/08/2015,16:00,155.0,168.05,155.0,163.72,1607184.0
05/11/2015,16:00,164.41,167.89,160.41,165.45,666497.0
05/12/2015,16:00,164.0,169.87,161.12,166.21,703773.0
05/13/2015,16:00,166.49,169.24,156.75,160.34,942988.0
05/14/2015,16:00,160.6,162.0,154.5,157.4,595751.0
05/15/2015,16:00,157.96,159.58,151.14,154.42,702898.0
05/18/2015,16:00,154.5,158.83,150.92,156.4,679065.0
05/19/2015,16:00,162.0,170.69,161.91,170.53,1423258.0
05/20/2015,16:00,173.89,174.85,164.64,165.71,1200551.0
05/21/2015,16:00,186.33,186.36,170.95,172.94,1898426.0
05/22/2015,16:00,173.0,179.48,166.0,178.38,994970.0
05/26/2015,16:00,178.48,189.06,177.06,183.69,1138606.0
05/27/2015,16:00,185.89,190.45,182.61,189.69,812332.0
05/28/2015,16:00,190.25,194.57,186.13,192.52,763465.0
05/29/2015,16:00,191.11,197.35,189.49,194.25,809747.0
06/01/2015,16:00,195.43,195.97,186.66,190.98,725560.0
06/02/2015,16:00,190.98,191.71,187.0,188.47,623037.0
06/03/2015,16:00,188.77,189.72,182.5,184.77,777925.0
06/04/2015,16:00,180.13,185.5,175.35,184.98,1017724.0
06/05/2015,16:00,185.13,191.55,184.01,189.63,607246.0
06/08/2015,16:00,189.32,190.74,185.25,188.61,468089.0
06/09/2015,16:00,189.05,189.05,181.06,186.63,675527.0
06/10/2015,16:00,180.93,185.29,178.02,182.28,1008639.0
06/11/2015,16:00,182.73,188.71,177.76,186.18,794775.0
06/12/2015,16:00,185.74,186.18,180.2,180.81,672899.0
06/15/2015,16:00,186.25,187.0,175.2,179.3,1933810.0
06/16/2015,16:00,179.0,180.87,170.33,170.64,1313604.0
06/17/2015,16:00,173.78,176.49,168.08,171.07,1146765.0
06/18/2015,16:00,171.23,175.4,170.45,171.98,806263.0
06/19/2015,16:00,172.0,172.99,169.62,170.14,1356139.0
06/22/2015,16:00,172.27,181.48,168.61,177.75,1188912.0
06/23/2015,16:00,178.14,178.99,172.53,174.31,651314.0
06/24/2015,16:00,171.03,175.0,169.01,170.1,2673277.0
06/25/2015,16:00,171.26,171.8,165.5,168.93,1371667.0
06/26/2015,16:00,169.8,170.15,163.96,165.67,3915685.0
06/29/2015,16:00,160.01,166.37,159.04,159.27,876953.0
06/30/2015,16:00,161.68,169.0,161.5,168.37,1190121.0
07/01/2015,16:00,169.95,170.69,162.41,163.07,841552.0
07/02/2015,16:00,164.0,164.98,160.54,163.21,828420.0
07/06/2015,16:00,161.64,164.67,159.36,163.22,1147686.0
07/07/2015,16:00,163.95,163.99,156.25,159.6,729694.0
07/08/2015,16:00,158.45,161.0,154.04,154.63,638230.0
07/09/2015,16:00,157.95,161.0,156.52,158.43,559617.0
07/10/2015,16:00,162.68,162.68,156.87,159.03,480213.0
07/13/2015,16:00,161.5,168.58,161.37,163.9,785017.0
07/14/2015,16:00,163.61,168.5,163.10,166.17,500041.0
07/15/2015,16:00,168.88,171.24,165.22,167.81,1028148.0
07/16/2015,16:00,170.66,170.99,164.0,166.59,623315.0
07/17/2015,16:00,166.16,166.31,162.2,164.19,571268.0
07/20/2015,16:00,164.33,166.0,161.64,165.33,435155.0
07/21/2015,16:00,165.41,165.5,157.08,160.63,496150.0
07/22/2015,16:00,158.36,162.78,158.0,162.0,397610.0
07/23/2015,16:00,162.11,165.67,161.32,163.54,541976.0
07/24/2015,16:00,162.01,165.0,158.7,158.91,556576.0
07/27/2015,16:00,157.79,160.98,154.12,159.49,423516.0
07/28/2015,16:00,159.75,161.12,154.39,160.32,665378.0
07/29/2015,16:00,160.64,160.66,155.31,159.02,445086.0
07/30/2015,16:00,159.0,160.0,153.63,159.17,384318.0
07/31/2015,16:00,159.58,168.19,156.03,165.83,678483.0
08/03/2015,16:00,165.71,167.49,162.32,164.6,480125.0
08/04/2015,16:00,165.65,166.42,162.21,164.47,326548.0
08/05/2015,16:00,164.4,169.16,162.78,166.51,468907.0
08/06/2015,16:00,167.0,168.03,154.75,156.83,573692.0
08/07/2015,16:00,154.75,157.5,129.01,154.84,3881290.0
08/10/2015,16:00,153.4,153.98,136.01,139.23,2167510.0
08/11/2015,16:00,136.02,143.3,132.01,135.89,980369.0
08/12/2015,16:00,133.03,140.0,124.73,134.86,1701983.0
08/13/2015,16:00,135.36,139.12,130.77,131.91,449140.0
08/14/2015,16:00,131.9,132.99,123.1,127.82,833371.0
08/17/2015,16:00,127.48,133.37,124.51,131.69,728843.0
08/18/2015,16:00,130.01,134.0,128.81,129.61,482612.0
08/19/2015,16:00,128.41,130.49,122.51,127.01,738607.0
08/20/2015,16:00,126.35,131.47,121.11,121.25,917492.0
08/21/2015,16:00,118.85,128.71,117.56,123.79,990253.0
08/24/2015,16:00,115.96,126.24,113.5,120.01,1185044.0
08/25/2015,16:00,125.73,127.98,122.36,125.07,868719.0
08/26/2015,16:00,129.9,130.0,121.81,129.67,829702.0
08/27/2015,16:00,130.83,134.98,129.51,133.36,723829.0
08/28/2015,16:00,133.26,138.67,131.63,137.47,584778.0
08/31/2015,16:00,136.17,138.94,132.07,133.07,759247.0
09/01/2015,16:00,127.95,133.63,125.0,128.86,601226.0
09/02/2015,16:00,130.61,132.94,127.51,131.8,473299.0
09/03/2015,16:00,132.64,135.9,126.73,128.08,492508.0
09/04/2015,16:00,126.35,133.87,125.72,129.32,416587.0
09/08/2015,16:00,132.54,138.82,130.01,138.1,1323457.0
09/09/2015,16:00,138.74,138.98,130.01,130.31,605777.0
09/10/2015,16:00,130.33,133.36,127.72,130.91,471437.0
09/11/2015,16:00,129.54,133.44,127.55,132.79,426483.0
09/14/2015,16:00,133.35,133.77,129.82,130.11,333765.0
09/15/2015,16:00,130.67,134.65,128.7,132.51,397942.0
09/16/2015,16:00,132.15,133.95,129.06,132.73,389978.0
09/17/2015,16:00,131.7,140.68,130.61,138.08,555082.0
09/18/2015,16:00,136.95,142.0,136.17,141.14,1036534.0
09/21/2015,16:00,142.5,143.08,123.0,127.44,1598711.0
09/22/2015,16:00,125.17,127.03,117.51,119.84,1038845.0
09/23/2015,16:00,120.3,120.5,112.0,113.37,1170018.0
09/24/2015,16:00,112.99,112.99,104.48,111.02,1082462.0
09/25/2015,16:00,112.28,113.26,96.28,100.21,1831139.0
09/28/2015,16:00,99.97,101.81,85.27,86.93,2580998.0
09/29/2015,16:00,87.44,94.73,84.0,86.94,1686151.0
09/30/2015,16:00,89.45,92.45,82.05,85.55,1830607.0
10/01/2015,16:00,85.55,89.93,83.0,89.63,1765591.0
10/02/2015,16:00,86.1,95.31,85.45,94.07,1545632.0
10/05/2015,16:00,100.9,106.95,95.58,98.54,2229408.0
10/06/2015,16:00,97.65,98.44,88.07,94.8,1195087.0
10/07/2015,16:00,94.33,96.65,90.26,94.3,1130952.0
10/08/2015,16:00,93.67,94.2,86.62,88.5,1271516.0
10/09/2015,16:00,88.57,90.5,85.55,88.8,1060156.0
10/12/2015,16:00,89.66,90.44,86.02,87.14,799991.0
10/13/2015,16:00,86.68,88.56,80.96,81.08,1199264.0
10/14/2015,16:00,83.0,84.98,78.92,80.96,1333879.0
10/15/2015,16:00,80.06,86.5,78.51,85.83,1700833.0
10/16/2015,16:00,85.61,89.98,83.26,85.57,1362659.0
10/19/2015,16:00,85.24,91.91,70.57,81.83,6721078.0
10/20/2015,16:00,83.59,86.83,80.22,80.63,1337622.0
10/21/2015,16:00,81.71,82.94,77.0,80.78,1415782.0
10/22/2015,16:00,80.5,83.0,75.75,76.37,1284802.0
10/23/2015,16:00,77.52,83.59,77.52,83.1,1647568.0
10/26/2015,16:00,82.11,85.59,81.86,83.31,957860.0
10/27/2015,16:00,83.26,85.86,82.54,85.62,953554.0
10/28/2015,16:00,85.51,85.93,81.3,85.72,887909.0
10/29/2015,16:00,85.75,87.89,78.83,79.09,1467081.0
10/30/2015,16:00,80.0,80.3,76.4,77.13,1109244.0
11/02/2015,16:00,77.59,85.98,77.11,84.38,1369055.0
11/03/2015,16:00,84.36,95.46,83.26,93.64,1887628.0
11/04/2015,16:00,96.01,99.7,88.7,90.15,1215939.0
11/05/2015,16:00,76.53,77.25,66.51,70.36,8250510.0
11/06/2015,16:00,72.47,76.42,69.28,73.64,2790394.0
11/09/2015,16:00,72.99,77.0,72.6,76.09,1448078.0
11/10/2015,16:00,75.19,75.98,72.61,75.23,989895.0
11/11/2015,16:00,75.86,76.0,73.5,74.3,925322.0
11/12/2015,16:00,73.85,75.0,71.57,72.29,974272.0
11/13/2015,16:00,72.18,73.45,70.0,71.39,605075.0
11/16/2015,16:00,70.93,74.74,70.20,74.45,847625.0
11/17/2015,16:00,75.3,84.56,74.72,79.61,1825816.0
11/18/2015,16:00,85.24,87.57,82.43,84.59,1937045.0
11/19/2015,16:00,84.47,85.13,79.15,79.73,973706.0
11/20/2015,16:00,79.72,82.65,79.12,80.65,1200933.0
11/23/2015,16:00,80.9,84.91,80.02,84.68,903625.0
11/24/2015,16:00,83.95,86.17,82.6,85.21,815310.0
11/25/2015,16:00,85.0,90.75,85.0,89.47,836173.0
11/27/2015,16:00,90.11,95.28,89.67,92.6,569767.0
11/30/2015,16:00,93.65,94.61,86.23,88.75,1194844.0
12/01/2015,16:00,90.01,90.01,79.8,80.34,3013904.0
12/02/2015,16:00,81.05,85.0,81.0,81.01,1508035.0
12/03/2015,16:00,82.75,83.26,77.54,78.61,1370170.0
12/04/2015,16:00,80.0,83.94,77.59,83.66,1281449.0
12/07/2015,16:00,59.06,63.89,51.72,52.25,10074025.0
12/08/2015,16:00,51.5,55.48,48.85,55.24,5203501.0
12/09/2015,16:00,54.69,58.0,54.27,56.53,2433632.0
12/10/2015,16:00,57.49,61.83,57.18,61.75,2713018.0
12/11/2015,16:00,60.45,61.72,58.02,59.52,1760739.0
12/14/2015,16:00,59.31,61.28,57.05,58.12,1698057.0
12/15/2015,16:00,58.51,60.29,55.61,59.97,1553443.0
12/16/2015,16:00,60.13,60.92,57.61,60.44,865922.0
12/17/2015,16:00,60.83,64.75,60.56,62.0,1445933.0
12/18/2015,16:00,61.53,63.93,60.75,61.45,2011473.0
12/21/2015,16:00,61.26,65.0,60.0,64.57,1039834.0
12/22/2015,16:00,64.85,65.96,63.1,64.12,1477844.0
12/23/2015,16:00,64.36,65.98,63.6,65.18,555438.0
12/24/2015,16:00,64.7,67.1,64.66,66.18,591788.0
12/28/2015,16:00,65.8,67.15,64.68,65.66,701288.0
12/29/2015,16:00,66.34,66.78,64.97,66.17,594007.0
12/30/2015,16:00,66.15,66.52,63.64,64.76,694480.0
12/31/2015,16:00,64.59,66.56,64.02,64.22,861402.0
01/04/2016,16:00,62.82,64.28,61.76,63.47,1039813.0
01/05/2016,16:00,63.54,65.0,61.67,61.76,848367.0
01/06/2016,16:00,61.41,61.59,57.16,58.23,972088.0
01/07/2016,16:00,57.33,57.48,53.31,54.1,1200584.0
01/08/2016,16:00,55.05,58.69,54.87,55.44,995515.0
01/11/2016,16:00,55.49,56.0,43.51,44.64,3349608.0
01/12/2016,16:00,45.95,51.89,45.86,49.81,2269860.0
01/13/2016,16:00,50.38,51.88,45.78,46.17,1401952.0
01/14/2016,16:00,46.65,48.59,42.16,46.57,1675397.0
01/15/2016,16:00,44.5,46.33,42.57,44.64,1252445.0
01/19/2016,16:00,45.34,45.99,40.48,41.84,1400896.0
01/20/2016,16:00,40.45,45.49,37.4,44.22,1798991.0
01/21/2016,16:00,43.84,47.0,42.04,42.96,1265617.0
01/22/2016,16:00,44.09,46.20,42.52,45.03,1593773.0
01/25/2016,16:00,44.55,46.49,43.86,44.14,826807.0
01/26/2016,16:00,44.45,45.98,41.9,45.24,1315548.0
01/27/2016,16:00,45.23,46.13,41.86,42.53,1118502.0
01/28/2016,16:00,42.22,43.33,39.23,39.66,987145.0
01/29/2016,16:00,39.66,42.46,39.10,41.36,1154674.0
02/01/2016,16:00,41.37,46.40,40.29,45.75,1693983.0
02/02/2016,16:00,44.78,45.04,41.67,42.37,1552994.0
02/03/2016,16:00,42.83,45.7,41.53,45.3,2160381.0
02/04/2016,16:00,44.55,50.9,44.14,49.28,1925146.0
02/05/2016,16:00,49.15,49.39,46.68,47.73,1567207.0
02/08/2016,16:00,46.84,47.92,44.3,45.63,1595036.0
02/09/2016,16:00,44.27,49.5,44.2,45.79,2001445.0
02/10/2016,16:00,46.64,48.65,44.81,45.99,1256303.0
02/11/2016,16:00,44.79,45.96,42.03,43.32,1375613.0
02/12/2016,16:00,43.83,45.38,42.18,44.55,1577047.0
02/16/2016,16:00,45.53,50.85,45.01,50.13,1636898.0
02/17/2016,16:00,51.0,55.94,50.01,54.24,1871011.0
02/18/2016,16:00,54.42,54.85,51.06,52.1,1073263.0
02/19/2016,16:00,51.71,52.98,49.46,52.05,1143283.0
02/22/2016,16:00,52.59,54.94,52.57,53.16,917466.0
02/23/2016,16:00,52.98,54.81,51.28,51.46,910743.0
02/24/2016,16:00,50.7,52.74,47.13,52.37,1262034.0
02/25/2016,16:00,51.03,52.45,47.05,48.15,1430200.0
02/26/2016,16:00,48.51,49.96,47.4,49.73,1267147.0
02/29/2016,16:00,49.23,50.34,45.76,46.22,1102976.0
03/01/2016,16:00,46.92,50.99,45.71,50.51,1888233.0
03/02/2016,16:00,50.26,54.28,49.55,53.86,1913122.0
03/03/2016,16:00,53.82,56.49,52.61,53.87,1213755.0
03/04/2016,16:00,54.83,59.29,53.64,54.5,1879219.0
03/07/2016,16:00,54.69,57.19,53.4,55.12,1169287.0
03/08/2016,16:00,55.06,55.35,48.5,49.0,1505812.0
03/09/2016,16:00,49.6,50.01,44.88,45.41,1683791.0
03/10/2016,16:00,45.9,48.47,44.08,44.94,1327107.0
03/11/2016,16:00,45.77,48.45,44.61,48.22,1460249.0
03/14/2016,16:00,48.22,48.9,46.67,48.3,861872.0
03/15/2016,16:00,47.46,48.1,43.1,43.87,1368557.0
03/16/2016,16:00,43.37,44.92,43.0,44.56,918788.0
03/17/2016,16:00,44.49,46.07,42.8,45.46,1204346.0
03/18/2016,16:00,45.19,46.21,43.53,44.64,1672494.0
03/21/2016,16:00,43.95,45.06,43.01,44.02,1686833.0
03/22/2016,16:00,44.08,46.94,43.47,46.11,1825190.0
03/23/2016,16:00,46.5,46.96,40.95,40.96,1823696.0
03/24/2016,16:00,40.8,41.44,38.17,39.39,2635939.0
03/28/2016,16:00,39.8,40.28,38.35,39.78,1159657.0
03/29/2016,16:00,39.48,40.23,38.12,39.99,1372173.0
03/30/2016,16:00,40.39,41.42,39.5,40.0,1035420.0
03/31/2016,16:00,40.4,43.07,40.03,42.5,1289069.0
04/01/2016,16:00,41.98,43.92,40.75,43.46,1031078.0
04/04/2016,16:00,43.7,47.21,42.92,45.54,1403670.0
04/05/2016,16:00,44.87,46.96,44.02,45.66,834347.0
04/06/2016,16:00,46.02,51.69,46.02,51.57,1795506.0
04/07/2016,16:00,50.96,53.38,50.2,50.51,1399051.0
04/08/2016,16:00,51.52,52.92,49.6,50.82,1177364.0
04/11/2016,16:00,51.51,51.76,47.26,47.44,935096.0
04/12/2016,16:00,47.58,48.45,46.64,47.66,999058.0
04/13/2016,16:00,48.21,50.98,47.39,50.73,1181253.0
04/14/2016,16:00,50.51,51.72,49.67,49.92,574347.0
04/15/2016,16:00,50.11,51.16,49.09,50.38,594525.0
04/18/2016,16:00,50.0,52.1,49.6,50.82,824239.0
04/19/2016,16:00,51.13,51.45,47.61,47.72,1153632.0
04/20/2016,16:00,49.79,49.96,43.07,44.31,3057473.0
04/21/2016,16:00,44.36,47.61,44.16,47.56,1186032.0
04/22/2016,16:00,47.7,50.37,47.44,50.32,1246655.0
04/25/2016,16:00,49.75,50.3,47.0,47.12,750126.0
04/26/2016,16:00,47.01,47.48,45.63,45.75,688768.0
04/27/2016,16:00,45.27,47.06,45.05,46.31,699668.0
04/28/2016,16:00,45.95,46.97,44.7,45.09,934463.0
04/29/2016,16:00,44.8,45.26,44.0,44.35,796316.0
05/02/2016,16:00,44.87,45.95,43.65,45.87,783867.0
05/03/2016,16:00,44.95,45.68,42.59,42.69,748248.0
05/04/2016,16:00,42.31,42.94,40.5,40.73,875377.0
05/05/2016,16:00,40.55,41.50,38.16,38.7,1128721.0
05/06/2016,16:00,38.26,39.22,36.94,38.52,904573.0
05/09/2016,16:00,38.5,41.46,38.46,41.05,875467.0
05/10/2016,16:00,41.46,41.76,39.51,40.8,671569.0
05/11/2016,16:00,40.69,41.11,38.45,38.62,621491.0
05/12/2016,16:00,38.85,38.90,35.37,36.2,1232850.0
05/13/2016,16:00,36.2,38.59,35.75,38.46,859489.0
05/16/2016,16:00,38.73,39.38,37.89,38.73,970937.0
05/17/2016,16:00,38.32,40.41,37.95,38.91,690060.0
05/18/2016,16:00,38.65,40.12,37.96,39.39,549621.0
05/19/2016,16:00,39.16,40.43,38.18,38.83,562322.0
05/20/2016,16:00,38.93,40.85,38.73,40.6,587466.0
05/23/2016,16:00,40.74,42.48,40.07,42.39,654712.0
05/24/2016,16:00,42.91,43.40,41.55,42.26,669692.0
05/25/2016,16:00,42.51,44.63,42.24,44.38,766652.0
05/26/2016,16:00,44.1,44.99,43.51,43.66,728981.0
05/27/2016,16:00,43.93,44.30,43.01,44.15,412072.0
05/31/2016,16:00,44.63,45.96,44.62,45.25,731370.0
06/01/2016,16:00,44.84,46.16,44.79,45.5,765551.0
06/02/2016,16:00,45.31,47.9,45.31,47.87,661491.0
06/03/2016,16:00,47.01,47.52,44.80,45.0,708979.0
06/06/2016,16:00,45.49,47.97,44.32,47.77,793626.0
06/07/2016,16:00,47.41,47.96,46.18,46.5,576526.0
06/08/2016,16:00,46.61,47.85,46.11,46.83,478016.0
06/09/2016,16:00,46.43,46.79,45.0,45.51,685148.0
06/10/2016,16:00,44.4,44.4,40.92,41.59,1152620.0
06/13/2016,16:00,41.35,42.8,40.6,40.82,738046.0
06/14/2016,16:00,40.96,41.84,39.51,40.08,608130.0
06/15/2016,16:00,40.39,42.17,39.86,40.63,775256.0
06/16/2016,16:00,40.18,41.2,39.22,41.01,707223.0
06/17/2016,16:00,41.25,41.25,39.33,39.77,1428216.0
06/20/2016,16:00,40.51,42.45,39.41,41.18,842798.0
06/21/2016,16:00,41.48,41.78,39.33,39.79,988068.0
06/22/2016,16:00,39.86,42.13,38.57,40.22,1112565.0
06/23/2016,16:00,40.83,42.37,39.99,42.25,988019.0
06/24/2016,16:00,39.66,41.68,39.66,40.77,4089325.0
06/27/2016,16:00,40.8,41.95,36.62,36.67,1296757.0
06/28/2016,16:00,37.51,39.84,37.51,39.71,965318.0
06/29/2016,16:00,40.45,42.28,38.99,42.23,1164269.0
06/30/2016,16:00,42.21,44.0,41.11,43.29,1527797.0
07/01/2016,16:00,43.25,45.87,43.25,45.65,880801.0
07/05/2016,16:00,44.99,45.05,43.67,44.53,762208.0
07/06/2016,16:00,43.98,47.92,43.1,47.87,1076901.0
07/07/2016,16:00,47.83,48.91,47.05,48.83,988754.0
07/08/2016,16:00,47.64,49.33,47.5,48.75,1069678.0
07/11/2016,16:00,49.17,50.21,48.58,48.67,1009246.0
07/12/2016,16:00,49.51,50.75,48.75,49.98,842403.0
07/13/2016,16:00,50.74,50.74,46.46,46.52,1016107.0
07/14/2016,16:00,47.04,47.52,45.26,45.55,705739.0
07/15/2016,16:00,45.67,46.15,44.88,45.82,705733.0
07/18/2016,16:00,45.97,47.37,45.5,46.56,558859.0
07/19/2016,16:00,46.36,46.50,44.36,44.98,929355.0
07/20/2016,16:00,45.51,48.37,44.3,48.09,1188542.0
07/21/2016,16:00,49.5,51.22,48.13,48.88,1158075.0
07/22/2016,16:00,48.82,49.64,47.82,49.31,575841.0
07/25/2016,16:00,49.15,49.27,47.93,49.18,527876.0
07/26/2016,16:00,48.67,50.47,48.08,50.45,757134.0
07/27/2016,16:00,50.58,56.31,50.34,56.12,1389185.0
07/28/2016,16:00,55.99,57.56,54.5,56.09,1047282.0
07/29/2016,16:00,55.81,57.97,55.44,57.18,737302.0
08/01/2016,16:00,57.87,58.49,55.25,56.3,976971.0
08/02/2016,16:00,56.03,56.67,53.27,55.41,866788.0
08/03/2016,16:00,55.11,59.63,54.50,59.41,1104610.0
08/04/2016,16:00,58.0,60.46,53.34,53.81,1812211.0
08/05/2016,16:00,54.0,58.26,54.0,57.8,1276140.0
08/08/2016,16:00,58.03,58.44,54.93,55.46,885948.0
08/09/2016,16:00,55.79,56.71,55.3,56.21,536426.0
08/10/2016,16:00,56.24,56.24,53.27,53.52,718722.0
08/11/2016,16:00,54.19,55.55,52.81,55.48,543478.0
08/12/2016,16:00,55.49,57.06,54.95,56.8,531279.0
08/15/2016,16:00,57.24,59.25,56.77,57.8,843393.0
08/16/2016,16:00,57.54,58.72,56.51,57.54,746944.0
08/17/2016,16:00,57.44,57.53,55.32,55.43,630974.0
08/18/2016,16:00,56.2,57.71,55.85,56.7,750699.0
08/19/2016,16:00,56.68,56.68,53.28,53.73,1257212.0
08/22/2016,16:00,54.21,55.20,53.28,54.71,772198.0
08/23/2016,16:00,55.0,55.55,54.33,54.91,838357.0
08/24/2016,16:00,54.79,57.0,49.95,50.26,1673940.0
08/25/2016,16:00,50.97,53.32,48.54,49.97,1235381.0
08/26/2016,16:00,50.17,51.9,50.0,51.23,899764.0
08/29/2016,16:00,51.4,52.53,50.06,51.85,694713.0
08/30/2016,16:00,51.8,53.43,50.65,50.87,818331.0
08/31/2016,16:00,50.6,51.97,48.53,49.34,1019245.0
09/01/2016,16:00,49.5,50.18,48.67,49.33,595771.0
09/02/2016,16:00,49.65,50.85,48.27,49.05,468750.0
09/06/2016,16:00,49.3,51.0,48.95,50.65,732063.0
09/07/2016,16:00,50.87,52.90,50.87,52.81,673815.0
09/08/2016,16:00,55.52,58.74,55.01,57.51,2365017.0
09/09/2016,16:00,56.3,57.0,53.33,53.43,1123054.0
09/12/2016,16:00,52.95,58.81,52.76,58.81,1466515.0
09/13/2016,16:00,57.78,59.25,57.24,58.28,990595.0
09/14/2016,16:00,59.55,63.29,59.20,62.89,1529653.0
09/15/2016,16:00,65.81,71.61,65.18,70.04,4196411.0
09/16/2016,16:00,69.35,72.11,68.2,71.47,2506521.0
09/19/2016,16:00,71.0,74.95,70.45,70.95,1782992.0
09/20/2016,16:00,71.91,74.74,71.84,73.77,1455760.0
09/21/2016,16:00,74.68,74.9,69.84,73.81,1507769.0
09/22/2016,16:00,74.77,74.88,71.68,73.3,1498981.0
09/23/2016,16:00,73.02,74.26,70.93,71.68,1194751.0
09/26/2016,16:00,70.88,71.78,70.14,71.27,936076.0
09/27/2016,16:00,71.84,74.62,70.54,72.97,1379628.0
09/28/2016,16:00,72.69,72.92,68.40,69.11,1707236.0
09/29/2016,16:00,69.0,69.78,65.53,66.41,1494643.0
09/30/2016,16:00,67.05,68.85,65.68,67.78,1149692.0
10/03/2016,16:00,67.23,68.82,66.48,67.92,1117405.0
10/04/2016,16:00,67.87,71.12,67.8,69.55,1282508.0
10/05/2016,16:00,69.92,73.95,69.61,73.12,1131322.0
10/06/2016,16:00,71.71,72.56,68.69,70.0,1405894.0
10/07/2016,16:00,70.44,71.83,68.71,69.67,940729.0
10/10/2016,16:00,70.39,73.93,69.71,73.59,1301924.0
10/11/2016,16:00,73.3,74.71,68.74,70.03,1682050.0
10/12/2016,16:00,69.85,71.38,65.37,65.55,1673563.0
10/13/2016,16:00,64.3,66.84,63.25,65.24,1578814.0
10/14/2016,16:00,62.52,63.87,56.53,56.57,4144106.0
10/17/2016,16:00,56.9,57.8,54.25,55.5,1521762.0
10/18/2016,16:00,56.6,57.25,54.5,54.9,1196605.0
10/19/2016,16:00,54.6,54.9,52.45,52.75,1156617.0
10/20/2016,16:00,52.2,54.75,52.0,54.65,1071795.0
10/21/2016,16:00,54.4,55.3,53.31,53.6,680167.0
10/24/2016,16:00,53.85,54.35,51.4,52.15,867872.0
10/25/2016,16:00,52.3,53.32,51.7,52.35,699980.0
10/26/2016,16:00,52.5,53.25,50.5,51.45,872624.0
10/27/2016,16:00,52.0,52.4,48.75,49.1,1344307.0
10/28/2016,16:00,48.4,50.65,46.8,49.75,1131414.0
10/31/2016,16:00,49.7,49.9,47.65,47.75,799820.0
11/01/2016,16:00,47.95,49.35,46.95,48.4,714718.0
11/02/2016,16:00,48.1,48.7,46.35,46.4,882402.0
11/03/2016,16:00,45.05,46.05,37.05,41.3,7007116.0
11/04/2016,16:00,41.45,42.8,41.25,42.55,1085965.0
11/07/2016,16:00,43.9,45.8,43.05,44.9,1171440.0
11/08/2016,16:00,44.2,47.25,44.06,46.1,1083703.0
11/09/2016,16:00,48.5,53.8,48.2,52.6,2179307.0
11/10/2016,16:00,54.0,56.8,51.55,54.75,1665095.0
11/11/2016,16:00,53.6,57.05,53.5,56.85,1091258.0
11/14/2016,16:00,57.15,62.75,55.65,62.65,1524481.0
11/15/2016,16:00,62.2,64.0,60.2,63.6,945657.0
11/16/2016,16:00,63.25,64.85,59.6,59.62,1027810.0
11/17/2016,16:00,59.65,63.75,58.50,61.65,1047089.0
11/18/2016,16:00,62.15,63.16,61.1,62.0,927519.0
11/21/2016,16:00,62.1,63.55,61.45,62.5,865119.0
11/22/2016,16:00,62.95,64.4,60.3,60.95,1230304.0
11/23/2016,16:00,58.0,62.55,56.8,62.5,992930.0
11/25/2016,16:00,62.8,64.1,61.0,63.95,505529.0
11/28/2016,16:00,63.3,63.7,60.18,60.65,998740.0
11/29/2016,16:00,60.85,67.3,60.7,64.4,2297430.0
11/30/2016,16:00,64.5,67.05,60.3,60.35,2047052.0
12/01/2016,16:00,74.5,76.75,66.4,68.65,6758343.0
12/02/2016,16:00,73.95,71.7,67.5,69.75,1454771.0
12/05/2016,16:00,70.7,72.95,70.05,72.15,1335832.0
12/06/2016,16:00,72.0,79.7,71.30,78.95,2268938.0
12/07/2016,16:00,75.3,75.45,70.0,70.5,4681441.0
12/08/2016,16:00,70.65,72.15,67.55,71.8,1791007.0
12/09/2016,16:00,72.45,73.8,69.4,69.5,1129533.0
12/12/2016,16:00,69.0,70.65,67.6,70.0,840083.0
12/13/2016,16:00,70.65,71.1,68.35,68.55,844632.0
12/14/2016,16:00,68.6,70.6,67.64,69.0,978385.0
12/15/2016,16:00,69.25,71.3,69.0,71.25,1018570.0
12/16/2016,16:00,71.25,73.8,71.15,71.2,2017070.0
12/19/2016,16:00,71.05,72.35,66.1,67.05,1423724.0
12/20/2016,16:00,67.25,68.85,65.9,67.1,766208.0
12/21/2016,16:00,67.1,67.1,63.8,64.25,752397.0
12/22/2016,16:00,64.2,65.1,62.2,62.5,539660.0
12/23/2016,16:00,62.65,65.31,62.65,64.65,579687.0
12/27/2016,16:00,64.7,66.6,64.55,64.85,517026.0
12/28/2016,16:00,64.85,65.3,62.3,62.7,526615.0
12/29/2016,16:00,63.0,63.5,61.4,62.1,507189.0
12/30/2016,16:00,62.2,63.0,61.3,61.7,620558.0
01/03/2017,16:00,62.45,64.4,60.95,61.85,852978.0
01/04/2017,16:00,62.15,68.1,62.15,67.65,1053053.0
01/05/2017,16:00,67.05,68.5,66.5,67.5,620273.0
01/06/2017,16:00,67.7,69.9,67.7,68.2,657646.0
01/09/2017,16:00,69.2,69.5,66.7,68.8,646365.0
01/10/2017,16:00,69.25,69.45,66.25,68.25,658378.0
01/11/2017,16:00,68.25,68.67,64.15,65.05,915443.0
01/12/2017,16:00,64.35,67.4,63.1,66.2,548719.0
01/13/2017,16:00,66.25,68.5,65.95,66.75,723888.0
01/17/2017,16:00,65.7,66.5,63.9,65.0,613701.0
01/18/2017,16:00,65.35,67.8,64.65,67.6,427647.0
01/19/2017,16:00,67.25,67.65,65.6,66.45,487233.0
01/20/2017,16:00,66.45,67.0,64.6,65.4,573519.0
01/23/2017,16:00,65.0,66.15,64.15,65.35,571792.0
01/24/2017,16:00,65.45,67.95,64.65,67.6,559997.0
01/25/2017,16:00,68.1,68.75,66.65,67.8,454255.0
01/26/2017,16:00,67.9,69.45,67.35,68.45,360386.0
01/27/2017,16:00,68.55,71.1,68.35,71.1,495327.0
01/30/2017,16:00,70.4,70.65,67.4,68.6,554772.0
01/31/2017,16:00,67.95,75.25,67.1,74.5,1107123.0
02/01/2017,16:00,74.65,76.3,73.15,75.6,784230.0
02/02/2017,16:00,74.65,76.95,74.1,76.7,595541.0
02/03/2017,16:00,77.0,78.8,75.15,78.65,497930.0
02/06/2017,16:00,76.5,78.55,75.4,77.9,819349.0
02/07/2017,16:00,77.6,78.1,72.8,73.7,991450.0
02/08/2017,16:00,73.35,74.6,71.25,73.6,584277.0
02/09/2017,16:00,73.5,75.75,73.5,75.75,542337.0
02/10/2017,16:00,75.7,77.85,75.4,75.7,561168.0
02/13/2017,16:00,76.15,76.95,74.5,76.45,407284.0
02/14/2017,16:00,76.15,80.2,75.8,79.3,821880.0
02/15/2017,16:00,80.05,81.25,78.05,79.25,617791.0
02/16/2017,16:00,79.45,80.5,75.2,76.55,1085401.0
02/17/2017,16:00,76.4,77.55,75.1,77.1,668939.0
02/21/2017,16:00,77.65,78.7,74.95,76.25,666461.0
02/22/2017,16:00,76.05,76.85,73.95,74.0,542863.0
02/23/2017,16:00,74.9,79.7,74.4,78.3,1185278.0
02/24/2017,16:00,77.35,82.75,76.7,82.0,779134.0
02/27/2017,16:00,82.1,88.75,82.1,87.85,1647934.0
02/28/2017,16:00,88.05,89.8,86.15,87.65,1064994.0
03/01/2017,16:00,89.15,92.95,88.55,92.8,1080579.0
03/02/2017,16:00,93.95,94.75,86.25,87.0,1168149.0
03/03/2017,16:00,87.35,88.69,84.2,84.95,810522.0
03/06/2017,16:00,84.8,85.6,82.3,83.5,757993.0
03/07/2017,16:00,82.9,84.7,81.0,82.3,774959.0
03/08/2017,16:00,82.75,88.1,82.5,84.5,915445.0
03/09/2017,16:00,84.75,88.2,84.7,86.8,679009.0
03/10/2017,16:00,87.35,88.95,85.82,88.55,586088.0
03/13/2017,16:00,88.55,90.91,87.78,90.5,593848.0
03/14/2017,16:00,89.85,92.73,88.5,92.0,671850.0
03/15/2017,16:00,92.65,98.75,92.40,97.85,1264616.0
03/16/2017,16:00,98.0,100.4,92.45,92.75,1221115.0
03/17/2017,16:00,92.15,96.25,91.15,92.4,1071198.0
03/20/2017,16:00,92.4,93.2,89.34,91.5,654428.0
03/21/2017,16:00,92.2,93.5,84.0,84.05,959595.0
03/22/2017,16:00,84.05,88.75,83.10,86.3,707070.0
03/23/2017,16:00,86.55,91.25,86.5,86.95,861932.0
03/24/2017,16:00,87.5,89.6,86.5,88.1,518470.0
03/27/2017,16:00,86.3,94.35,85.2,94.05,910402.0
03/28/2017,16:00,94.0,94.9,90.0,91.2,583621.0
03/29/2017,16:00,91.65,95.0,91.05,91.1,578867.0
03/30/2017,16:00,90.9,92.1,89.8,91.7,503459.0
03/31/2017,16:00,91.7,92.65,90.6,90.9,403996.0
04/03/2017,16:00,91.05,91.55,88.3,88.55,596659.0
04/04/2017,16:00,88.3,89.55,86.7,87.8,389899.0
04/05/2017,16:00,88.2,89.35,83.25,84.3,633922.0
04/06/2017,16:00,84.55,85.85,83.3,84.9,573966.0
04/07/2017,16:00,84.55,87.5,83.95,87.4,554809.0
04/10/2017,16:00,87.55,90.2,86.2,86.4,479150.0
04/11/2017,16:00,86.55,87.5,83.8,85.15,500799.0
04/12/2017,16:00,85.05,86.4,84.1,84.15,402530.0
04/13/2017,16:00,84.05,87.2,83.6,86.2,583087.0
04/17/2017,16:00,86.3,89.1,85.4,88.25,413899.0
04/18/2017,16:00,88.0,88.75,83.45,83.6,1009950.0
04/19/2017,16:00,84.95,87.1,83.7,83.95,648890.0
04/20/2017,16:00,84.35,84.9,79.35,83.0,988763.0
04/21/2017,16:00,82.85,83.40,81.7,82.4,453834.0
04/24/2017,16:00,83.9,85.8,83.9,85.65,586228.0
04/25/2017,16:00,86.6,89.15,86.45,87.75,501332.0
04/26/2017,16:00,87.75,89.55,86.35,88.65,388121.0
04/27/2017,16:00,89.6,91.7,88.65,89.05,502749.0
04/28/2017,16:00,89.8,90.15,87.83,88.95,271382.0
05/01/2017,16:00,89.1,90.65,87.05,90.6,273282.0
05/02/2017,16:00,90.95,91.45,87.3,88.15,454936.0
05/03/2017,16:00,88.1,88.65,86.8,87.25,282678.0
05/04/2017,16:00,88.25,94.0,88.25,93.2,922830.0
05/05/2017,16:00,93.1,93.5,88.25,90.3,548348.0
05/08/2017,16:00,89.7,91.8,86.67,88.8,555450.0
05/09/2017,16:00,89.1,90.5,88.1,88.95,560733.0
05/10/2017,16:00,88.95,91.4,87.85,90.45,388735.0
05/11/2017,16:00,89.95,89.95,86.8,87.15,570564.0
05/12/2017,16:00,87.1,87.85,86.5,87.5,880915.0
05/15/2017,16:00,88.05,89.65,87.15,88.55,625206.0
05/16/2017,16:00,88.6,89.77,87.85,88.6,546230.0
05/17/2017,16:00,87.1,88.0,85.55,86.1,577133.0
05/18/2017,16:00,86.05,91.15,85.8,88.45,783945.0
05/19/2017,16:00,88.25,88.9,81.15,82.45,1139296.0
05/22/2017,16:00,82.6,83.4,77.3,78.95,1021221.0
05/23/2017,16:00,78.9,80.55,75.69,80.35,876476.0
05/24/2017,16:00,80.35,80.35,77.35,79.75,465589.0
05/25/2017,16:00,80.0,80.65,78.6,79.8,511050.0
05/26/2017,16:00,79.75,81.5,78.2,78.7,582401.0
05/30/2017,16:00,78.55,79.35,77.6,78.05,557372.0
05/31/2017,16:00,78.75,78.75,74.62,75.35,853551.0
06/01/2017,16:00,76.0,80.75,74.45,79.2,952539.0
06/02/2017,16:00,82.65,84.15,80.2,84.15,900301.0
06/05/2017,16:00,90.0,93.48,87.6,91.3,2307804.0
06/06/2017,16:00,93.45,104.9,93.45,98.2,3623038.0
06/07/2017,16:00,100.05,109.45,98.5,109.15,2655407.0
06/08/2017,16:00,110.5,111.05,104.6,111.0,1690749.0
06/09/2017,16:00,110.0,116.9,107.3,111.9,2054992.0
06/12/2017,16:00,111.7,111.9,102.7,109.8,1608227.0
06/13/2017,16:00,110.0,112.75,106.75,112.6,920662.0
06/14/2017,16:00,112.6,114.63,110.77,112.05,702156.0
06/15/2017,16:00,110.15,112.45,107.73,110.4,845975.0
06/16/2017,16:00,110.1,111.2,107.3,108.75,1540738.0
06/19/2017,16:00,109.95,113.25,108.8,112.65,780985.0
06/20/2017,16:00,114.05,120.95,112.65,113.0,1787246.0
06/21/2017,16:00,114.9,120.35,113.65,120.3,1094990.0
06/22/2017,16:00,121.85,123.75,117.75,118.5,1199463.0
06/23/2017,16:00,110.35,113.3,104.9,112.0,3067525.0
06/26/2017,16:00,110.85,113.8,109.6,111.1,839058.0
06/27/2017,16:00,108.5,111.65,106.75,106.9,1289750.0
06/28/2017,16:00,105.15,110.4,102.5,109.1,2873542.0
06/29/2017,16:00,109.25,110.95,106.0,108.25,1046248.0
06/30/2017,16:00,106.6,108.0,104.9,105.05,1123831.0
07/03/2017,16:00,105.55,107.84,104.95,105.3,713007.0
07/05/2017,16:00,105.3,107.75,104.05,105.15,1109530.0
07/06/2017,16:00,104.15,105.0,99.75,100.8,1352411.0
07/07/2017,16:00,101.45,101.75,98.8,99.8,929543.0
07/10/2017,16:00,99.5,100.8,93.1,94.0,1785577.0
07/11/2017,16:00,94.15,96.0,93.55,94.85,893970.0
07/12/2017,16:00,95.35,96.5,93.83,95.7,762088.0
07/13/2017,16:00,96.65,97.25,93.6,96.0,761955.0
07/14/2017,16:00,95.9,98.5,95.45,95.8,749405.0
07/17/2017,16:00,95.8,97.65,94.2,94.9,669223.0
07/18/2017,16:00,94.35,95.4,93.15,93.85,559651.0
07/19/2017,16:00,94.45,97.3,93.9,97.3,600008.0
07/20/2017,16:00,97.45,98.25,95.55,95.8,518793.0
07/21/2017,16:00,96.4,96.46,94.25,96.05,423500.0
07/24/2017,16:00,96.15,100.45,95.5,99.85,842247.0
07/25/2017,16:00,100.75,102.9,98.35,98.8,861608.0
07/26/2017,16:00,99.75,101.2,98.5,99.5,450711.0
07/27/2017,16:00,100.65,100.79,95.25,95.85,734549.0
07/28/2017,16:00,95.45,97.69,94.8,96.7,475226.0
07/31/2017,16:00,96.8,97.4,93.85,94.25,421369.0
08/01/2017,16:00,95.0,95.0,87.93,89.15,950140.0
08/02/2017,16:00,89.0,91.99,87.40,90.85,706852.0
08/03/2017,16:00,90.2,93.45,85.65,93.35,931455.0
08/04/2017,16:00,93.85,96.55,92.9,95.05,589516.0
08/07/2017,16:00,95.2,99.05,94.4,98.65,666833.0
08/08/2017,16:00,98.65,99.17,96.3,97.3,440491.0
08/09/2017,16:00,96.35,98.8,94.25,97.0,469788.0
08/10/2017,16:00,95.8,96.95,89.9,90.05,667364.0
08/11/2017,16:00,90.7,94.15,90.45,93.95,548738.0
08/14/2017,16:00,95.0,97.7,95.0,96.6,414577.0
08/15/2017,16:00,96.6,98.55,95.7,97.05,312482.0
08/16/2017,16:00,97.3,97.8,95.65,97.1,334060.0
08/17/2017,16:00,96.2,97.4,93.05,93.25,446965.0
08/18/2017,16:00,92.8,94.1,90.75,92.45,493629.0
08/21/2017,16:00,92.6,93.5,91.15,92.65,469690.0
08/22/2017,16:00,93.2,96.15,92.85,95.45,362380.0
08/23/2017,16:00,94.25,97.9,93.5,95.85,335204.0
08/24/2017,16:00,96.35,98.95,94.3,98.6,375911.0
08/25/2017,16:00,98.85,99.2,96.9,97.85,402316.0
08/28/2017,16:00,107.0,109.3,104.6,106.25,1403883.0
08/29/2017,16:00,104.65,105.7,102.3,102.4,1075028.0
08/30/2017,16:00,102.8,115.7,102.8,112.5,1880343.0
08/31/2017,16:00,114.65,125.6,114.55,124.85,2777587.0
09/01/2017,16:00,126.6,133.1,125.6,130.85,2416895.0
09/05/2017,16:00,127.85,129.9,120.2,125.45,2049908.0
09/06/2017,16:00,126.5,129.95,123.35,126.5,1121838.0
09/07/2017,16:00,127.9,129.9,124.80,129.2,891650.0
09/08/2017,16:00,128.2,128.21,124.15,124.8,654777.0
09/11/2017,16:00,125.55,128.30,124.8,126.9,727080.0
09/12/2017,16:00,126.85,129.55,124.75,127.9,753926.0
09/13/2017,16:00,127.9,130.15,125.8,126.3,707721.0
09/14/2017,16:00,126.45,136.85,126.20,131.85,1459798.0
09/15/2017,16:00,132.1,132.3,128.0,131.6,1085837.0
09/18/2017,16:00,131.5,133.46,130.4,133.05,855922.0
09/19/2017,16:00,131.65,132.6,128.5,130.3,551325.0
09/20/2017,16:00,130.3,133.0,127.90,130.8,740685.0
09/21/2017,16:00,130.6,131.15,127.5,127.85,564954.0
09/22/2017,16:00,127.55,130.5,127.0,128.75,480331.0
09/25/2017,16:00,128.25,132.6,127.47,130.5,601115.0
09/26/2017,16:00,130.5,131.5,125.76,126.65,596205.0
09/27/2017,16:00,127.9,130.7,126.45,128.6,597925.0
09/28/2017,16:00,128.65,142.4,128.65,141.15,1525023.0
09/29/2017,16:00,143.1,143.5,133.35,137.35,1213066.0
10/02/2017,16:00,132.0,132.2,119.9,125.45,2061076.0
10/03/2017,16:00,124.05,129.89,120.5,127.55,1103078.0
10/04/2017,16:00,128.2,131.7,125.2,129.4,660274.0
10/05/2017,16:00,129.0,129.69,124.47,126.0,691270.0
10/06/2017,16:00,128.0,128.75,125.72,127.75,504989.0
10/09/2017,16:00,130.0,132.15,127.5,131.5,586553.0
10/10/2017,16:00,131.8,132.1,127.5,131.65,616320.0
10/11/2017,16:00,129.5,131.55,125.3,125.45,1008917.0
10/12/2017,16:00,126.15,131.82,125.6,130.2,845536.0
10/13/2017,16:00,131.2,133.3,130.2,131.7,435113.0
10/16/2017,16:00,134.1,143.4,132.45,143.3,1135646.0
10/17/2017,16:00,144.0,145.4,138.75,140.2,662958.0
10/18/2017,16:00,141.2,141.8,136.75,139.1,494708.0
10/19/2017,16:00,137.65,140.0,136.3,139.45,509859.0
10/20/2017,16:00,140.4,145.2,138.6,142.55,879002.0
10/23/2017,16:00,144.0,145.7,140.25,140.35,706208.0
10/24/2017,16:00,139.35,143.5,137.8,141.25,645393.0
10/25/2017,16:00,142.0,142.05,138.07,139.45,582120.0
10/26/2017,16:00,137.0,141.5,133.2,136.6,732412.0
10/27/2017,16:00,137.0,140.8,136.1,140.8,880025.0
10/30/2017,16:00,140.8,144.5,139.5,141.6,450373.0
10/31/2017,16:00,142.2,142.75,138.06,139.1,580890.0
11/01/2017,16:00,144.0,161.82,142.65,142.95,2447676.0
11/02/2017,16:00,147.1,158.1,145.0,154.05,1379087.0
11/03/2017,16:00,158.25,164.8,155.7,156.25,1240575.0
11/06/2017,16:00,153.0,155.4,143.55,144.75,1357877.0
11/07/2017,16:00,145.4,148.0,143.8,146.7,651448.0
11/09/2017,16:00,146.25,153.45,145.0,150.35,624508.0
11/10/2017,16:00,149.1,152.24,147.25,151.75,481807.0
11/13/2017,16:00,151.5,155.9,149.47,154.55,548870.0
11/14/2017,16:00,153.75,159.15,151.4,158.35,737366.0
11/15/2017,16:00,156.9,158.65,153.15,156.9,850522.0
11/16/2017,16:00,158.6,164.1,158.0,160.15,804233.0
11/17/2017,16:00,159.1,164.5,158.13,163.2,482407.0
11/20/2017,16:00,163.7,165.52,161.55,165.4,401809.0
11/21/2017,16:00,166.3,169.6,165.65,167.25,489033.0
11/22/2017,16:00,167.65,169.1,165.25,167.2,362188.0
11/24/2017,16:00,168.9,170.2,167.05,167.8,239648.0
11/27/2017,16:00,168.55,170.3,166.2,167.75,408745.0
11/28/2017,16:00,167.95,168.7,162.95,166.45,440629.0
11/29/2017,16:00,167.95,174.25,165.35,167.3,720060.0
11/30/2017,16:00,169.65,174.55,169.0,172.8,543185.0
12/01/2017,16:00,172.15,174.65,162.3,171.1,630493.0
12/04/2017,16:00,172.15,174.6,161.45,162.3,716249.0
12/05/2017,16:00,163.85,167.15,161.4,162.65,561294.0
12/06/2017,16:00,162.1,164.75,154.6,159.4,957192.0
12/07/2017,16:00,160.0,171.5,160.0,167.9,761363.0
12/08/2017,16:00,168.8,174.78,168.8,171.15,717299.0
12/11/2017,16:00,221.55,222.02,194.6,201.8,5066954.0
12/12/2017,16:00,198.45,203.6,190.6,190.95,2314339.0
12/13/2017,16:00,185.1,188.9,181.0,184.9,4043801.0
12/14/2017,16:00,186.75,188.00,182.0,184.35,1715032.0
12/15/2017,16:00,184.35,185.05,177.05,182.95,1719045.0
12/18/2017,16:00,184.7,187.0,181.9,184.35,793620.0
12/19/2017,16:00,184.35,185.7,180.6,182.1,544917.0
12/20/2017,16:00,182.95,187.71,182.5,185.25,396732.0
12/21/2017,16:00,185.5,187.25,184.25,185.35,407851.0
12/22/2017,16:00,184.45,184.45,172.5,179.55,1625722.0
12/26/2017,16:00,179.95,182.0,178.75,181.1,379845.0
12/27/2017,16:00,181.45,182.94,177.9,179.9,449752.0
12/28/2017,16:00,180.9,180.95,177.1,179.7,449159.0
12/29/2017,16:00,179.7,182.2,177.0,178.1,499758.0
01/02/2018,16:00,179.85,183.8,174.1,181.9,494146.0
01/03/2018,16:00,182.4,182.75,177.6,179.75,511531.0
01/04/2018,16:00,181.85,181.85,174.7,177.1,597093.0
01/05/2018,16:00,176.15,178.8,172.69,175.0,678164.0
01/08/2018,16:00,174.6,175.95,168.2,170.1,671420.0
01/09/2018,16:00,170.9,175.62,169.25,169.5,941813.0
01/10/2018,16:00,169.1,172.55,165.5,171.95,638003.0
01/11/2018,16:00,172.9,174.2,170.05,171.65,421838.0
01/12/2018,16:00,171.35,174.4,170.5,170.7,631195.0
01/16/2018,16:00,171.2,171.7,161.15,163.35,1750262.0
01/17/2018,16:00,173.0,180.5,166.55,175.25,1801911.0
01/18/2018,16:00,174.05,182.45,172.6,182.1,1036778.0
01/19/2018,16:00,181.35,182.1,175.5,175.95,733163.0
01/22/2018,16:00,183.35,200.0,178.2,194.65,2523228.0
01/23/2018,16:00,194.65,200.8,188.55,200.2,1579000.0
01/24/2018,16:00,202.5,210.8,200.2,207.45,1391930.0
01/25/2018,16:00,204.6,209.74,198.4,203.9,1197290.0
01/26/2018,16:00,205.0,206.2,198.75,200.25,795752.0
01/29/2018,16:00,201.9,204.81,199.30,202.35,617790.0
01/30/2018,16:00,199.2,205.3,192.0,203.62,847184.0
01/31/2018,16:00,203.4,209.75,201.90,204.9,724102.0
02/01/2018,16:00,203.4,214.7,202.15,205.25,751102.0
02/02/2018,16:00,201.55,203.84,197.65,198.9,777778.0
02/05/2018,16:00,197.55,201.3,192.25,193.4,987734.0
02/06/2018,16:00,188.85,198.8,181.25,197.9,745775.0
02/07/2018,16:00,197.85,215.0,195.7,202.9,1335870.0
02/08/2018,16:00,204.75,206.9,190.8,191.1,856929.0
02/09/2018,16:00,192.9,196.95,179.05,191.72,948445.0
02/12/2018,16:00,193.3,199.9,190.85,197.5,558752.0
02/13/2018,16:00,195.85,202.8,194.7,199.6,459258.0
02/14/2018,16:00,198.6,209.6,198.6,207.25,623140.0
02/15/2018,16:00,208.65,208.98,200.6,208.65,437208.0
02/16/2018,16:00,206.05,213.7,205.36,213.35,635914.0
02/20/2018,16:00,212.9,214.7,204.3,205.45,586084.0
02/21/2018,16:00,206.75,213.2,206.75,207.4,299426.0
02/22/2018,16:00,205.0,206.65,195.05,201.2,1084728.0
02/23/2018,16:00,203.65,206.35,199.65,206.05,423373.0
02/26/2018,16:00,206.9,208.38,199.75,201.15,541160.0
02/27/2018,16:00,200.4,204.35,199.4,203.15,406016.0
02/28/2018,16:00,202.65,206.4,201.0,201.0,408925.0
03/01/2018,16:00,201.5,205.8,197.65,203.15,624964.0
03/02/2018,16:00,200.55,208.4,198.50,206.1,485501.0
03/05/2018,16:00,206.5,217.95,206.15,215.5,651917.0
03/06/2018,16:00,215.4,219.55,211.1,219.35,1473317.0
03/07/2018,16:00,217.5,227.35,216.15,225.4,685266.0
03/08/2018,16:00,225.2,231.6,221.15,225.95,584975.0
03/09/2018,16:00,227.1,234.25,224.0,231.95,625443.0
03/12/2018,16:00,233.15,234.9,229.0,233.05,383300.0
03/13/2018,16:00,233.95,236.16,222.57,223.35,615180.0
03/14/2018,16:00,224.65,226.49,216.2,220.2,592993.0
03/15/2018,16:00,220.2,220.2,210.1,214.65,706858.0
03/16/2018,16:00,210.3,211.8,198.25,199.8,2006349.0
03/19/2018,16:00,198.05,200.61,189.1,194.95,950376.0
03/20/2018,16:00,194.55,195.0,177.7,189.3,2103132.0
03/21/2018,16:00,191.3,192.45,183.1,184.6,1060526.0
03/22/2018,16:00,181.2,188.2,181.0,181.3,691760.0
03/23/2018,16:00,180.9,195.75,180.1,189.0,1222858.0
03/26/2018,16:00,192.15,194.1,182.05,188.95,801011.0
03/27/2018,16:00,189.55,190.12,174.05,175.2,1245215.0
